{
 "avertissements": [],
 "j14-principal": {
  "d5": {
   "bornes_censure": {
    "calme": {
     "s": 1027,
     "z_bas": "6.6847066755248116582992043905711055388722662948776",
     "z_bloc_bas": "2.5247515582724642932054434756428794897548590829571",
     "z_bloc_haut": "89.163678197296781703467703156814380791683555111320",
     "z_haut": "236.07591523486194994425408663265019090739357188588"
    },
    "stress": null
   },
   "fenetres_sautees": {
    "calme": 1027,
    "stress": 1819
   },
   "fenetres_sautees_vivant": {
    "calme": 6
   }
  },
  "etiquette": "hors décision, non confirmatoire (ADR-0028 D4, §1 bis.1 pt 9) ; plage D5 non passée : hors du segment (D2 pt 6 l'applique au J28)",
  "lm": {
   "N": 11,
   "pool": [
    "binance",
    "coinbase",
    "kraken",
    "okx_ticker",
    "okx_index",
    "bitstamp",
    "gemini",
    "bitfinex",
    "coingecko",
    "defillama",
    "chainlink"
   ],
   "strates": {
    "calme": {
     "E_theta": "0.0055879213884149201579845414437502974106578383853490",
     "E_theta2": "0.00077224801669578458631027239417279049373568180118687",
     "N": 11,
     "Var_theta": "0.00074102315125267965731587191922147920524013281066488",
     "caveat_non_eval": "m_j ne compte que les vrais écarts (panne ∨ staleness ∨ hors-env) ; NON_EVAL hors-env compté 0 comme dans p̂ (fail-closed de publication, 10 §5.2)",
     "n": 13373,
     "pair_phi": {
      "binance×bitfinex": {
       "n00": 13097,
       "n01": 1,
       "n10": 265,
       "n11": 10,
       "phi": "0.17963513520378607971446701270713567391062982053554",
       "signe": "+"
      },
      "binance×bitstamp": {
       "n00": 12844,
       "n01": 254,
       "n10": 245,
       "n11": 30,
       "phi": "0.088296252701412489785060398424330262606518103980123",
       "signe": "+"
      },
      "binance×chainlink": {
       "n00": 13075,
       "n01": 23,
       "n10": 266,
       "n11": 9,
       "phi": "0.089961938586956025394543465580045197500353954700038",
       "signe": "+"
      },
      "binance×coinbase": {
       "n00": 13076,
       "n01": 22,
       "n10": 260,
       "n11": 15,
       "phi": "0.14283349576240430304224652716129554265705466515035",
       "signe": "+"
      },
      "binance×coingecko": {
       "n00": 13075,
       "n01": 23,
       "n10": 263,
       "n11": 12,
       "phi": "0.11633220898311372519860919023281214483534583302043",
       "signe": "+"
      },
      "binance×defillama": {
       "n00": 13056,
       "n01": 42,
       "n10": 262,
       "n11": 13,
       "phi": "0.097717626481638808024248847304409378473228125325356",
       "signe": "+"
      },
      "binance×gemini": {
       "n00": 13089,
       "n01": 9,
       "n10": 265,
       "n11": 10,
       "phi": "0.13442148830542523479950026832660491573068890248720",
       "signe": "+"
      },
      "binance×kraken": {
       "n00": 13097,
       "n01": 1,
       "n10": 264,
       "n11": 11,
       "phi": "0.18922956950520611815686005259447132045024342987830",
       "signe": "+"
      },
      "binance×okx_index": {
       "n00": 13073,
       "n01": 25,
       "n10": 265,
       "n11": 10,
       "phi": "0.095706417563352771050728159268703231896312219388668",
       "signe": "+"
      },
      "binance×okx_ticker": {
       "n00": 13081,
       "n01": 17,
       "n10": 265,
       "n11": 10,
       "phi": "0.11086494883113662774826250644392548476119511968434",
       "signe": "+"
      },
      "bitfinex×chainlink": {
       "n00": 13339,
       "n01": 23,
       "n10": 2,
       "n11": 9,
       "phi": "0.47906901617946014210318181676344212433448488363203",
       "signe": "+"
      },
      "bitfinex×coingecko": {
       "n00": 13336,
       "n01": 26,
       "n10": 2,
       "n11": 9,
       "phi": "0.45800312773372347297010241438631644957595390489196",
       "signe": "+"
      },
      "bitfinex×defillama": {
       "n00": 13316,
       "n01": 46,
       "n10": 2,
       "n11": 9,
       "phi": "0.36496384978178262533551140731589559177525450861610",
       "signe": "+"
      },
      "bitstamp×bitfinex": {
       "n00": 13087,
       "n01": 2,
       "n10": 275,
       "n11": 9,
       "phi": "0.15860080911908575250150821668250980689984705327258",
       "signe": "+"
      },
      "bitstamp×chainlink": {
       "n00": 13067,
       "n01": 22,
       "n10": 274,
       "n11": 10,
       "phi": "0.098942487324072201819315088646177411910931124505129",
       "signe": "+"
      },
      "bitstamp×coingecko": {
       "n00": 13064,
       "n01": 25,
       "n10": 274,
       "n11": 10,
       "phi": "0.093970985261419316373449982801220632001900983212614",
       "signe": "+"
      },
      "bitstamp×defillama": {
       "n00": 13044,
       "n01": 45,
       "n10": 274,
       "n11": 10,
       "phi": "0.071576987427417339108195396958841127730156207945269",
       "signe": "+"
      },
      "bitstamp×gemini": {
       "n00": 13081,
       "n01": 8,
       "n10": 273,
       "n11": 11,
       "phi": "0.14591381538297287232507862998196020500052714620669",
       "signe": "+"
      },
      "coinbase×bitfinex": {
       "n00": 13334,
       "n01": 2,
       "n10": 28,
       "n11": 9,
       "phi": "0.44540441805469787194623092076558199298234356700026",
       "signe": "+"
      },
      "coinbase×bitstamp": {
       "n00": 13067,
       "n01": 269,
       "n10": 22,
       "n11": 15,
       "phi": "0.14035450513018478125722809236873939742849601135960",
       "signe": "+"
      },
      "coinbase×chainlink": {
       "n00": 13313,
       "n01": 23,
       "n10": 28,
       "n11": 9,
       "phi": "0.25965401085857708062659628367746354837984619525318",
       "signe": "+"
      },
      "coinbase×coingecko": {
       "n00": 13311,
       "n01": 25,
       "n10": 27,
       "n11": 10,
       "phi": "0.27593687508764259009816953512140714645073798244929",
       "signe": "+"
      },
      "coinbase×defillama": {
       "n00": 13290,
       "n01": 46,
       "n10": 28,
       "n11": 9,
       "phi": "0.19681173798024342416649462267215648043397922537212",
       "signe": "+"
      },
      "coinbase×gemini": {
       "n00": 13327,
       "n01": 9,
       "n10": 27,
       "n11": 10,
       "phi": "0.37596174371401722019002665691024011002998841535293",
       "signe": "+"
      },
      "coinbase×kraken": {
       "n00": 13336,
       "n01": 0,
       "n10": 25,
       "n11": 12,
       "phi": "0.56896175216588747417669330893385660263086016963677",
       "signe": "+"
      },
      "coinbase×okx_index": {
       "n00": 13312,
       "n01": 24,
       "n10": 26,
       "n11": 11,
       "phi": "0.30380038420945362462365616020675903809181261558475",
       "signe": "+"
      },
      "coinbase×okx_ticker": {
       "n00": 13320,
       "n01": 16,
       "n10": 26,
       "n11": 11,
       "phi": "0.34649024198801023001232508590649743727633251629561",
       "signe": "+"
      },
      "coingecko×chainlink": {
       "n00": 13316,
       "n01": 22,
       "n10": 25,
       "n11": 10,
       "phi": "0.29704874036866071130918250801975353819504384183846",
       "signe": "+"
      },
      "coingecko×defillama": {
       "n00": 13292,
       "n01": 46,
       "n10": 26,
       "n11": 9,
       "phi": "0.20252975375481452731700490721774040665623382354805",
       "signe": "+"
      },
      "defillama×chainlink": {
       "n00": 13295,
       "n01": 23,
       "n10": 46,
       "n11": 9,
       "phi": "0.21208193251926143899685835755083439322211419368079",
       "signe": "+"
      },
      "gemini×bitfinex": {
       "n00": 13352,
       "n01": 2,
       "n10": 10,
       "n11": 9,
       "phi": "0.62215985275226168487084920331508620446549729442473",
       "signe": "+"
      },
      "gemini×chainlink": {
       "n00": 13331,
       "n01": 23,
       "n10": 10,
       "n11": 9,
       "phi": "0.36384819746072982911614124359521262819104031889883",
       "signe": "+"
      },
      "gemini×coingecko": {
       "n00": 13328,
       "n01": 26,
       "n10": 10,
       "n11": 9,
       "phi": "0.34777892343365215151984254437238675312075838711693",
       "signe": "+"
      },
      "gemini×defillama": {
       "n00": 13308,
       "n01": 46,
       "n10": 10,
       "n11": 9,
       "phi": "0.27675838604872539012841411064045839459112312087089",
       "signe": "+"
      },
      "kraken×bitfinex": {
       "n00": 13359,
       "n01": 2,
       "n10": 3,
       "n11": 9,
       "phi": "0.78316379904678137171928108521312894890315846235913",
       "signe": "+"
      },
      "kraken×bitstamp": {
       "n00": 13088,
       "n01": 273,
       "n10": 1,
       "n11": 11,
       "phi": "0.18613118737499466341716673319795974510006546879357",
       "signe": "+"
      },
      "kraken×chainlink": {
       "n00": 13338,
       "n01": 23,
       "n10": 3,
       "n11": 9,
       "phi": "0.45856851444343513317665778539922711709979397795085",
       "signe": "+"
      },
      "kraken×coingecko": {
       "n00": 13335,
       "n01": 26,
       "n10": 3,
       "n11": 9,
       "phi": "0.43839308768003010995741090233506925183613178739430",
       "signe": "+"
      },
      "kraken×defillama": {
       "n00": 13315,
       "n01": 46,
       "n10": 3,
       "n11": 9,
       "phi": "0.34927886785119156378398692031734337477589552286044",
       "signe": "+"
      },
      "kraken×gemini": {
       "n00": 13352,
       "n01": 9,
       "n10": 2,
       "n11": 10,
       "phi": "0.66190426652869442449876778719472495105306428873856",
       "signe": "+"
      },
      "kraken×okx_index": {
       "n00": 13337,
       "n01": 24,
       "n10": 1,
       "n11": 11,
       "phi": "0.53615492533721751101730828174137224598813809725405",
       "signe": "+"
      },
      "kraken×okx_ticker": {
       "n00": 13345,
       "n01": 16,
       "n10": 1,
       "n11": 11,
       "phi": "0.61065564646313198468638063860719001670422017042099",
       "signe": "+"
      },
      "okx_index×bitfinex": {
       "n00": 13336,
       "n01": 2,
       "n10": 26,
       "n11": 9,
       "phi": "0.45800312773372347297010241438631644957595390489196",
       "signe": "+"
      },
      "okx_index×bitstamp": {
       "n00": 13064,
       "n01": 274,
       "n10": 25,
       "n11": 10,
       "phi": "0.093970985261419316373449982801220632001900983212614",
       "signe": "+"
      },
      "okx_index×chainlink": {
       "n00": 13315,
       "n01": 23,
       "n10": 26,
       "n11": 9,
       "phi": "0.26709298435516173165200961246324826659952071917120",
       "signe": "+"
      },
      "okx_index×coingecko": {
       "n00": 13312,
       "n01": 26,
       "n10": 26,
       "n11": 9,
       "phi": "0.25519353940406571985519353940406571985519353940407",
       "signe": "+"
      },
      "okx_index×defillama": {
       "n00": 13292,
       "n01": 46,
       "n10": 26,
       "n11": 9,
       "phi": "0.20252975375481452731700490721774040665623382354805",
       "signe": "+"
      },
      "okx_index×gemini": {
       "n00": 13328,
       "n01": 10,
       "n10": 26,
       "n11": 9,
       "phi": "0.34777892343365215151984254437238675312075838711693",
       "signe": "+"
      },
      "okx_ticker×bitfinex": {
       "n00": 13344,
       "n01": 2,
       "n10": 18,
       "n11": 9,
       "phi": "0.52168556548261418930666219262789824382232812609032",
       "signe": "+"
      },
      "okx_ticker×bitstamp": {
       "n00": 13073,
       "n01": 273,
       "n10": 16,
       "n11": 11,
       "phi": "0.12047639252794392493869419811753238766104477703482",
       "signe": "+"
      },
      "okx_ticker×chainlink": {
       "n00": 13323,
       "n01": 23,
       "n10": 18,
       "n11": 9,
       "phi": "0.30466028296300683895338281158237803705922938537037",
       "signe": "+"
      },
      "okx_ticker×coingecko": {
       "n00": 13320,
       "n01": 26,
       "n10": 18,
       "n11": 9,
       "phi": "0.29114621682945602013607106355430179095824083434668",
       "signe": "+"
      },
      "okx_ticker×defillama": {
       "n00": 13300,
       "n01": 46,
       "n10": 18,
       "n11": 9,
       "phi": "0.23137758154375872882592032725939095606118552951996",
       "signe": "+"
      },
      "okx_ticker×gemini": {
       "n00": 13336,
       "n01": 10,
       "n10": 18,
       "n11": 9,
       "phi": "0.39634772266031357642766042246642433545908157642935",
       "signe": "+"
      },
      "okx_ticker×okx_index": {
       "n00": 13322,
       "n01": 24,
       "n10": 16,
       "n11": 11,
       "phi": "0.35635739087662574105657617749446991226069878962284",
       "signe": "+"
      }
     },
     "renvoi_m1c_clusters": "corrélations entre CLUSTERS R2 (≥2 membres, analogue L&M éq. 35, séries (Θ̂_A,j, Θ̂_B,j)) — RÉALISÉ M1c (r2.cluster_lm_correlations, bloc 5) ; requièrent la partition R2 (10 §5.5 pt 4). Ici (bloc 4) : φ par paire de FLUX, base commune.",
     "renvoi_m1c_flux_source": "agrégation d'indicatrices flux→source (ex. okx_ticker+okx_index) — RÉALISÉ M1c : les deux flux okx partagent l'hôte www.okx.com → un seul nœud de partition (r2.build_flux_hosts, bloc 5). Ici (bloc 4) : φ par paire de FLUX (10 §5.5).",
     "sum_m": 822
    },
    "stress": {
     "E_theta": "0.0027681022352425549583631288782265691679546031233420",
     "E_theta2": "0.00015224562293834052270997208830246130423750317178381",
     "N": 11,
     "Var_theta": "0.00014458323295358569364020263741581074715336318943505",
     "caveat_non_eval": "m_j ne compte que les vrais écarts (panne ∨ staleness ∨ hors-env) ; NON_EVAL hors-env compté 0 comme dans p̂ (fail-closed de publication, 10 §5.2)",
     "n": 3941,
     "pair_phi": {
      "binance×bitfinex": {
       "n00": 3900,
       "n01": 2,
       "n10": 39,
       "n11": 0,
       "phi": "-0.0022527379661050830979999456511803991045722006095633",
       "signe": "−"
      },
      "binance×bitstamp": {
       "n00": 3868,
       "n01": 34,
       "n10": 36,
       "n11": 3,
       "phi": "0.070010898441851370544343354981523151516310499752016",
       "signe": "+"
      },
      "binance×chainlink": {
       "n00": 3901,
       "n01": 1,
       "n10": 39,
       "n11": 0,
       "phi": "-0.0015927241312344091580922893461147351415716496200640",
       "signe": "−"
      },
      "binance×coinbase": {
       "n00": 3897,
       "n01": 5,
       "n10": 39,
       "n11": 0,
       "phi": "-0.0035632486418083957230697568014337384650165887301888",
       "signe": "−"
      },
      "binance×coingecko": {
       "n00": 3897,
       "n01": 5,
       "n10": 38,
       "n11": 1,
       "phi": "0.061844154498650551225020312946245765334994018702964",
       "signe": "+"
      },
      "binance×defillama": {
       "n00": 3899,
       "n01": 3,
       "n10": 39,
       "n11": 0,
       "phi": "-0.0027593795567797977911047777031957579551143902011197",
       "signe": "−"
      },
      "binance×gemini": {
       "n00": 3886,
       "n01": 16,
       "n10": 37,
       "n11": 2,
       "phi": "0.069263287596796660395460571619762154988562868856800",
       "signe": "+"
      },
      "binance×kraken": {
       "n00": 3900,
       "n01": 2,
       "n10": 39,
       "n11": 0,
       "phi": "-0.0022527379661050830979999456511803991045722006095633",
       "signe": "−"
      },
      "binance×okx_index": {
       "n00": 3898,
       "n01": 4,
       "n10": 39,
       "n11": 0,
       "phi": "-0.0031866616895698292866846218250397167536599627063600",
       "signe": "−"
      },
      "binance×okx_ticker": {
       "n00": 3899,
       "n01": 3,
       "n10": 39,
       "n11": 0,
       "phi": "-0.0027593795567797977911047777031957579551143902011197",
       "signe": "−"
      },
      "bitfinex×chainlink": {
       "n00": 3938,
       "n01": 1,
       "n10": 2,
       "n11": 0,
       "phi": "-0.00035898301148968029513881246628632031719174030075218",
       "signe": "−"
      },
      "bitfinex×coingecko": {
       "n00": 3934,
       "n01": 5,
       "n10": 1,
       "n11": 1,
       "phi": "0.28808858272093522405606129741456872733094687083467",
       "signe": "+"
      },
      "bitfinex×defillama": {
       "n00": 3936,
       "n01": 3,
       "n10": 2,
       "n11": 0,
       "phi": "-0.00062193468643446068599207098554310636473429790640582",
       "signe": "−"
      },
      "bitstamp×bitfinex": {
       "n00": 3903,
       "n01": 1,
       "n10": 36,
       "n11": 1,
       "phi": "0.11463320035476532417543797231002662572642374216127",
       "signe": "+"
      },
      "bitstamp×chainlink": {
       "n00": 3903,
       "n01": 1,
       "n10": 37,
       "n11": 0,
       "phi": "-0.0015509501767823748675111233045679593127970735439307",
       "signe": "−"
      },
      "bitstamp×coingecko": {
       "n00": 3900,
       "n01": 4,
       "n10": 35,
       "n11": 2,
       "phi": "0.13116712803298584273695585611309727279606778907892",
       "signe": "+"
      },
      "bitstamp×defillama": {
       "n00": 3901,
       "n01": 3,
       "n10": 37,
       "n11": 0,
       "phi": "-0.0026870065741268282722322527401304722484640606305360",
       "signe": "−"
      },
      "bitstamp×gemini": {
       "n00": 3888,
       "n01": 16,
       "n10": 35,
       "n11": 2,
       "phi": "0.071448867827078683795580178840963263473185316770044",
       "signe": "+"
      },
      "coinbase×bitfinex": {
       "n00": 3934,
       "n01": 2,
       "n10": 5,
       "n11": 0,
       "phi": "-0.00080311819419193113774181966063267474128319594030065",
       "signe": "−"
      },
      "coinbase×bitstamp": {
       "n00": 3899,
       "n01": 37,
       "n10": 5,
       "n11": 0,
       "phi": "-0.0034697917878905656620969179799064489757161313543470",
       "signe": "−"
      },
      "coinbase×chainlink": {
       "n00": 3935,
       "n01": 1,
       "n10": 5,
       "n11": 0,
       "phi": "-0.00056781824933438482635305690386761203453426390060242",
       "signe": "−"
      },
      "coinbase×coingecko": {
       "n00": 3930,
       "n01": 6,
       "n10": 5,
       "n11": 0,
       "phi": "-0.0013917483469080426424840669415640264367888541890008",
       "signe": "−"
      },
      "coinbase×defillama": {
       "n00": 3933,
       "n01": 3,
       "n10": 5,
       "n11": 0,
       "phi": "-0.00098373976914976364051011624162802878758786618110399",
       "signe": "−"
      },
      "coinbase×gemini": {
       "n00": 3918,
       "n01": 18,
       "n10": 5,
       "n11": 0,
       "phi": "-0.0024142628730362990292510014885260903574516767612195",
       "signe": "−"
      },
      "coinbase×kraken": {
       "n00": 3934,
       "n01": 2,
       "n10": 5,
       "n11": 0,
       "phi": "-0.00080311819419193113774181966063267474128319594030065",
       "signe": "−"
      },
      "coinbase×okx_index": {
       "n00": 3932,
       "n01": 4,
       "n10": 5,
       "n11": 0,
       "phi": "-0.0011360690946461137936361575439504335797107929562822",
       "signe": "−"
      },
      "coinbase×okx_ticker": {
       "n00": 3933,
       "n01": 3,
       "n10": 5,
       "n11": 0,
       "phi": "-0.00098373976914976364051011624162802878758786618110399",
       "signe": "−"
      },
      "coingecko×chainlink": {
       "n00": 3934,
       "n01": 1,
       "n10": 6,
       "n11": 0,
       "phi": "-0.00062209275847813062777227645491176513311262746964658",
       "signe": "−"
      },
      "coingecko×defillama": {
       "n00": 3932,
       "n01": 3,
       "n10": 6,
       "n11": 0,
       "phi": "-0.0010777698450734823231574794262062681694667718261985",
       "signe": "−"
      },
      "defillama×chainlink": {
       "n00": 3937,
       "n01": 1,
       "n10": 3,
       "n11": 0,
       "phi": "-0.00043971842177833837634082137308066641901238433056956",
       "signe": "−"
      },
      "gemini×bitfinex": {
       "n00": 3922,
       "n01": 1,
       "n10": 17,
       "n11": 1,
       "phi": "0.16556466067183466673843316604415401368428247761173",
       "signe": "+"
      },
      "gemini×chainlink": {
       "n00": 3922,
       "n01": 1,
       "n10": 18,
       "n11": 0,
       "phi": "-0.0010791429741699727390430154458705405520516422684471",
       "signe": "−"
      },
      "gemini×coingecko": {
       "n00": 3920,
       "n01": 3,
       "n10": 15,
       "n11": 3,
       "phi": "0.28691211886721314744739275089557678857043801931421",
       "signe": "+"
      },
      "gemini×defillama": {
       "n00": 3920,
       "n01": 3,
       "n10": 18,
       "n11": 0,
       "phi": "-0.0018696050391722981997935992118902400629610459735799",
       "signe": "−"
      },
      "kraken×bitfinex": {
       "n00": 3938,
       "n01": 1,
       "n10": 1,
       "n11": 1,
       "phi": "0.49974612845899974612845899974612845899974612845900",
       "signe": "+"
      },
      "kraken×bitstamp": {
       "n00": 3903,
       "n01": 36,
       "n10": 1,
       "n11": 1,
       "phi": "0.11463320035476532417543797231002662572642374216127",
       "signe": "+"
      },
      "kraken×chainlink": {
       "n00": 3938,
       "n01": 1,
       "n10": 2,
       "n11": 0,
       "phi": "-0.00035898301148968029513881246628632031719174030075218",
       "signe": "−"
      },
      "kraken×coingecko": {
       "n00": 3934,
       "n01": 5,
       "n10": 1,
       "n11": 1,
       "phi": "0.28808858272093522405606129741456872733094687083467",
       "signe": "+"
      },
      "kraken×defillama": {
       "n00": 3936,
       "n01": 3,
       "n10": 2,
       "n11": 0,
       "phi": "-0.00062193468643446068599207098554310636473429790640582",
       "signe": "−"
      },
      "kraken×gemini": {
       "n00": 3922,
       "n01": 17,
       "n10": 1,
       "n11": 1,
       "phi": "0.16556466067183466673843316604415401368428247761173",
       "signe": "+"
      },
      "kraken×okx_index": {
       "n00": 3936,
       "n01": 3,
       "n10": 1,
       "n11": 1,
       "phi": "0.35310450229464710804543612872607646462110538423023",
       "signe": "+"
      },
      "kraken×okx_ticker": {
       "n00": 3937,
       "n01": 2,
       "n10": 1,
       "n11": 1,
       "phi": "0.40788549851993379989646655468535392420491037695115",
       "signe": "+"
      },
      "okx_index×bitfinex": {
       "n00": 3936,
       "n01": 1,
       "n10": 3,
       "n11": 1,
       "phi": "0.35310450229464710804543612872607646462110538423023",
       "signe": "+"
      },
      "okx_index×bitstamp": {
       "n00": 3902,
       "n01": 35,
       "n10": 2,
       "n11": 2,
       "phi": "0.16215699891403759566939534154668103768402547426341",
       "signe": "+"
      },
      "okx_index×chainlink": {
       "n00": 3936,
       "n01": 1,
       "n10": 4,
       "n11": 0,
       "phi": "-0.00050780757777099054550497353512167070213557866722482",
       "signe": "−"
      },
      "okx_index×coingecko": {
       "n00": 3932,
       "n01": 5,
       "n10": 3,
       "n11": 1,
       "phi": "0.20313879641227373426283601028690390584236724364023",
       "signe": "+"
      },
      "okx_index×defillama": {
       "n00": 3934,
       "n01": 3,
       "n10": 4,
       "n11": 0,
       "phi": "-0.00087977184585829070413378224405583069075445771372435",
       "signe": "−"
      },
      "okx_index×gemini": {
       "n00": 3920,
       "n01": 17,
       "n10": 3,
       "n11": 1,
       "phi": "0.11602207278079369081764750631586682725723619369071",
       "signe": "+"
      },
      "okx_ticker×bitfinex": {
       "n00": 3937,
       "n01": 1,
       "n10": 2,
       "n11": 1,
       "phi": "0.40788549851993379989646655468535392420491037695115",
       "signe": "+"
      },
      "okx_ticker×bitstamp": {
       "n00": 3902,
       "n01": 36,
       "n10": 2,
       "n11": 1,
       "phi": "0.092713830440592362906752504456754132537093263197773",
       "signe": "+"
      },
      "okx_ticker×chainlink": {
       "n00": 3937,
       "n01": 1,
       "n10": 3,
       "n11": 0,
       "phi": "-0.00043971842177833837634082137308066641901238433056956",
       "signe": "−"
      },
      "okx_ticker×coingecko": {
       "n00": 3933,
       "n01": 5,
       "n10": 2,
       "n11": 1,
       "phi": "0.23489395012351506409704398827817722382323032634315",
       "signe": "+"
      },
      "okx_ticker×defillama": {
       "n00": 3935,
       "n01": 3,
       "n10": 3,
       "n11": 0,
       "phi": "-0.00076180802437785678009141696292534281361097003555104",
       "signe": "−"
      },
      "okx_ticker×gemini": {
       "n00": 3921,
       "n01": 17,
       "n10": 2,
       "n11": 1,
       "phi": "0.13457694050486524264069852104846968749499232776491",
       "signe": "+"
      },
      "okx_ticker×okx_index": {
       "n00": 3936,
       "n01": 2,
       "n10": 1,
       "n11": 2,
       "phi": "0.57698370224206232012773885505994896135313185058422",
       "signe": "+"
      }
     },
     "renvoi_m1c_clusters": "corrélations entre CLUSTERS R2 (≥2 membres, analogue L&M éq. 35, séries (Θ̂_A,j, Θ̂_B,j)) — RÉALISÉ M1c (r2.cluster_lm_correlations, bloc 5) ; requièrent la partition R2 (10 §5.5 pt 4). Ici (bloc 4) : φ par paire de FLUX, base commune.",
     "renvoi_m1c_flux_source": "agrégation d'indicatrices flux→source (ex. okx_ticker+okx_index) — RÉALISÉ M1c : les deux flux okx partagent l'hôte www.okx.com → un seul nœud de partition (r2.build_flux_hosts, bloc 5). Ici (bloc 4) : φ par paire de FLUX (10 §5.5).",
     "sum_m": 120
    }
   }
  },
  "plages": [],
  "r1": {
   "A_window_stationarity": "A(window-stationarity) engagée par le test agrégé (10 §5.3 ; ancre Eckhardt & Lee TM-86369 p. fichier 2, hyp. (ii) « stationary input series ») — écrite dans chaque sortie R1 ; décharge = stratification ex ante (08)",
   "pool": [
    "binance",
    "coinbase",
    "kraken",
    "okx_ticker",
    "okx_index",
    "bitstamp",
    "gemini",
    "bitfinex",
    "coingecko",
    "defillama",
    "chainlink"
   ],
   "poolee": {
    "etiquette": "exploratoire, hors famille, hors décision",
    "motif": "strate(s) sous la garde §5.4, z de strate non publié : « stress »",
    "numerateur": null,
    "strates": {
     "calme": {
      "K": 50,
      "N": 11,
      "P_more": "0.0013938968610775433013870221315659599986142913741574",
      "n": 13373,
      "pool": [
       "binance",
       "coinbase",
       "kraken",
       "okx_ticker",
       "okx_index",
       "bitstamp",
       "gemini",
       "bitfinex",
       "coingecko",
       "defillama",
       "chainlink"
      ]
     },
     "stress": {
      "K": 8,
      "N": 11,
      "P_more": "0.00035260783541832319883608669380651774613270860280165",
      "n": 3941,
      "pool": [
       "binance",
       "coinbase",
       "kraken",
       "okx_ticker",
       "okx_index",
       "bitstamp",
       "gemini",
       "bitfinex",
       "coingecko",
       "defillama",
       "chainlink"
      ]
     }
    },
    "variance": null,
    "z_pool": null
   },
   "strates": {
    "calme": {
     "A_window_stationarity": "A(window-stationarity) engagée par le test agrégé (10 §5.3 ; ancre Eckhardt & Lee TM-86369 p. fichier 2, hyp. (ii) « stationary input series ») — écrite dans chaque sortie R1 ; décharge = stratification ex ante (08)",
     "K": 50,
     "P0": "0.93994294966011449720012922943650655939402632519810",
     "P1": "0.058663153478807959498483748431927480607359383427744",
     "P_more": "0.0013938968610775433013870221315659599986142913741574",
     "bloc": {
      "FIV": "7.5485069641623935358115090739345488141416391681987",
      "FIV_motif": null,
      "FIV_serie": "2.8207953116667735598730682322320324685490523831658",
      "FIV_serie_motif": null,
      "R_centrage": "2.6760208133294410499016226791725854560892357471538",
      "cv_theorique": "0.15468940424263002533768952141669061080520651451679",
      "ell": 240,
      "gamma0": "49.813056157930157780602706946833171315336872803410",
      "runs": {
       "longueur_moyenne": "1.1111111111111111111111111111111111111111111111111",
       "nombre": 45,
       "run_max": 6
      },
      "sigma2_bloc": "140.51243527008309331559443676821718604082488933268",
      "z_bloc": "2.6455172861617278377464936516549168389991781470697",
      "z_bloc_motif": null
     },
     "decomposition_K": {
      "c": 9,
      "pt_0": 0,
      "pt_1": 1,
      "pt_2_plus": 49,
      "tous_hors_enveloppe": 0
     },
     "flag_historique_insuffisant": false,
     "gate_value": "18.614599673443475762938726299057869492601437469783",
     "n": 13373,
     "n_min_hors_enveloppe": 4,
     "per_source": {
      "binance": {
       "axes_evaluables": [
        "panne",
        "hors_enveloppe"
       ],
       "ecart": 275,
       "hors_enveloppe": 0,
       "non_eval_hors_env": 0,
       "ok_windows": 13098,
       "panne": 275,
       "pas_ecart": 13098,
       "phat": "0.020563822627682644133702235848351155312943991624916",
       "staleness": 0,
       "staleness_evaluable_windows": 0,
       "staleness_fail_open": true
      },
      "bitfinex": {
       "axes_evaluables": [
        "panne",
        "hors_enveloppe"
       ],
       "ecart": 11,
       "hors_enveloppe": 0,
       "non_eval_hors_env": 0,
       "ok_windows": 13362,
       "panne": 11,
       "pas_ecart": 13362,
       "phat": "0.00082255290510730576534808943393404621251775966499664",
       "staleness": 0,
       "staleness_evaluable_windows": 0,
       "staleness_fail_open": true
      },
      "bitstamp": {
       "axes_evaluables": [
        "panne",
        "staleness",
        "hors_enveloppe"
       ],
       "ecart": 284,
       "hors_enveloppe": 0,
       "non_eval_hors_env": 0,
       "ok_windows": 13089,
       "panne": 284,
       "pas_ecart": 13089,
       "phat": "0.021236820459134076123532490839751738577731249532640",
       "staleness": 0,
       "staleness_evaluable_windows": 13089,
       "staleness_fail_open": false
      },
      "chainlink": {
       "axes_evaluables": [
        "panne",
        "staleness",
        "hors_enveloppe"
       ],
       "ecart": 32,
       "hors_enveloppe": 2,
       "non_eval_hors_env": 0,
       "ok_windows": 13343,
       "panne": 30,
       "pas_ecart": 13341,
       "phat": "0.0023928811784939804082853510805354071636880281163538",
       "staleness": 0,
       "staleness_evaluable_windows": 13343,
       "staleness_fail_open": false
      },
      "coinbase": {
       "axes_evaluables": [
        "panne",
        "staleness",
        "hors_enveloppe"
       ],
       "ecart": 37,
       "hors_enveloppe": 0,
       "non_eval_hors_env": 0,
       "ok_windows": 13336,
       "panne": 37,
       "pas_ecart": 13336,
       "phat": "0.0027667688626336648470799371868690645330142825095341",
       "staleness": 0,
       "staleness_evaluable_windows": 13336,
       "staleness_fail_open": false
      },
      "coingecko": {
       "axes_evaluables": [
        "panne",
        "staleness",
        "hors_enveloppe"
       ],
       "ecart": 35,
       "hors_enveloppe": 0,
       "non_eval_hors_env": 0,
       "ok_windows": 13338,
       "panne": 35,
       "pas_ecart": 13338,
       "phat": "0.0026172137889777910715621027443356015852837807522620",
       "staleness": 0,
       "staleness_evaluable_windows": 13338,
       "staleness_fail_open": false
      },
      "defillama": {
       "axes_evaluables": [
        "panne",
        "staleness",
        "hors_enveloppe"
       ],
       "ecart": 55,
       "hors_enveloppe": 0,
       "non_eval_hors_env": 0,
       "ok_windows": 13318,
       "panne": 55,
       "pas_ecart": 13318,
       "phat": "0.0041127645255365288267404471696702310625887983249832",
       "staleness": 0,
       "staleness_evaluable_windows": 13318,
       "staleness_fail_open": false
      },
      "gemini": {
       "axes_evaluables": [
        "panne",
        "staleness",
        "hors_enveloppe"
       ],
       "ecart": 19,
       "hors_enveloppe": 0,
       "non_eval_hors_env": 0,
       "ok_windows": 13355,
       "panne": 18,
       "pas_ecart": 13354,
       "phat": "0.0014207731997308008674194272040678980034397666940851",
       "staleness": 1,
       "staleness_evaluable_windows": 13355,
       "staleness_fail_open": false
      },
      "kraken": {
       "axes_evaluables": [
        "panne",
        "hors_enveloppe"
       ],
       "ecart": 12,
       "hors_enveloppe": 0,
       "non_eval_hors_env": 0,
       "ok_windows": 13361,
       "panne": 12,
       "pas_ecart": 13361,
       "phat": "0.00089733044193524265310700665520077768638301054363269",
       "staleness": 0,
       "staleness_evaluable_windows": 0,
       "staleness_fail_open": true
      },
      "okx_index": {
       "axes_evaluables": [
        "panne",
        "staleness",
        "hors_enveloppe"
       ],
       "ecart": 35,
       "hors_enveloppe": 0,
       "non_eval_hors_env": 0,
       "ok_windows": 13338,
       "panne": 35,
       "pas_ecart": 13338,
       "phat": "0.0026172137889777910715621027443356015852837807522620",
       "staleness": 0,
       "staleness_evaluable_windows": 13338,
       "staleness_fail_open": false
      },
      "okx_ticker": {
       "axes_evaluables": [
        "panne",
        "staleness",
        "hors_enveloppe"
       ],
       "ecart": 27,
       "hors_enveloppe": 0,
       "non_eval_hors_env": 0,
       "ok_windows": 13346,
       "panne": 27,
       "pas_ecart": 13346,
       "phat": "0.0020189934943542959694907649742017497943617737231736",
       "staleness": 0,
       "staleness_evaluable_windows": 13346,
       "staleness_fail_open": false
      }
     },
     "queue_binomiale_P_K_ge_Kobs": null,
     "queue_exacte_applicable": false,
     "queue_note": null,
     "residu_staleness_fail_open": [
      "binance",
      "kraken",
      "bitfinex"
     ],
     "seuil_historique": "10",
     "seuil_z": "2.33",
     "z": "7.2684387263613165124682538101673599947301495076272"
    },
    "stress": {
     "A_window_stationarity": "A(window-stationarity) engagée par le test agrégé (10 §5.3 ; ancre Eckhardt & Lee TM-86369 p. fichier 2, hyp. (ii) « stationary input series ») — écrite dans chaque sortie R1 ; décharge = stratification ex ante (08)",
     "K": 8,
     "P0": "0.96990555556674919367778139705125117700449051377730",
     "P1": "0.029741836597832483123382516254942305249376777619903",
     "P_more": "0.00035260783541832319883608669380651774613270860280165",
     "bloc": {
      "FIV": "8.3833527634384119503139906694329835268626998092892",
      "FIV_motif": null,
      "FIV_serie": "1.4586647018112463523814125974016394329281729649976",
      "FIV_serie_motif": null,
      "R_centrage": "5.7472788318169858570421077283868566765845716294301",
      "cv_theorique": "0.28495204081935427585283652950215743419809449577012",
      "ell": 240,
      "gamma0": "7.9837604668865770109109363105810707942146663283431",
      "runs": {
       "longueur_moyenne": "1.1428571428571428571428571428571428571428571428571",
       "nombre": 7,
       "run_max": 2
      },
      "sigma2_bloc": "11.645629580763525813582533865680076913892929249095",
      "z_bloc": null,
      "z_bloc_motif": "garde de blocs : n_s = 3941 < 30·ℓ = 7200"
     },
     "decomposition_K": {
      "c": 0,
      "pt_0": 0,
      "pt_1": 0,
      "pt_2_plus": 8,
      "tous_hors_enveloppe": 0
     },
     "flag_historique_insuffisant": true,
     "gate_value": "1.3891374858460684507352497516803467029217226329697",
     "n": 3941,
     "n_min_hors_enveloppe": 4,
     "per_source": {
      "binance": {
       "axes_evaluables": [
        "panne",
        "hors_enveloppe"
       ],
       "ecart": 39,
       "hors_enveloppe": 0,
       "non_eval_hors_env": 0,
       "ok_windows": 3902,
       "panne": 39,
       "pas_ecart": 3902,
       "phat": "0.0098959654909921339761481857396599847754377061659477",
       "staleness": 0,
       "staleness_evaluable_windows": 0,
       "staleness_fail_open": true
      },
      "bitfinex": {
       "axes_evaluables": [
        "panne",
        "hors_enveloppe"
       ],
       "ecart": 2,
       "hors_enveloppe": 0,
       "non_eval_hors_env": 0,
       "ok_windows": 3939,
       "panne": 2,
       "pas_ecart": 3939,
       "phat": "0.00050748540979446840903324029434153768079167723927937",
       "staleness": 0,
       "staleness_evaluable_windows": 0,
       "staleness_fail_open": true
      },
      "bitstamp": {
       "axes_evaluables": [
        "panne",
        "staleness",
        "hors_enveloppe"
       ],
       "ecart": 37,
       "hors_enveloppe": 0,
       "non_eval_hors_env": 0,
       "ok_windows": 3904,
       "panne": 37,
       "pas_ecart": 3904,
       "phat": "0.0093884800811976655671149454453184470946460289266684",
       "staleness": 0,
       "staleness_evaluable_windows": 3904,
       "staleness_fail_open": false
      },
      "chainlink": {
       "axes_evaluables": [
        "panne",
        "staleness",
        "hors_enveloppe"
       ],
       "ecart": 1,
       "hors_enveloppe": 0,
       "non_eval_hors_env": 0,
       "ok_windows": 3940,
       "panne": 1,
       "pas_ecart": 3940,
       "phat": "0.00025374270489723420451662014717076884039583861963969",
       "staleness": 0,
       "staleness_evaluable_windows": 3940,
       "staleness_fail_open": false
      },
      "coinbase": {
       "axes_evaluables": [
        "panne",
        "staleness",
        "hors_enveloppe"
       ],
       "ecart": 5,
       "hors_enveloppe": 0,
       "non_eval_hors_env": 0,
       "ok_windows": 3936,
       "panne": 5,
       "pas_ecart": 3936,
       "phat": "0.0012687135244861710225831007358538442019791930981984",
       "staleness": 0,
       "staleness_evaluable_windows": 3936,
       "staleness_fail_open": false
      },
      "coingecko": {
       "axes_evaluables": [
        "panne",
        "staleness",
        "hors_enveloppe"
       ],
       "ecart": 6,
       "hors_enveloppe": 0,
       "non_eval_hors_env": 0,
       "ok_windows": 3935,
       "panne": 6,
       "pas_ecart": 3935,
       "phat": "0.0015224562293834052270997208830246130423750317178381",
       "staleness": 0,
       "staleness_evaluable_windows": 3935,
       "staleness_fail_open": false
      },
      "defillama": {
       "axes_evaluables": [
        "panne",
        "staleness",
        "hors_enveloppe"
       ],
       "ecart": 3,
       "hors_enveloppe": 0,
       "non_eval_hors_env": 0,
       "ok_windows": 3938,
       "panne": 3,
       "pas_ecart": 3938,
       "phat": "0.00076122811469170261354986044151230652118751585891906",
       "staleness": 0,
       "staleness_evaluable_windows": 3938,
       "staleness_fail_open": false
      },
      "gemini": {
       "axes_evaluables": [
        "panne",
        "staleness",
        "hors_enveloppe"
       ],
       "ecart": 18,
       "hors_enveloppe": 0,
       "non_eval_hors_env": 0,
       "ok_windows": 3923,
       "panne": 18,
       "pas_ecart": 3923,
       "phat": "0.0045673686881502156812991626490738391271250951535143",
       "staleness": 0,
       "staleness_evaluable_windows": 3923,
       "staleness_fail_open": false
      },
      "kraken": {
       "axes_evaluables": [
        "panne",
        "hors_enveloppe"
       ],
       "ecart": 2,
       "hors_enveloppe": 0,
       "non_eval_hors_env": 0,
       "ok_windows": 3939,
       "panne": 2,
       "pas_ecart": 3939,
       "phat": "0.00050748540979446840903324029434153768079167723927937",
       "staleness": 0,
       "staleness_evaluable_windows": 0,
       "staleness_fail_open": true
      },
      "okx_index": {
       "axes_evaluables": [
        "panne",
        "staleness",
        "hors_enveloppe"
       ],
       "ecart": 4,
       "hors_enveloppe": 0,
       "non_eval_hors_env": 0,
       "ok_windows": 3937,
       "panne": 4,
       "pas_ecart": 3937,
       "phat": "0.0010149708195889368180664805886830753615833544785587",
       "staleness": 0,
       "staleness_evaluable_windows": 3937,
       "staleness_fail_open": false
      },
      "okx_ticker": {
       "axes_evaluables": [
        "panne",
        "staleness",
        "hors_enveloppe"
       ],
       "ecart": 3,
       "hors_enveloppe": 0,
       "non_eval_hors_env": 0,
       "ok_windows": 3938,
       "panne": 3,
       "pas_ecart": 3938,
       "phat": "0.00076122811469170261354986044151230652118751585891906",
       "staleness": 0,
       "staleness_evaluable_windows": 3938,
       "staleness_fail_open": false
      }
     },
     "queue_binomiale_P_K_ge_Kobs": "0.00010081944042860869655314075505131856437023763094882",
     "queue_exacte_applicable": true,
     "queue_note": "P(K ≥ K_obs | Bin(n, P̂_more)) — loi de K, 10 §5.1/§5.4",
     "residu_staleness_fail_open": [
      "binance",
      "kraken",
      "bitfinex"
     ],
     "seuil_historique": "10",
     "seuil_z": "2.33",
     "z": null
    }
   },
   "tau_observe": {
    "agregateur": {
     "N": 34529,
     "P99": "0.0028741920015014115272086101931022654187837369432237",
     "max": "0.017649908208186827670019929236496737002324764533848",
     "tau_classe": "0.026"
    },
    "oracle_chainlink": {
     "N": 17283,
     "P99": "0.0045454902407080524083831175411722368845354982893645",
     "max": "0.017842859661860400175061719273882056236385914669308",
     "tau_classe": "0.0165"
    },
    "oracle_pyth": {
     "N": 0,
     "P99": null,
     "max": null,
     "tau_classe": "0.0015"
    },
    "place_horodatee": {
     "N": 86101,
     "P99": "0.00055792705928167004058185241722463137284842318970740",
     "max": "0.0023895925490106512304496190517290853068300110256537",
     "tau_classe": "0.0045"
    },
    "sans_horodatage": {
     "N": 51601,
     "P99": "0.0016039553963059677428198648165608198841381788121748",
     "max": "0.0041254709166509616185319985399001096327147527065381",
     "tau_classe": "0.0045"
    }
   }
  },
  "r2": {
   "cluster_correlations": {
    "cluster_pairs": {},
    "convention": "corrélations Θ̂ entre clusters à ≥ 2 flux (analogue L&M éq. 35) ; singletons → φ par paire de flux (M1b, bloc 4). Signées (Cov<0 possible).",
    "n_multi_clusters": 1
   },
   "content": {
    "coab_staleness_note": "co-aberrance = |e_s(j)| > κ·MAD_j(pool) (§4.2 (2c)) ; le « ou staleness » du design est déjà porté par l'écart (ii) de R1 (§5.2) — non re-plombé ici, résidu nommé",
    "exact_copy_pairs": [],
    "grid_note": "grille §4.2 (w=1s places / 10s agrégats) REMPLACÉE par la décision budget §9 (w=60s, décision mainteneur 5 du 2026-08-05) — contenu calculé sur la grille du journal (w de run_params), sur toutes les fenêtres (hors stratification R1 §5.3)",
    "merge_criterion": "identité exacte T==1 sur ≥ N_min fenêtres communes, série non constante — SEUL critère de fusion contenu v0 (aucun seuil de corrélation sourcé : 04 §3 n'en fixe pas, le « 0,999 » de 04 §1 est un exemple ; ADR-0008 : basis:doc déclenche (b), ne fusionne pas). ρ_resid haut = corroboration publiée, désigne où mesurer.",
    "n_min": 300,
    "n_windows": 17314,
    "pairs": {
     "binance×bitfinex": {
      "basis_doc_triggered": false,
      "coaberrance": {
       "K": 185,
       "gate": "97.544872224575917449827893884008623408181308377748",
       "n": 16997,
       "note": "z co-aberrance (seuil 2.33, unilatéral)",
       "p_co": "0.0057722654641070925483602069407131151256912954356842",
       "queue": null,
       "z": "8.7975470218813540106945952123894475485199189567003"
      },
      "delta": {
       "best_corr": "0.54737253206405866116630130243204322026767730253342",
       "best_lag": 0,
       "n_jumps_a": 98,
       "n_jumps_b": 103,
       "note": "lag=0 (>0 : binance précède bitfinex)"
      },
      "is_peg_usdt_usd": true,
      "rho_raw": {
       "n": 16527,
       "note": "ok",
       "rho": "0.85897653672122446394378209544573726277866956081333",
       "sufficient": true
      },
      "rho_resid": {
       "n": 16997,
       "note": "ok",
       "rho": "0.48546314872157378963929369864091200219468334432705",
       "sufficient": true
      },
      "tick": {
       "T": "0.0011766782373360004706712949344001882685179737600753",
       "T_delta": "0.0010713010355910010713010355910010713010355910010713",
       "exact_copy_merge": false,
       "n_common": 16997,
       "n_shift": 16802,
       "non_constant": true,
       "sufficient": true
      }
     },
     "binance×bitstamp": {
      "basis_doc_triggered": false,
      "coaberrance": {
       "K": 0,
       "gate": "0.15024996556617485971465846479256749950386212071850",
       "n": 16712,
       "note": "garde §5.4 (n·p·(1−p) < 10) : queue exacte P(K≥K_obs|Bin(n,p_co))",
       "p_co": "0.0000089906244865569289636544749549774159523052777536533",
       "queue": "1",
       "z": null
      },
      "delta": {
       "best_corr": "0.86667097139581151614083960918129841847606031157785",
       "best_lag": 0,
       "n_jumps_a": 98,
       "n_jumps_b": 105,
       "note": "lag=0 (>0 : binance précède bitstamp)"
      },
      "is_peg_usdt_usd": true,
      "rho_raw": {
       "n": 16038,
       "note": "ok",
       "rho": "0.96771844179468673303639254447814618944435173939110",
       "sufficient": true
      },
      "rho_resid": {
       "n": 16712,
       "note": "ok",
       "rho": "0.020514552200790664698144471294393652415122335104808",
       "sufficient": true
      },
      "tick": {
       "T": "0.00035902345619913834370512206797510770703685974150311",
       "T_delta": "0.00036302032913843175217812197483059051306873184898354",
       "exact_copy_merge": false,
       "n_common": 16712,
       "n_shift": 16528,
       "non_constant": true,
       "sufficient": true
      }
     },
     "binance×chainlink": {
      "basis_doc_triggered": false,
      "coaberrance": {
       "K": 33,
       "gate": "68.200783634861397827686848033062353158777342602796",
       "n": 16978,
       "note": "z co-aberrance (seuil 2.33, unilatéral)",
       "p_co": "0.0040332766048253724675621529075877798853591145462600",
       "queue": null,
       "z": "-4.2958770261496933273672415456238934510673356106283"
      },
      "delta": {
       "best_corr": "0.10030432554643127166515387639418302549664516674785",
       "best_lag": 1,
       "n_jumps_a": 98,
       "n_jumps_b": 178,
       "note": "lag=1 (>0 : binance précède chainlink)"
      },
      "is_peg_usdt_usd": true,
      "rho_raw": {
       "n": 16495,
       "note": "ok",
       "rho": "0.055637042255364971183522564575922916403113369441392",
       "sufficient": true
      },
      "rho_resid": {
       "n": 16977,
       "note": "ok",
       "rho": "-0.13523851485718652049904651792398407268892393111525",
       "sufficient": true
      },
      "tick": {
       "T": "0",
       "T_delta": "0",
       "exact_copy_merge": false,
       "n_common": 16978,
       "n_shift": 16785,
       "non_constant": true,
       "sufficient": true
      }
     },
     "binance×coinbase": {
      "basis_doc_triggered": false,
      "coaberrance": {
       "K": 0,
       "gate": "0.019619372832105096442410823499136300877715432148420",
       "n": 16973,
       "note": "garde §5.4 (n·p·(1−p) < 10) : queue exacte P(K≥K_obs|Bin(n,p_co))",
       "p_co": "0.0000011559179585528016849632106893849926005109455902162",
       "queue": "1",
       "z": null
      },
      "delta": {
       "best_corr": "0.89217636349856050291130979632358928050895547367783",
       "best_lag": 0,
       "n_jumps_a": 98,
       "n_jumps_b": 84,
       "note": "lag=0 (>0 : binance précède coinbase)"
      },
      "is_peg_usdt_usd": true,
      "rho_raw": {
       "n": 16486,
       "note": "ok",
       "rho": "0.97874714868187932721345676657266834376744416446598",
       "sufficient": true
      },
      "rho_resid": {
       "n": 16972,
       "note": "ok",
       "rho": "0.19434265205076484811262126152952779959286572966945",
       "sufficient": true
      },
      "tick": {
       "T": "0.00070700524362222353149119189300653979850350556766629",
       "T_delta": "0.00053641673620216950768863988556442961020383835975682",
       "exact_copy_merge": false,
       "n_common": 16973,
       "n_shift": 16778,
       "non_constant": true,
       "sufficient": true
      }
     },
     "binance×coingecko": {
      "basis_doc_triggered": true,
      "coaberrance": {
       "K": 3,
       "gate": "18.775318484338554104394649725367341597414264281332",
       "n": 16972,
       "note": "z co-aberrance (seuil 2.33, unilatéral)",
       "p_co": "0.0011074790720171899770977682724742903271551391100474",
       "queue": null,
       "z": "-3.6455006096010864600944148644142875373017843620126"
      },
      "delta": {
       "best_corr": "0.47425039099948249986168955443389001587948618068357",
       "best_lag": 2,
       "n_jumps_a": 98,
       "n_jumps_b": 107,
       "note": "lag=2 (>0 : binance précède coingecko)"
      },
      "is_peg_usdt_usd": true,
      "rho_raw": {
       "n": 16484,
       "note": "ok",
       "rho": "0.00051656053043360888491523622944327406614832606436820",
       "sufficient": true
      },
      "rho_resid": {
       "n": 16972,
       "note": "ok",
       "rho": "-0.061206597457072778119697019453657961757365984162964",
       "sufficient": true
      },
      "tick": {
       "T": "0.0025335847277869432005656375206222012726844213999529",
       "T_delta": "0.0016690510252742012398664759179780639008106819265618",
       "exact_copy_merge": false,
       "n_common": 16972,
       "n_shift": 16776,
       "non_constant": true,
       "sufficient": true
      }
     },
     "binance×defillama": {
      "basis_doc_triggered": false,
      "coaberrance": {
       "K": 14,
       "gate": "30.716958663597215670103200569988476858310481402505",
       "n": 16955,
       "note": "z co-aberrance (seuil 2.33, unilatéral)",
       "p_co": "0.0018149696479161754956851888457668185278202287683473",
       "queue": null,
       "z": "-3.0263331187884656623876498989821394640380323407884"
      },
      "delta": {
       "best_corr": "0.10579448126137992935722046922801678125812438466728",
       "best_lag": 2,
       "n_jumps_a": 98,
       "n_jumps_b": 216,
       "note": "lag=2 (>0 : binance précède defillama)"
      },
      "is_peg_usdt_usd": true,
      "rho_raw": {
       "n": 16451,
       "note": "ok",
       "rho": "-0.030196273402893138653099787039727660509420105828246",
       "sufficient": true
      },
      "rho_resid": {
       "n": 16954,
       "note": "ok",
       "rho": "-0.085586656225271124507207197202312245676441284151446",
       "sufficient": true
      },
      "tick": {
       "T": "0",
       "T_delta": "0",
       "exact_copy_merge": false,
       "n_common": 16955,
       "n_shift": 16760,
       "non_constant": true,
       "sufficient": true
      }
     },
     "binance×gemini": {
      "basis_doc_triggered": false,
      "coaberrance": {
       "K": 4,
       "gate": "1.3301855754590213775202456257040555332655624478150",
       "n": 16976,
       "note": "garde §5.4 (n·p·(1−p) < 10) : queue exacte P(K≥K_obs|Bin(n,p_co))",
       "p_co": "0.000078362972486077811464830095556536655174772434732939",
       "queue": "0.046171175927206365412646962511769303130388106799173",
       "z": null
      },
      "delta": {
       "best_corr": "0.69152789558782135224957781213538635538745589793837",
       "best_lag": 0,
       "n_jumps_a": 98,
       "n_jumps_b": 112,
       "note": "lag=0 (>0 : binance précède gemini)"
      },
      "is_peg_usdt_usd": true,
      "rho_raw": {
       "n": 16491,
       "note": "ok",
       "rho": "0.90109848816394442751687176921440195686829134830191",
       "sufficient": true
      },
      "rho_resid": {
       "n": 16976,
       "note": "ok",
       "rho": "0.16713423123957187717655411099393818564625064670427",
       "sufficient": true
      },
      "tick": {
       "T": "0.00047125353440150801131008482563619227144203581526861",
       "T_delta": "0.00041716328963051251489868891537544696066746126340882",
       "exact_copy_merge": false,
       "n_common": 16976,
       "n_shift": 16780,
       "non_constant": true,
       "sufficient": true
      }
     },
     "binance×kraken": {
      "basis_doc_triggered": false,
      "coaberrance": {
       "K": 0,
       "gate": "0.54048996011193826357967231380730142599846623567778",
       "n": 16997,
       "note": "garde §5.4 (n·p·(1−p) < 10) : queue exacte P(K≥K_obs|Bin(n,p_co))",
       "p_co": "0.000031800149927651457092596301001160586053052376695334",
       "queue": "1",
       "z": null
      },
      "delta": {
       "best_corr": "0.81712843131199951878220084318713787810746048708734",
       "best_lag": 0,
       "n_jumps_a": 98,
       "n_jumps_b": 100,
       "note": "lag=0 (>0 : binance précède kraken)"
      },
      "is_peg_usdt_usd": true,
      "rho_raw": {
       "n": 16527,
       "note": "ok",
       "rho": "0.94526104855175357896563247098250440932708019387532",
       "sufficient": true
      },
      "rho_resid": {
       "n": 16997,
       "note": "ok",
       "rho": "0.073481578098340995020691682465739206614736548445879",
       "sufficient": true
      },
      "tick": {
       "T": "0.00082367476613520032946990645408013178796258163205272",
       "T_delta": "0.00023806689679800023806689679800023806689679800023807",
       "exact_copy_merge": false,
       "n_common": 16997,
       "n_shift": 16802,
       "non_constant": true,
       "sufficient": true
      }
     },
     "binance×okx_index": {
      "basis_doc_triggered": false,
      "coaberrance": {
       "K": 0,
       "gate": "0.011254485495043795024120128167998481188475502209448",
       "n": 16971,
       "note": "garde §5.4 (n·p·(1−p) < 10) : queue exacte P(K≥K_obs|Bin(n,p_co))",
       "p_co": "6.6316027096673119007780574751701770812567259337864E-7",
       "queue": "1",
       "z": null
      },
      "delta": {
       "best_corr": "0.90404677529682463875230757163478872469472997174102",
       "best_lag": 0,
       "n_jumps_a": 98,
       "n_jumps_b": 103,
       "note": "lag=0 (>0 : binance précède okx_index)"
      },
      "is_peg_usdt_usd": true,
      "rho_raw": {
       "n": 16480,
       "note": "ok",
       "rho": "0.97927727619420906102554969665421252336455483739584",
       "sufficient": true
      },
      "rho_resid": {
       "n": 16971,
       "note": "ok",
       "rho": "0.18742800223053078191847586269996468601138502184339",
       "sufficient": true
      },
      "tick": {
       "T": "0.00035354428142124801131341700547993636202934417535796",
       "T_delta": "0.00047678645926455688658442100244353060373085404374516",
       "exact_copy_merge": false,
       "n_common": 16971,
       "n_shift": 16779,
       "non_constant": true,
       "sufficient": true
      }
     },
     "binance×okx_ticker": {
      "basis_doc_triggered": false,
      "coaberrance": {
       "K": 153,
       "gate": "2.0226683061215242827068928481636878880634248723645",
       "n": 16980,
       "note": "garde §5.4 (n·p·(1−p) < 10) : queue exacte P(K≥K_obs|Bin(n,p_co))",
       "p_co": "0.00011913482361983404573523066699408019689206868469938",
       "queue": "2.2320330830514743395033577382272298756646726531967E-224",
       "z": null
      },
      "delta": {
       "best_corr": "0.89634579858065237063744276312132688670128838451508",
       "best_lag": 0,
       "n_jumps_a": 98,
       "n_jumps_b": 97,
       "note": "lag=0 (>0 : binance précède okx_ticker)"
      },
      "is_peg_usdt_usd": false,
      "rho_raw": {
       "n": 16499,
       "note": "ok",
       "rho": "0.97603081519998550511249007761905648780174281365998",
       "sufficient": true
      },
      "rho_resid": {
       "n": 16980,
       "note": "ok",
       "rho": "0.92381934589904007067780919251117893699174477494610",
       "sufficient": true
      },
      "tick": {
       "T": "0.0029446407538280329799764428739693757361601884570082",
       "T_delta": "0.00077436263998093876578508458422682868715749344770074",
       "exact_copy_merge": false,
       "n_common": 16980,
       "n_shift": 16788,
       "non_constant": true,
       "sufficient": true
      }
     },
     "bitfinex×chainlink": {
      "basis_doc_triggered": false,
      "coaberrance": {
       "K": 2410,
       "gate": "2259.2814693449350245844046061071667716390062805069",
       "n": 17279,
       "note": "z co-aberrance (seuil 2.33, unilatéral)",
       "p_co": "0.15467844279240767136299000119039867255727059058032",
       "queue": null,
       "z": "-5.5265793249570230992787501211062151498834216634439"
      },
      "delta": {
       "best_corr": "0.12714371971930164882220836625203805198592947929437",
       "best_lag": 1,
       "n_jumps_a": 103,
       "n_jumps_b": 178,
       "note": "lag=1 (>0 : bitfinex précède chainlink)"
      },
      "is_peg_usdt_usd": false,
      "rho_raw": {
       "n": 17043,
       "note": "ok",
       "rho": "0.076470714112791225328445622046958025885126619614725",
       "sufficient": true
      },
      "rho_resid": {
       "n": 17278,
       "note": "ok",
       "rho": "-0.040442751136233873783307110895275027916790734288126",
       "sufficient": true
      },
      "tick": {
       "T": "0",
       "T_delta": "0",
       "exact_copy_merge": false,
       "n_common": 17279,
       "n_shift": 17065,
       "non_constant": true,
       "sufficient": true
      }
     },
     "bitfinex×coingecko": {
      "basis_doc_triggered": false,
      "coaberrance": {
       "K": 525,
       "gate": "655.64341021107306592599645943147850848961332821999",
       "n": 17270,
       "note": "z co-aberrance (seuil 2.33, unilatéral)",
       "p_co": "0.039526653387108725514487872540384351669338336693457",
       "queue": null,
       "z": "-6.1559075211259089768397070622849329645328341205513"
      },
      "delta": {
       "best_corr": "0.44109185032646029545660217240088549485844305255437",
       "best_lag": 2,
       "n_jumps_a": 103,
       "n_jumps_b": 107,
       "note": "lag=2 (>0 : bitfinex précède coingecko)"
      },
      "is_peg_usdt_usd": false,
      "rho_raw": {
       "n": 17028,
       "note": "ok",
       "rho": "0.00075850345521307504279988839421336884196948121365486",
       "sufficient": true
      },
      "rho_resid": {
       "n": 17269,
       "note": "ok",
       "rho": "0.041874834852188494797540049230779254876238669146721",
       "sufficient": true
      },
      "tick": {
       "T": "0.0042848870874348581354950781702374059061957151129126",
       "T_delta": "0.0056285178236397748592870544090056285178236397748593",
       "exact_copy_merge": false,
       "n_common": 17270,
       "n_shift": 17056,
       "non_constant": true,
       "sufficient": true
      }
     },
     "bitfinex×defillama": {
      "basis_doc_triggered": false,
      "coaberrance": {
       "K": 930,
       "gate": "1092.4134302931860350567307867725441698324416114522",
       "n": 17252,
       "note": "z co-aberrance (seuil 2.33, unilatéral)",
       "p_co": "0.067936316311461437227424688214457297504366338853700",
       "queue": null,
       "z": "-7.3229966633369485011177032024236403683513639122823"
      },
      "delta": {
       "best_corr": "0.13560994229592849039383881339136599739334967229627",
       "best_lag": 2,
       "n_jumps_a": 103,
       "n_jumps_b": 216,
       "note": "lag=2 (>0 : bitfinex précède defillama)"
      },
      "is_peg_usdt_usd": false,
      "rho_raw": {
       "n": 16986,
       "note": "ok",
       "rho": "-0.049841119206888892388376115450936087119515875779272",
       "sufficient": true
      },
      "rho_resid": {
       "n": 17251,
       "note": "ok",
       "rho": "0.021667067722490276635550634447204750473783239846977",
       "sufficient": true
      },
      "tick": {
       "T": "0",
       "T_delta": "0",
       "exact_copy_merge": false,
       "n_common": 17252,
       "n_shift": 17038,
       "non_constant": true,
       "sufficient": true
      }
     },
     "bitstamp×bitfinex": {
      "basis_doc_triggered": false,
      "coaberrance": {
       "K": 5,
       "gate": "4.3885068306177746358762831348690433357355706252078",
       "n": 16990,
       "note": "garde §5.4 (n·p·(1−p) < 10) : queue exacte P(K≥K_obs|Bin(n,p_co))",
       "p_co": "0.00025836615451875752831790746279101268239011903619517",
       "queue": "0.44683872391189439423006239491234744317480368179588",
       "z": null
      },
      "delta": {
       "best_corr": "0.57426940985619730447866200923942579816289475959557",
       "best_lag": 0,
       "n_jumps_a": 105,
       "n_jumps_b": 103,
       "note": "lag=0 (>0 : bitstamp précède bitfinex)"
      },
      "is_peg_usdt_usd": false,
      "rho_raw": {
       "n": 16517,
       "note": "ok",
       "rho": "0.86105407150301076673387338128438099390842115049680",
       "sufficient": true
      },
      "rho_resid": {
       "n": 16990,
       "note": "ok",
       "rho": "-0.15085195771336781111480378954280760257512432289334",
       "sufficient": true
      },
      "tick": {
       "T": "0.00035314891112419070041200706297822248381400824014126",
       "T_delta": "0.00035724918130395951175945221792200059541530217326585",
       "exact_copy_merge": false,
       "n_common": 16990,
       "n_shift": 16795,
       "non_constant": true,
       "sufficient": true
      }
     },
     "bitstamp×chainlink": {
      "basis_doc_triggered": false,
      "coaberrance": {
       "K": 9,
       "gate": "11.613124585094372371728645574187168133203281032042",
       "n": 16972,
       "note": "z co-aberrance (seuil 2.33, unilatéral)",
       "p_co": "0.00068472082145640996700058973343904135349517740022816",
       "queue": null,
       "z": "-0.76914111805955958438213395599017637591514352239242"
      },
      "delta": {
       "best_corr": "0.096648338849954916822928731058680235131617938147729",
       "best_lag": 1,
       "n_jumps_a": 105,
       "n_jumps_b": 178,
       "note": "lag=1 (>0 : bitstamp précède chainlink)"
      },
      "is_peg_usdt_usd": false,
      "rho_raw": {
       "n": 16487,
       "note": "ok",
       "rho": "0.061397392334077156791354777592026423570890839673054",
       "sufficient": true
      },
      "rho_resid": {
       "n": 16972,
       "note": "ok",
       "rho": "-0.027742951005347193328009310721114173061236537254282",
       "sufficient": true
      },
      "tick": {
       "T": "0",
       "T_delta": "0",
       "exact_copy_merge": false,
       "n_common": 16972,
       "n_shift": 16780,
       "non_constant": true,
       "sufficient": true
      }
     },
     "bitstamp×coingecko": {
      "basis_doc_triggered": false,
      "coaberrance": {
       "K": 3,
       "gate": "4.0027688208107770748393983144773951802793390020053",
       "n": 16964,
       "note": "garde §5.4 (n·p·(1−p) < 10) : queue exacte P(K≥K_obs|Bin(n,p_co))",
       "p_co": "0.00023601236422764914713772277573975119983058010246923",
       "queue": "0.76247493158841962265783045387784737560785738787047",
       "z": null
      },
      "delta": {
       "best_corr": "0.48467336880968348514624756523045935276221694033915",
       "best_lag": 2,
       "n_jumps_a": 105,
       "n_jumps_b": 107,
       "note": "lag=2 (>0 : bitstamp précède coingecko)"
      },
      "is_peg_usdt_usd": false,
      "rho_raw": {
       "n": 16474,
       "note": "ok",
       "rho": "0.0076469849230346987466529703835714448354835320669773",
       "sufficient": true
      },
      "rho_resid": {
       "n": 16964,
       "note": "ok",
       "rho": "-0.078466903861843710762839842222476190170731209872486",
       "sufficient": true
      },
      "tick": {
       "T": "0.00047158688988446121197830700306531478424899787785900",
       "T_delta": "0.00065597232989444808873516608026715963981155703977578",
       "exact_copy_merge": false,
       "n_common": 16964,
       "n_shift": 16769,
       "non_constant": true,
       "sufficient": true
      }
     },
     "bitstamp×defillama": {
      "basis_doc_triggered": false,
      "coaberrance": {
       "K": 4,
       "gate": "5.7827404585078679351533933406959634039187127179994",
       "n": 16945,
       "note": "garde §5.4 (n·p·(1−p) < 10) : queue exacte P(K≥K_obs|Bin(n,p_co))",
       "p_co": "0.00034138183860947377961834936959968293441689614073479",
       "queue": "0.82857388706419279298226346742528742583826374503029",
       "z": null
      },
      "delta": {
       "best_corr": "0.11057247822392426565374373073806291897500358418451",
       "best_lag": 2,
       "n_jumps_a": 105,
       "n_jumps_b": 216,
       "note": "lag=2 (>0 : bitstamp précède defillama)"
      },
      "is_peg_usdt_usd": false,
      "rho_raw": {
       "n": 16432,
       "note": "ok",
       "rho": "-0.027521873461512010675251301408558941714869806065425",
       "sufficient": true
      },
      "rho_resid": {
       "n": 16945,
       "note": "ok",
       "rho": "-0.10796610138088382975428702346946476871372143675017",
       "sufficient": true
      },
      "tick": {
       "T": "0",
       "T_delta": "0",
       "exact_copy_merge": false,
       "n_common": 16945,
       "n_shift": 16752,
       "non_constant": true,
       "sufficient": true
      }
     },
     "bitstamp×gemini": {
      "basis_doc_triggered": false,
      "coaberrance": {
       "K": 2,
       "gate": "0.14065882231984180894511719087599993968777646416920",
       "n": 16970,
       "note": "garde §5.4 (n·p·(1−p) < 10) : queue exacte P(K≥K_obs|Bin(n,p_co))",
       "p_co": "0.0000082887441493515715799207516887404685519074355278421",
       "queue": "0.0090116664439529270245412025684007260964158951333594",
       "z": null
      },
      "delta": {
       "best_corr": "0.67405333261505112468737748097315225982486418464175",
       "best_lag": 0,
       "n_jumps_a": 105,
       "n_jumps_b": 112,
       "note": "lag=0 (>0 : bitstamp précède gemini)"
      },
      "is_peg_usdt_usd": false,
      "rho_raw": {
       "n": 16480,
       "note": "ok",
       "rho": "0.90888115946675471813823705205732628993759533538786",
       "sufficient": true
      },
      "rho_resid": {
       "n": 16970,
       "note": "ok",
       "rho": "0.56809835653242355813289560537266429594550750964153",
       "sufficient": true
      },
      "tick": {
       "T": "0.00076605774896876841484973482616381850324101355332940",
       "T_delta": "0.00041736227045075125208681135225375626043405676126878",
       "exact_copy_merge": false,
       "n_common": 16970,
       "n_shift": 16772,
       "non_constant": true,
       "sufficient": true
      }
     },
     "coinbase×bitfinex": {
      "basis_doc_triggered": false,
      "coaberrance": {
       "K": 3,
       "gate": "0.093814639721898384784695681488834968403452819837251",
       "n": 17268,
       "note": "garde §5.4 (n·p·(1−p) < 10) : queue exacte P(K≥K_obs|Bin(n,p_co))",
       "p_co": "0.0000054328902831429246141802782702256846769796607075507",
       "queue": "0.00012826611129106756142292913541682486788635215804938",
       "z": null
      },
      "delta": {
       "best_corr": "0.56219502640678887928231614354947330021803887878630",
       "best_lag": 0,
       "n_jumps_a": 84,
       "n_jumps_b": 103,
       "note": "lag=0 (>0 : coinbase précède bitfinex)"
      },
      "is_peg_usdt_usd": false,
      "rho_raw": {
       "n": 17024,
       "note": "ok",
       "rho": "0.84760205952637669314951766827243826517363053002460",
       "sufficient": true
      },
      "rho_resid": {
       "n": 17268,
       "note": "ok",
       "rho": "-0.15869214050521047681864961341078415896204161187098",
       "sufficient": true
      },
      "tick": {
       "T": "0.00028955293027565438962242297892054667593236043548761",
       "T_delta": "0.00011725391334935803482441226475933634285044263352289",
       "exact_copy_merge": false,
       "n_common": 17268,
       "n_shift": 17057,
       "non_constant": true,
       "sufficient": true
      }
     },
     "coinbase×bitstamp": {
      "basis_doc_triggered": false,
      "coaberrance": {
       "K": 2,
       "gate": "0.014322751082073268804394067484750104021950831867966",
       "n": 16966,
       "note": "garde §5.4 (n·p·(1−p) < 10) : queue exacte P(K≥K_obs|Bin(n,p_co))",
       "p_co": "8.4420388856569814918129106886898593492398392141087E-7",
       "queue": "0.00010159074054901640213058968116804842486431729994971",
       "z": null
      },
      "delta": {
       "best_corr": "0.80817911824024411519591834553165017897662133043537",
       "best_lag": 0,
       "n_jumps_a": 84,
       "n_jumps_b": 105,
       "note": "lag=0 (>0 : coinbase précède bitstamp)"
      },
      "is_peg_usdt_usd": false,
      "rho_raw": {
       "n": 16476,
       "note": "ok",
       "rho": "0.96436212723962347693228704348329279775016384519777",
       "sufficient": true
      },
      "rho_resid": {
       "n": 16966,
       "note": "ok",
       "rho": "0.77608371234741295550115505804721099907232009412242",
       "sufficient": true
      },
      "tick": {
       "T": "0.00064835553459860898267122480254626900860544618649063",
       "T_delta": "0.00035786711201240605988309674340928068710485506381963",
       "exact_copy_merge": false,
       "n_common": 16966,
       "n_shift": 16766,
       "non_constant": true,
       "sufficient": true
      }
     },
     "coinbase×chainlink": {
      "basis_doc_triggered": false,
      "coaberrance": {
       "K": 2,
       "gate": "3.0964874389387688008547711021615846141201610914770",
       "n": 17250,
       "note": "garde §5.4 (n·p·(1−p) < 10) : queue exacte P(K≥K_obs|Bin(n,p_co))",
       "p_co": "0.00017953875236294896030245746691871455576559546313800",
       "queue": "0.81491131457682275592186504601023164707176524821998",
       "z": null
      },
      "delta": {
       "best_corr": "0.11739965697052901796878909015051951875080659718197",
       "best_lag": 1,
       "n_jumps_a": 84,
       "n_jumps_b": 178,
       "note": "lag=1 (>0 : coinbase précède chainlink)"
      },
      "is_peg_usdt_usd": false,
      "rho_raw": {
       "n": 16992,
       "note": "ok",
       "rho": "0.054938385873707549784155065809780405471324426377520",
       "sufficient": true
      },
      "rho_resid": {
       "n": 17249,
       "note": "ok",
       "rho": "-0.15166251656202779939792281991281187437348426538096",
       "sufficient": true
      },
      "tick": {
       "T": "0.000057971014492753623188405797101449275362318840579710",
       "T_delta": "0.00011737778038617289747050883267797405951053465578966",
       "exact_copy_merge": false,
       "n_common": 17250,
       "n_shift": 17039,
       "non_constant": true,
       "sufficient": true
      }
     },
     "coinbase×coingecko": {
      "basis_doc_triggered": false,
      "coaberrance": {
       "K": 0,
       "gate": "1.1259052358799406702255126802777104783873575480409",
       "n": 17241,
       "note": "garde §5.4 (n·p·(1−p) < 10) : queue exacte P(K≥K_obs|Bin(n,p_co))",
       "p_co": "0.000065308205529434123625193392674684084045150889961305",
       "queue": "1",
       "z": null
      },
      "delta": {
       "best_corr": "0.47124544402461399165438275419349479734818419426770",
       "best_lag": 2,
       "n_jumps_a": 84,
       "n_jumps_b": 107,
       "note": "lag=2 (>0 : coinbase précède coingecko)"
      },
      "is_peg_usdt_usd": false,
      "rho_raw": {
       "n": 16976,
       "note": "ok",
       "rho": "-0.0011653279441187747688317858483299633385271180118320",
       "sufficient": true
      },
      "rho_resid": {
       "n": 17241,
       "note": "ok",
       "rho": "-0.22767810307669966440257391231766581595134023865443",
       "sufficient": true
      },
      "tick": {
       "T": "0.00052201148425265355837828432225508961197146337219419",
       "T_delta": "0.00070463887257780387551379917792131532589547856723429",
       "exact_copy_merge": false,
       "n_common": 17241,
       "n_shift": 17030,
       "non_constant": true,
       "sufficient": true
      }
     },
     "coinbase×defillama": {
      "basis_doc_triggered": false,
      "coaberrance": {
       "K": 1,
       "gate": "1.5790225994511207787704184957597457312222088647950",
       "n": 17223,
       "note": "garde §5.4 (n·p·(1−p) < 10) : queue exacte P(K≥K_obs|Bin(n,p_co))",
       "p_co": "0.000091689449714935923122371039410959304356817473157094",
       "queue": "0.79386825862486204417935527565298973294107097109291",
       "z": null
      },
      "delta": {
       "best_corr": "0.098817878465524502007627614637729400539391997810141",
       "best_lag": 2,
       "n_jumps_a": 84,
       "n_jumps_b": 216,
       "note": "lag=2 (>0 : coinbase précède defillama)"
      },
      "is_peg_usdt_usd": false,
      "rho_raw": {
       "n": 16936,
       "note": "ok",
       "rho": "-0.030077602526887080378688606310525601266875787765192",
       "sufficient": true
      },
      "rho_resid": {
       "n": 17222,
       "note": "ok",
       "rho": "-0.25981681320696552804314600727459121121801064220118",
       "sufficient": true
      },
      "tick": {
       "T": "0",
       "T_delta": "0",
       "exact_copy_merge": false,
       "n_common": 17223,
       "n_shift": 17012,
       "non_constant": true,
       "sufficient": true
      }
     },
     "coinbase×gemini": {
      "basis_doc_triggered": false,
      "coaberrance": {
       "K": 1,
       "gate": "0.030789693377675791553874133638100102101659727865432",
       "n": 17246,
       "note": "garde §5.4 (n·p·(1−p) < 10) : queue exacte P(K≥K_obs|Bin(n,p_co))",
       "p_co": "0.0000017853269365326965851059836641038696352791576871894",
       "queue": "0.030320598304475736407553166984542165568347389613488",
       "z": null
      },
      "delta": {
       "best_corr": "0.69853477527857989181912069950785097825262459323457",
       "best_lag": 0,
       "n_jumps_a": 84,
       "n_jumps_b": 112,
       "note": "lag=0 (>0 : coinbase précède gemini)"
      },
      "is_peg_usdt_usd": false,
      "rho_raw": {
       "n": 16983,
       "note": "ok",
       "rho": "0.90014414719858981831307738378661602708609522069701",
       "sufficient": true
      },
      "rho_resid": {
       "n": 17246,
       "note": "ok",
       "rho": "0.58434464161619343304526987214154511142666967079848",
       "sufficient": true
      },
      "tick": {
       "T": "0.00034790676098805520120607677142525803084773280760756",
       "T_delta": "0.00017611835153222965833039802747446283902782669954209",
       "exact_copy_merge": false,
       "n_common": 17246,
       "n_shift": 17034,
       "non_constant": true,
       "sufficient": true
      }
     },
     "coinbase×kraken": {
      "basis_doc_triggered": false,
      "coaberrance": {
       "K": 0,
       "gate": "0.0083381546308691497895941122982061968196150354427424",
       "n": 17270,
       "note": "garde §5.4 (n·p·(1−p) < 10) : queue exacte P(K≥K_obs|Bin(n,p_co))",
       "p_co": "4.8281173460509520611534707625642533567988777309458E-7",
       "queue": "1",
       "z": null
      },
      "delta": {
       "best_corr": "0.79541048338023480760934483268493091712050483064221",
       "best_lag": 0,
       "n_jumps_a": 84,
       "n_jumps_b": 100,
       "note": "lag=0 (>0 : coinbase précède kraken)"
      },
      "is_peg_usdt_usd": false,
      "rho_raw": {
       "n": 17028,
       "note": "ok",
       "rho": "0.94160152952683995585161826832668492376111971981605",
       "sufficient": true
      },
      "rho_resid": {
       "n": 17270,
       "note": "ok",
       "rho": "0.67282177646418557559554362058471368547709831992823",
       "sufficient": true
      },
      "tick": {
       "T": "0.00063694267515923566878980891719745222929936305732484",
       "T_delta": "0.00023450782669871606964882452951867268570088526704579",
       "exact_copy_merge": false,
       "n_common": 17270,
       "n_shift": 17057,
       "non_constant": true,
       "sufficient": true
      }
     },
     "coinbase×okx_index": {
      "basis_doc_triggered": false,
      "coaberrance": {
       "K": 0,
       "gate": "0E-103",
       "n": 17244,
       "note": "dégénérée p_co ∈ {0,1} — sans pouvoir de test (§5.4)",
       "p_co": "0E-54",
       "queue": null,
       "z": null
      },
      "delta": {
       "best_corr": "0.83769912873504523625133273073840616694624406066525",
       "best_lag": 0,
       "n_jumps_a": 84,
       "n_jumps_b": 103,
       "note": "lag=0 (>0 : coinbase précède okx_index)"
      },
      "is_peg_usdt_usd": false,
      "rho_raw": {
       "n": 16979,
       "note": "ok",
       "rho": "0.98130884856056240755704505750855535773354734951951",
       "sufficient": true
      },
      "rho_resid": {
       "n": 17244,
       "note": "ok",
       "rho": "0.89471246665144376833056557139571070732667068797602",
       "sufficient": true
      },
      "tick": {
       "T": "0.00098585015077708188355369983762468104848063094409650",
       "T_delta": "0.00029354781893970527798978453590089825632595549815065",
       "exact_copy_merge": false,
       "n_common": 17244,
       "n_shift": 17033,
       "non_constant": true,
       "sufficient": true
      }
     },
     "coinbase×okx_ticker": {
      "basis_doc_triggered": false,
      "coaberrance": {
       "K": 0,
       "gate": "0.015127790595812343787842134162258565867020209608252",
       "n": 17253,
       "note": "garde §5.4 (n·p·(1−p) < 10) : queue exacte P(K≥K_obs|Bin(n,p_co))",
       "p_co": "8.7682164610202436651072242514596283648899932003991E-7",
       "queue": "1",
       "z": null
      },
      "delta": {
       "best_corr": "0.87910665665806367841307031239766612121386018461972",
       "best_lag": 0,
       "n_jumps_a": 84,
       "n_jumps_b": 97,
       "note": "lag=0 (>0 : coinbase précède okx_ticker)"
      },
      "is_peg_usdt_usd": true,
      "rho_raw": {
       "n": 16998,
       "note": "ok",
       "rho": "0.97902611871759573875170390816732842681329421781069",
       "sufficient": true
      },
      "rho_resid": {
       "n": 17253,
       "note": "ok",
       "rho": "0.24906973835099404835055572859317785249950975123519",
       "sufficient": true
      },
      "tick": {
       "T": "0.00057960934330261403813829478931200370949979713672984",
       "T_delta": "0.00041070171321286083079089415630133771415160760384886",
       "exact_copy_merge": false,
       "n_common": 17253,
       "n_shift": 17044,
       "non_constant": true,
       "sufficient": true
      }
     },
     "coingecko×chainlink": {
      "basis_doc_triggered": false,
      "coaberrance": {
       "K": 1812,
       "gate": "1043.1182290549638778664264150212908951979958408502",
       "n": 17252,
       "note": "z co-aberrance (seuil 2.33, unilatéral)",
       "p_co": "0.064642229540324467802306304241233817774881788051576",
       "queue": null,
       "z": "21.574291771567331225939634107345935180709977580792"
      },
      "delta": {
       "best_corr": "0.10957571982423930907816953656887322859798634999834",
       "best_lag": -1,
       "n_jumps_a": 107,
       "n_jumps_b": 178,
       "note": "lag=-1 (>0 : coingecko précède chainlink)"
      },
      "is_peg_usdt_usd": false,
      "rho_raw": {
       "n": 16995,
       "note": "ok",
       "rho": "0.11198590496534365058974440410959752449258062402140",
       "sufficient": true
      },
      "rho_resid": {
       "n": 17251,
       "note": "ok",
       "rho": "0.37752651461903402897275682863843924881852038937937",
       "sufficient": true
      },
      "tick": {
       "T": "0",
       "T_delta": "0",
       "exact_copy_merge": false,
       "n_common": 17252,
       "n_shift": 17042,
       "non_constant": true,
       "sufficient": true
      }
     },
     "coingecko×defillama": {
      "basis_doc_triggered": true,
      "coaberrance": {
       "K": 2530,
       "gate": "523.23975391087876097608424387283123610051234990702",
       "n": 17224,
       "note": "z co-aberrance (seuil 2.33, unilatéral)",
       "p_co": "0.031362109174185061124056151247926558368420132937568",
       "queue": null,
       "z": "86.988774790168340768124093474497079692545915358799"
      },
      "delta": {
       "best_corr": "0.10635697253090812393037262081522195868801028654067",
       "best_lag": 1,
       "n_jumps_a": 107,
       "n_jumps_b": 216,
       "note": "lag=1 (>0 : coingecko précède defillama)"
      },
      "is_peg_usdt_usd": false,
      "rho_raw": {
       "n": 16937,
       "note": "ok",
       "rho": "0.17038306680985049488760608804750520729286897138032",
       "sufficient": true
      },
      "rho_resid": {
       "n": 17223,
       "note": "ok",
       "rho": "0.76503662612607270381498569660621100221339308610948",
       "sufficient": true
      },
      "tick": {
       "T": "0",
       "T_delta": "0",
       "exact_copy_merge": false,
       "n_common": 17224,
       "n_shift": 17015,
       "non_constant": true,
       "sufficient": true
      }
     },
     "defillama×chainlink": {
      "basis_doc_triggered": false,
      "coaberrance": {
       "K": 2939,
       "gate": "1518.7360625239991596757630818263791803324048116780",
       "n": 17234,
       "note": "z co-aberrance (seuil 2.33, unilatéral)",
       "p_co": "0.097662341898486666253931894641552981333780383360931",
       "queue": null,
       "z": "32.226228439671190881796259935799323965216767612101"
      },
      "delta": {
       "best_corr": "0.088460072561143437322698506324070230191683187145439",
       "best_lag": -3,
       "n_jumps_a": 216,
       "n_jumps_b": 178,
       "note": "lag=-3 (>0 : defillama précède chainlink)"
      },
      "is_peg_usdt_usd": false,
      "rho_raw": {
       "n": 16954,
       "note": "ok",
       "rho": "0.059370784877823970660723233716055154890871612148296",
       "sufficient": true
      },
      "rho_resid": {
       "n": 17232,
       "note": "ok",
       "rho": "0.45526028263758089996909761878726639839427528300399",
       "sufficient": true
      },
      "tick": {
       "T": "0",
       "T_delta": "0",
       "exact_copy_merge": false,
       "n_common": 17234,
       "n_shift": 17021,
       "non_constant": true,
       "sufficient": true
      }
     },
     "gemini×bitfinex": {
      "basis_doc_triggered": false,
      "coaberrance": {
       "K": 74,
       "gate": "56.290049849673745059058138290504287831718027976721",
       "n": 17275,
       "note": "z co-aberrance (seuil 2.33, unilatéral)",
       "p_co": "0.0032691562596208016654065816231431198309461528312121",
       "queue": null,
       "z": "2.3358786602911455779643417512831911540135866013967"
      },
      "delta": {
       "best_corr": "0.53709257473548855593576992506866071853385173672562",
       "best_lag": 0,
       "n_jumps_a": 112,
       "n_jumps_b": 103,
       "note": "lag=0 (>0 : gemini précède bitfinex)"
      },
      "is_peg_usdt_usd": false,
      "rho_raw": {
       "n": 17035,
       "note": "ok",
       "rho": "0.83216114395622173795603309454486891785324014868431",
       "sufficient": true
      },
      "rho_resid": {
       "n": 17274,
       "note": "ok",
       "rho": "0.10034082606640407812309369656468099920683918674145",
       "sufficient": true
      },
      "tick": {
       "T": "0.00040520984081041968162083936324167872648335745296671",
       "T_delta": "0.00029306605708926792098939100873336850126018404548385",
       "exact_copy_merge": false,
       "n_common": 17275,
       "n_shift": 17061,
       "non_constant": true,
       "sufficient": true
      }
     },
     "gemini×chainlink": {
      "basis_doc_triggered": false,
      "coaberrance": {
       "K": 48,
       "gate": "51.715539587331609565996392856748528131200824375550",
       "n": 17256,
       "note": "z co-aberrance (seuil 2.33, unilatéral)",
       "p_co": "0.0030059958853547731625575021885381854509119428523406",
       "queue": null,
       "z": "-0.53835011099789345232428642740026515472734628338235"
      },
      "delta": {
       "best_corr": "0.10211428003964653141309642422939554366737144305234",
       "best_lag": 1,
       "n_jumps_a": 112,
       "n_jumps_b": 178,
       "note": "lag=1 (>0 : gemini précède chainlink)"
      },
      "is_peg_usdt_usd": false,
      "rho_raw": {
       "n": 17001,
       "note": "ok",
       "rho": "0.063815610528044051508783497367613538998636045967757",
       "sufficient": true
      },
      "rho_resid": {
       "n": 17255,
       "note": "ok",
       "rho": "-0.11322094025633832204429794691876553021334461849098",
       "sufficient": true
      },
      "tick": {
       "T": "0",
       "T_delta": "0",
       "exact_copy_merge": false,
       "n_common": 17256,
       "n_shift": 17043,
       "non_constant": true,
       "sufficient": true
      }
     },
     "gemini×coingecko": {
      "basis_doc_triggered": false,
      "coaberrance": {
       "K": 37,
       "gate": "15.363299185144997713782577274932064476401754263379",
       "n": 17249,
       "note": "z co-aberrance (seuil 2.33, unilatéral)",
       "p_co": "0.00089147239624011052324449959921587346664558136832306",
       "queue": null,
       "z": "5.5166261836066196601148548453486751998153659512169"
      },
      "delta": {
       "best_corr": "0.43031662069487339987205855040961899586597789222780",
       "best_lag": 2,
       "n_jumps_a": 112,
       "n_jumps_b": 107,
       "note": "lag=2 (>0 : gemini précède coingecko)"
      },
      "is_peg_usdt_usd": false,
      "rho_raw": {
       "n": 16990,
       "note": "ok",
       "rho": "0.00098661298660539895044344950384607293025701218379512",
       "sufficient": true
      },
      "rho_resid": {
       "n": 17248,
       "note": "ok",
       "rho": "-0.089060719167038231175592658507302315533123313080027",
       "sufficient": true
      },
      "tick": {
       "T": "0.00063771812858716447330280016232825091309641138616731",
       "T_delta": "0.00058699225170227752993660483681615402676684667762386",
       "exact_copy_merge": false,
       "n_common": 17249,
       "n_shift": 17036,
       "non_constant": true,
       "sufficient": true
      }
     },
     "gemini×defillama": {
      "basis_doc_triggered": false,
      "coaberrance": {
       "K": 34,
       "gate": "23.968188634822048966512559230795496790188776327830",
       "n": 17229,
       "note": "z co-aberrance (seuil 2.33, unilatéral)",
       "p_co": "0.0013930945015305480599798730245992634087442872670255",
       "queue": null,
       "z": "2.0422636485433904136080222568131414640591376589934"
      },
      "delta": {
       "best_corr": "0.11850210348078890539809396332485140252187216602062",
       "best_lag": 2,
       "n_jumps_a": 112,
       "n_jumps_b": 216,
       "note": "lag=2 (>0 : gemini précède defillama)"
      },
      "is_peg_usdt_usd": false,
      "rho_raw": {
       "n": 16945,
       "note": "ok",
       "rho": "-0.027927186667777913700782919677227121346550449698452",
       "sufficient": true
      },
      "rho_resid": {
       "n": 17228,
       "note": "ok",
       "rho": "-0.14643547017810135963115090275863693141035870439721",
       "sufficient": true
      },
      "tick": {
       "T": "0",
       "T_delta": "0",
       "exact_copy_merge": false,
       "n_common": 17229,
       "n_shift": 17017,
       "non_constant": true,
       "sufficient": true
      }
     },
     "kraken×bitfinex": {
      "basis_doc_triggered": false,
      "coaberrance": {
       "K": 8,
       "gate": "23.426876901052678178256976969330953304866830183723",
       "n": 17297,
       "note": "z co-aberrance (seuil 2.33, unilatéral)",
       "p_co": "0.0013562289563955135378582907877281201821705625475537",
       "queue": null,
       "z": "-3.1938576360972693069218017534067354536203434046675"
      },
      "delta": {
       "best_corr": "0.57461822545312902027912021091381484706654671811890",
       "best_lag": 0,
       "n_jumps_a": 100,
       "n_jumps_b": 103,
       "note": "lag=0 (>0 : kraken précède bitfinex)"
      },
      "is_peg_usdt_usd": false,
      "rho_raw": {
       "n": 17077,
       "note": "ok",
       "rho": "0.86597655758480241755330859921231761208752000088143",
       "sufficient": true
      },
      "rho_resid": {
       "n": 17297,
       "note": "ok",
       "rho": "-0.071158618193042704296001957205512371767317260200645",
       "sufficient": true
      },
      "tick": {
       "T": "0.0010406428860496039775683644562640920390819217205296",
       "T_delta": "0.00064391500321957501609787508048937540244687701223439",
       "exact_copy_merge": false,
       "n_common": 17297,
       "n_shift": 17083,
       "non_constant": true,
       "sufficient": true
      }
     },
     "kraken×bitstamp": {
      "basis_doc_triggered": false,
      "coaberrance": {
       "K": 0,
       "gate": "0.046612784841172850196265480676999692107738930460291",
       "n": 16991,
       "note": "garde §5.4 (n·p·(1−p) < 10) : queue exacte P(K≥K_obs|Bin(n,p_co))",
       "p_co": "0.0000027433884243716101682043145179689361210006934641657",
       "queue": "1",
       "z": null
      },
      "delta": {
       "best_corr": "0.79899266923915903168863135472741508711138155377190",
       "best_lag": 0,
       "n_jumps_a": 100,
       "n_jumps_b": 105,
       "note": "lag=0 (>0 : kraken précède bitstamp)"
      },
      "is_peg_usdt_usd": false,
      "rho_raw": {
       "n": 16519,
       "note": "ok",
       "rho": "0.94420799799908278212630825862706899856349528337444",
       "sufficient": true
      },
      "rho_resid": {
       "n": 16991,
       "note": "ok",
       "rho": "0.66034498232764795433211354901263510371951574095088",
       "sufficient": true
      },
      "tick": {
       "T": "0.0015890765699487964216349832264139838738155494085104",
       "T_delta": "0.00041689000059555714370793877672562682389375260556250",
       "exact_copy_merge": false,
       "n_common": 16991,
       "n_shift": 16791,
       "non_constant": true,
       "sufficient": true
      }
     },
     "kraken×chainlink": {
      "basis_doc_triggered": false,
      "coaberrance": {
       "K": 18,
       "gate": "18.640281754648656272499123194825110513599395273281",
       "n": 17278,
       "note": "z co-aberrance (seuil 2.33, unilatéral)",
       "p_co": "0.0010800112996619788898163839765883738226498409449172",
       "queue": null,
       "z": "-0.15296920140611337053354777845718946445220501279178"
      },
      "delta": {
       "best_corr": "0.099351378801591701238989063646320813887198596841593",
       "best_lag": 1,
       "n_jumps_a": 100,
       "n_jumps_b": 178,
       "note": "lag=1 (>0 : kraken précède chainlink)"
      },
      "is_peg_usdt_usd": false,
      "rho_raw": {
       "n": 17043,
       "note": "ok",
       "rho": "0.057685111866822252644590848789576231818159903631547",
       "sufficient": true
      },
      "rho_resid": {
       "n": 17278,
       "note": "ok",
       "rho": "-0.044355545629127447712303678928778899979670289094429",
       "sufficient": true
      },
      "tick": {
       "T": "0.00028938534552610255816645445074661419145734460006945",
       "T_delta": "0.00029299736302373278640492235569879871081160269557574",
       "exact_copy_merge": false,
       "n_common": 17278,
       "n_shift": 17065,
       "non_constant": true,
       "sufficient": true
      }
     },
     "kraken×coingecko": {
      "basis_doc_triggered": false,
      "coaberrance": {
       "K": 10,
       "gate": "5.3291205589583544426518733844854380585699671266191",
       "n": 17269,
       "note": "garde §5.4 (n·p·(1−p) < 10) : queue exacte P(K≥K_obs|Bin(n,p_co))",
       "p_co": "0.00030868991329477530057245536266628465575934139078713",
       "queue": "0.045441534294982518977123284671252526627489558286396",
       "z": null
      },
      "delta": {
       "best_corr": "0.46265669573247772083463816898627553406658999953471",
       "best_lag": 2,
       "n_jumps_a": 100,
       "n_jumps_b": 107,
       "note": "lag=2 (>0 : kraken précède coingecko)"
      },
      "is_peg_usdt_usd": false,
      "rho_raw": {
       "n": 17028,
       "note": "ok",
       "rho": "0.0095406516148421786220453008325722694963739399984471",
       "sufficient": true
      },
      "rho_resid": {
       "n": 17269,
       "note": "ok",
       "rho": "-0.0015086564362425990794055091410085157236914089175772",
       "sufficient": true
      },
      "tick": {
       "T": "0.0012160518848804215646534252128090798540737738143494",
       "T_delta": "0.0028728893058161350844277673545966228893058161350844",
       "exact_copy_merge": false,
       "n_common": 17269,
       "n_shift": 17056,
       "non_constant": true,
       "sufficient": true
      }
     },
     "kraken×defillama": {
      "basis_doc_triggered": false,
      "coaberrance": {
       "K": 14,
       "gate": "8.5610478016507854007098123630814633855292061978881",
       "n": 17251,
       "note": "garde §5.4 (n·p·(1−p) < 10) : queue exacte P(K≥K_obs|Bin(n,p_co))",
       "p_co": "0.00049651037982066223846120008447262544826518597880627",
       "queue": "0.053990636482477780083287378618036923771199843213380",
       "z": null
      },
      "delta": {
       "best_corr": "0.097175441356225941149845029590677696633451337916441",
       "best_lag": 2,
       "n_jumps_a": 100,
       "n_jumps_b": 216,
       "note": "lag=2 (>0 : kraken précède defillama)"
      },
      "is_peg_usdt_usd": false,
      "rho_raw": {
       "n": 16986,
       "note": "ok",
       "rho": "-0.029059643463981840273034009590619213014519022559019",
       "sufficient": true
      },
      "rho_resid": {
       "n": 17251,
       "note": "ok",
       "rho": "-0.078309479023336706674075344275573013768347552386399",
       "sufficient": true
      },
      "tick": {
       "T": "0",
       "T_delta": "0",
       "exact_copy_merge": false,
       "n_common": 17251,
       "n_shift": 17038,
       "non_constant": true,
       "sufficient": true
      }
     },
     "kraken×gemini": {
      "basis_doc_triggered": false,
      "coaberrance": {
       "K": 2,
       "gate": "0.33597031082833700377030784846831753219290704170009",
       "n": 17275,
       "note": "garde §5.4 (n·p·(1−p) < 10) : queue exacte P(K≥K_obs|Bin(n,p_co))",
       "p_co": "0.000019448731991430025487925173985980593992221680024964",
       "queue": "0.045256420538223367494228640577253902249539883907107",
       "z": null
      },
      "delta": {
       "best_corr": "0.70374338496469511350447719734488669624592125885873",
       "best_lag": 0,
       "n_jumps_a": 100,
       "n_jumps_b": 112,
       "note": "lag=0 (>0 : kraken précède gemini)"
      },
      "is_peg_usdt_usd": false,
      "rho_raw": {
       "n": 17036,
       "note": "ok",
       "rho": "0.89219623302235058907431480277657976849632161650943",
       "sufficient": true
      },
      "rho_resid": {
       "n": 17275,
       "note": "ok",
       "rho": "0.52741193664192717570338615960176091686548864692948",
       "sufficient": true
      },
      "tick": {
       "T": "0.00052098408104196816208393632416787264833574529667149",
       "T_delta": "0.00017584994138335287221570926143024618991793669402110",
       "exact_copy_merge": false,
       "n_common": 17275,
       "n_shift": 17060,
       "non_constant": true,
       "sufficient": true
      }
     },
     "kraken×okx_index": {
      "basis_doc_triggered": false,
      "coaberrance": {
       "K": 0,
       "gate": "0.0026052216298742668827016787448768544399253671521104",
       "n": 17273,
       "note": "garde §5.4 (n·p·(1−p) < 10) : queue exacte P(K≥K_obs|Bin(n,p_co))",
       "p_co": "1.5082626195855764228977204651687042518181326610084E-7",
       "queue": "1",
       "z": null
      },
      "delta": {
       "best_corr": "0.80681942741383861133864054430083113058383444549023",
       "best_lag": 0,
       "n_jumps_a": 100,
       "n_jumps_b": 103,
       "note": "lag=0 (>0 : kraken précède okx_index)"
      },
      "is_peg_usdt_usd": false,
      "rho_raw": {
       "n": 17032,
       "note": "ok",
       "rho": "0.95968691745556954139539956938778516789013465077931",
       "sufficient": true
      },
      "rho_resid": {
       "n": 17273,
       "note": "ok",
       "rho": "0.79545844021168488254625667542084189515591917739326",
       "sufficient": true
      },
      "tick": {
       "T": "0.0068314710820355468071556764893185897064783187633879",
       "T_delta": "0.0018172225804560642476112316079488832874142681282607",
       "exact_copy_merge": false,
       "n_common": 17273,
       "n_shift": 17059,
       "non_constant": true,
       "sufficient": true
      }
     },
     "kraken×okx_ticker": {
      "basis_doc_triggered": false,
      "coaberrance": {
       "K": 2,
       "gate": "0.49553028790946243516037943690416262598630258984730",
       "n": 17282,
       "note": "garde §5.4 (n·p·(1−p) < 10) : queue exacte P(K≥K_obs|Bin(n,p_co))",
       "p_co": "0.000028674024833044787286615065654074930490266494458231",
       "queue": "0.088853650887634652098100988910621971381229571341952",
       "z": null
      },
      "delta": {
       "best_corr": "0.76012458744700485019669350152707114868977898143066",
       "best_lag": 0,
       "n_jumps_a": 100,
       "n_jumps_b": 97,
       "note": "lag=0 (>0 : kraken précède okx_ticker)"
      },
      "is_peg_usdt_usd": true,
      "rho_raw": {
       "n": 17051,
       "note": "ok",
       "rho": "0.93186853840648672505790710575891887888873360519910",
       "sufficient": true
      },
      "rho_resid": {
       "n": 17282,
       "note": "ok",
       "rho": "0.057265161535816059568247156244555355041119083372056",
       "sufficient": true
      },
      "tick": {
       "T": "0.0020830922346950584423099178335840759171392199976855",
       "T_delta": "0.0018160515524311657879320445225541886350322202694786",
       "exact_copy_merge": false,
       "n_common": 17282,
       "n_shift": 17070,
       "non_constant": true,
       "sufficient": true
      }
     },
     "okx_index×bitfinex": {
      "basis_doc_triggered": false,
      "coaberrance": {
       "K": 1,
       "gate": "0.51752733611653070632293478462726016294101917365900",
       "n": 17272,
       "note": "garde §5.4 (n·p·(1−p) < 10) : queue exacte P(K≥K_obs|Bin(n,p_co))",
       "p_co": "0.000029964268406045462609956361781235673197989994595906",
       "queue": "0.40402144729612327948674756492495868975311219232817",
       "z": null
      },
      "delta": {
       "best_corr": "0.54632889248930599253962048482489989080159483539834",
       "best_lag": 0,
       "n_jumps_a": 103,
       "n_jumps_b": 103,
       "note": "lag=0 (>0 : okx_index précède bitfinex)"
      },
      "is_peg_usdt_usd": false,
      "rho_raw": {
       "n": 17029,
       "note": "ok",
       "rho": "0.85933226475644528742451902650320843566609243084970",
       "sufficient": true
      },
      "rho_resid": {
       "n": 17272,
       "note": "ok",
       "rho": "-0.067009421367749063328349355518439955665504953010119",
       "sufficient": true
      },
      "tick": {
       "T": "0.00081056044465030106530801296896711440481704492820750",
       "T_delta": "0.00099654141508880942610938507532680696406588897356234",
       "exact_copy_merge": false,
       "n_common": 17272,
       "n_shift": 17059,
       "non_constant": true,
       "sufficient": true
      }
     },
     "okx_index×bitstamp": {
      "basis_doc_triggered": false,
      "coaberrance": {
       "K": 0,
       "gate": "0.00047153128478475982024453614379506327891437684491835",
       "n": 16966,
       "note": "garde §5.4 (n·p·(1−p) < 10) : queue exacte P(K≥K_obs|Bin(n,p_co))",
       "p_co": "2.7792720611216399973046619551242335306139388359205E-8",
       "queue": "1",
       "z": null
      },
      "delta": {
       "best_corr": "0.88828102956936898154675890367822803570893062753584",
       "best_lag": 0,
       "n_jumps_a": 103,
       "n_jumps_b": 105,
       "note": "lag=0 (>0 : okx_index précède bitstamp)"
      },
      "is_peg_usdt_usd": false,
      "rho_raw": {
       "n": 16474,
       "note": "ok",
       "rho": "0.98229494614704395260950580232716889001315920271071",
       "sufficient": true
      },
      "rho_resid": {
       "n": 16966,
       "note": "ok",
       "rho": "0.86804107566549931159114096184091608984825543472984",
       "sufficient": true
      },
      "tick": {
       "T": "0.00082517977130732052339974065778616055640693151007898",
       "T_delta": "0",
       "exact_copy_merge": false,
       "n_common": 16966,
       "n_shift": 16767,
       "non_constant": true,
       "sufficient": true
      }
     },
     "okx_index×chainlink": {
      "basis_doc_triggered": false,
      "coaberrance": {
       "K": 0,
       "gate": "0.29240795772838948107270654244152044284934989618710",
       "n": 17253,
       "note": "garde §5.4 (n·p·(1−p) < 10) : queue exacte P(K≥K_obs|Bin(n,p_co))",
       "p_co": "0.000016948525688064034210906492853875028774279699500389",
       "queue": "1",
       "z": null
      },
      "delta": {
       "best_corr": "0.10577549262291211934350436648978702180788407805118",
       "best_lag": 1,
       "n_jumps_a": 103,
       "n_jumps_b": 178,
       "note": "lag=1 (>0 : okx_index précède chainlink)"
      },
      "is_peg_usdt_usd": false,
      "rho_raw": {
       "n": 16995,
       "note": "ok",
       "rho": "0.057091072189673921106790938203826713431946207626098",
       "sufficient": true
      },
      "rho_resid": {
       "n": 17253,
       "note": "ok",
       "rho": "-0.13785205279877430351724340174898445129633232823075",
       "sufficient": true
      },
      "tick": {
       "T": "0.000057960934330261403813829478931200370949979713672984",
       "T_delta": "0.000058682002229916084736811219998826359955401678305264",
       "exact_copy_merge": false,
       "n_common": 17253,
       "n_shift": 17041,
       "non_constant": true,
       "sufficient": true
      }
     },
     "okx_index×coingecko": {
      "basis_doc_triggered": false,
      "coaberrance": {
       "K": 0,
       "gate": "0.074054425649207761738328647518361653842180851819475",
       "n": 17244,
       "note": "garde §5.4 (n·p·(1−p) < 10) : queue exacte P(K≥K_obs|Bin(n,p_co))",
       "p_co": "0.0000042945223659800973068145601970564960324128621570375",
       "queue": "1",
       "z": null
      },
      "delta": {
       "best_corr": "0.48997567786227017802519262555249593601600480333662",
       "best_lag": 2,
       "n_jumps_a": 103,
       "n_jumps_b": 107,
       "note": "lag=2 (>0 : okx_index précède coingecko)"
      },
      "is_peg_usdt_usd": false,
      "rho_raw": {
       "n": 16980,
       "note": "ok",
       "rho": "0.0065926360748118914615561285183501389519179018856113",
       "sufficient": true
      },
      "rho_resid": {
       "n": 17244,
       "note": "ok",
       "rho": "-0.19719119207079977246890636791129608684042930516782",
       "sufficient": true
      },
      "tick": {
       "T": "0.0012178148921363952679192762700069589422407794015310",
       "T_delta": "0.0017026773132926256458431188351338656646312822921559",
       "exact_copy_merge": false,
       "n_common": 17244,
       "n_shift": 17032,
       "non_constant": true,
       "sufficient": true
      }
     },
     "okx_index×defillama": {
      "basis_doc_triggered": false,
      "coaberrance": {
       "K": 0,
       "gate": "0.12806127946504473175505580135112022847883700178204",
       "n": 17226,
       "note": "garde §5.4 (n·p·(1−p) < 10) : queue exacte P(K≥K_obs|Bin(n,p_co))",
       "p_co": "0.0000074342407703766035397850977347888592718981425707825",
       "queue": "1",
       "z": null
      },
      "delta": {
       "best_corr": "0.11061138353626895503690874370518785968219689218350",
       "best_lag": 2,
       "n_jumps_a": 103,
       "n_jumps_b": 216,
       "note": "lag=2 (>0 : okx_index précède defillama)"
      },
      "is_peg_usdt_usd": false,
      "rho_raw": {
       "n": 16939,
       "note": "ok",
       "rho": "-0.030053913431660502295949001343614492318872371123865",
       "sufficient": true
      },
      "rho_resid": {
       "n": 17226,
       "note": "ok",
       "rho": "-0.24443620019307759346068221602863469103899819972355",
       "sufficient": true
      },
      "tick": {
       "T": "0",
       "T_delta": "0",
       "exact_copy_merge": false,
       "n_common": 17226,
       "n_shift": 17015,
       "non_constant": true,
       "sufficient": true
      }
     },
     "okx_index×gemini": {
      "basis_doc_triggered": false,
      "coaberrance": {
       "K": 0,
       "gate": "0.0062612302624480920580689642525257515336976940818963",
       "n": 17249,
       "note": "garde §5.4 (n·p·(1−p) < 10) : queue exacte P(K≥K_obs|Bin(n,p_co))",
       "p_co": "3.6299104500083674477414984547958563402575342816221E-7",
       "queue": "1",
       "z": null
      },
      "delta": {
       "best_corr": "0.73110787371518173791917843943306389735124983191094",
       "best_lag": 0,
       "n_jumps_a": 103,
       "n_jumps_b": 112,
       "note": "lag=0 (>0 : okx_index précède gemini)"
      },
      "is_peg_usdt_usd": false,
      "rho_raw": {
       "n": 16988,
       "note": "ok",
       "rho": "0.91474647442908873603793490044644575653057568362443",
       "sufficient": true
      },
      "rho_resid": {
       "n": 17249,
       "note": "ok",
       "rho": "0.64797925238128780434367542751687648171581890276152",
       "sufficient": true
      },
      "tick": {
       "T": "0.00052176937793495275088410922372311438344251840686417",
       "T_delta": "0.000058695779773434290074543640312261548394670423196572",
       "exact_copy_merge": false,
       "n_common": 17249,
       "n_shift": 17037,
       "non_constant": true,
       "sufficient": true
      }
     },
     "okx_ticker×bitfinex": {
      "basis_doc_triggered": false,
      "coaberrance": {
       "K": 164,
       "gate": "92.906332754637303753275040642811646267684139681293",
       "n": 17281,
       "note": "z co-aberrance (seuil 2.33, unilatéral)",
       "p_co": "0.0054054314520224711564909943078922222520507372928605",
       "queue": null,
       "z": "7.3234001622281991047419631335881617099108539909069"
      },
      "delta": {
       "best_corr": "0.53275062311356789875613440835097501289471276415698",
       "best_lag": 0,
       "n_jumps_a": 97,
       "n_jumps_b": 103,
       "note": "lag=0 (>0 : okx_ticker précède bitfinex)"
      },
      "is_peg_usdt_usd": true,
      "rho_raw": {
       "n": 17048,
       "note": "ok",
       "rho": "0.84145928904675655301531081170256271656365799827406",
       "sufficient": true
      },
      "rho_resid": {
       "n": 17281,
       "note": "ok",
       "rho": "0.46169112796572741889017179539634600584705786184320",
       "sufficient": true
      },
      "tick": {
       "T": "0.00086800532376598576471269023783345871188009953127713",
       "T_delta": "0.00093748168981074588386945567469385363567117829729888",
       "exact_copy_merge": false,
       "n_common": 17281,
       "n_shift": 17067,
       "non_constant": true,
       "sufficient": true
      }
     },
     "okx_ticker×bitstamp": {
      "basis_doc_triggered": false,
      "coaberrance": {
       "K": 0,
       "gate": "0.12954245764333049215040947913867930798687924141601",
       "n": 16975,
       "note": "garde §5.4 (n·p·(1−p) < 10) : queue exacte P(K≥K_obs|Bin(n,p_co))",
       "p_co": "0.0000076314254046820130964491227461332072418721979173221",
       "queue": "1",
       "z": null
      },
      "delta": {
       "best_corr": "0.84568615421582079252380539703537308526697245090876",
       "best_lag": 0,
       "n_jumps_a": 97,
       "n_jumps_b": 105,
       "note": "lag=0 (>0 : okx_ticker précède bitstamp)"
      },
      "is_peg_usdt_usd": true,
      "rho_raw": {
       "n": 16494,
       "note": "ok",
       "rho": "0.96710650938977786375191160163095410791523158656126",
       "sufficient": true
      },
      "rho_resid": {
       "n": 16975,
       "note": "ok",
       "rho": "0.082892235979571985254732110432554572172632797646900",
       "sufficient": true
      },
      "tick": {
       "T": "0.00023564064801178203240058910162002945508100147275405",
       "T_delta": "0.00023840743831207533675050661580641316009059482655859",
       "exact_copy_merge": false,
       "n_common": 16975,
       "n_shift": 16778,
       "non_constant": true,
       "sufficient": true
      }
     },
     "okx_ticker×chainlink": {
      "basis_doc_triggered": false,
      "coaberrance": {
       "K": 40,
       "gate": "62.390167566112538527084964112395164595055834716628",
       "n": 17262,
       "note": "z co-aberrance (seuil 2.33, unilatéral)",
       "p_co": "0.0036274655137065037889345448162037827367436220940858",
       "queue": null,
       "z": "-2.8634055923443681221317088233795618452777681768374"
      },
      "delta": {
       "best_corr": "0.11735960257213716621227351576116755398975181812056",
       "best_lag": 1,
       "n_jumps_a": 97,
       "n_jumps_b": 178,
       "note": "lag=1 (>0 : okx_ticker précède chainlink)"
      },
      "is_peg_usdt_usd": true,
      "rho_raw": {
       "n": 17014,
       "note": "ok",
       "rho": "0.055689425398289183457246636137540307801158502496815",
       "sufficient": true
      },
      "rho_resid": {
       "n": 17262,
       "note": "ok",
       "rho": "-0.11989424483378175344864965598112778009580805464811",
       "sufficient": true
      },
      "tick": {
       "T": "0",
       "T_delta": "0",
       "exact_copy_merge": false,
       "n_common": 17262,
       "n_shift": 17049,
       "non_constant": true,
       "sufficient": true
      }
     },
     "okx_ticker×coingecko": {
      "basis_doc_triggered": false,
      "coaberrance": {
       "K": 1,
       "gate": "16.938591511992928000433826858002627463814580588364",
       "n": 17253,
       "note": "z co-aberrance (seuil 2.33, unilatéral)",
       "p_co": "0.00098274237284513059736021118891005119768310529537148",
       "queue": null,
       "z": "-3.8767257530363889908294228207844502768237250554708"
      },
      "delta": {
       "best_corr": "0.45243041911841099675928675798330850384727838663429",
       "best_lag": 2,
       "n_jumps_a": 97,
       "n_jumps_b": 107,
       "note": "lag=2 (>0 : okx_ticker précède coingecko)"
      },
      "is_peg_usdt_usd": true,
      "rho_raw": {
       "n": 16999,
       "note": "ok",
       "rho": "0.0027039079251969682044805561102169576683918110777542",
       "sufficient": true
      },
      "rho_resid": {
       "n": 17253,
       "note": "ok",
       "rho": "-0.087409223801940855852374242865117156650709264574891",
       "sufficient": true
      },
      "tick": {
       "T": "0.0015069842925867964991595664522112096446994725554976",
       "T_delta": "0.0017018779342723004694835680751173708920187793427230",
       "exact_copy_merge": false,
       "n_common": 17253,
       "n_shift": 17040,
       "non_constant": true,
       "sufficient": true
      }
     },
     "okx_ticker×defillama": {
      "basis_doc_triggered": false,
      "coaberrance": {
       "K": 12,
       "gate": "28.100653772470604544904510946881440707970534145583",
       "n": 17235,
       "note": "z co-aberrance (seuil 2.33, unilatéral)",
       "p_co": "0.0016331082245136241459528595351095106814122327669128",
       "queue": null,
       "z": "-3.0459545534746005139618084461198828944551545654819"
      },
      "delta": {
       "best_corr": "0.10682088625118302742721430702717987685843356522647",
       "best_lag": 2,
       "n_jumps_a": 97,
       "n_jumps_b": 216,
       "note": "lag=2 (>0 : okx_ticker précède defillama)"
      },
      "is_peg_usdt_usd": true,
      "rho_raw": {
       "n": 16957,
       "note": "ok",
       "rho": "-0.029558186406138259369250297427885826624798153718719",
       "sufficient": true
      },
      "rho_resid": {
       "n": 17235,
       "note": "ok",
       "rho": "-0.094178589040302554102616680188228471175611811241681",
       "sufficient": true
      },
      "tick": {
       "T": "0",
       "T_delta": "0",
       "exact_copy_merge": false,
       "n_common": 17235,
       "n_shift": 17022,
       "non_constant": true,
       "sufficient": true
      }
     },
     "okx_ticker×gemini": {
      "basis_doc_triggered": false,
      "coaberrance": {
       "K": 3,
       "gate": "1.2150610394451106249036638462885622855594737882507",
       "n": 17258,
       "note": "garde §5.4 (n·p·(1−p) < 10) : queue exacte P(K≥K_obs|Bin(n,p_co))",
       "p_co": "0.000070410626879063249848330587572937666997346925161776",
       "queue": "0.12380800298125081836919559431887844796062209183172",
       "z": null
      },
      "delta": {
       "best_corr": "0.68544492078907309071252342292116859726105894788527",
       "best_lag": 0,
       "n_jumps_a": 97,
       "n_jumps_b": 112,
       "note": "lag=0 (>0 : okx_ticker précède gemini)"
      },
      "is_peg_usdt_usd": true,
      "rho_raw": {
       "n": 17007,
       "note": "ok",
       "rho": "0.89994673107522594676025614906094440726492640546260",
       "sufficient": true
      },
      "rho_resid": {
       "n": 17258,
       "note": "ok",
       "rho": "0.20607994096225724067429929221131985830133586989211",
       "sufficient": true
      },
      "tick": {
       "T": "0.00017383242554177772627187391354734036388921080078804",
       "T_delta": "0.00035200938691698445291874449985332942211792314461719",
       "exact_copy_merge": false,
       "n_common": 17258,
       "n_shift": 17045,
       "non_constant": true,
       "sufficient": true
      }
     },
     "okx_ticker×okx_index": {
      "basis_doc_triggered": false,
      "coaberrance": {
       "K": 0,
       "gate": "0.010429939229124822629753735529566056089110307409766",
       "n": 17258,
       "note": "garde §5.4 (n·p·(1−p) < 10) : queue exacte P(K≥K_obs|Bin(n,p_co))",
       "p_co": "6.0435424339475394462350416113341185730401251867435E-7",
       "queue": "1",
       "z": null
      },
      "delta": {
       "best_corr": "0.89981884136673484899144138343934684308904778641008",
       "best_lag": 0,
       "n_jumps_a": 97,
       "n_jumps_b": 103,
       "note": "lag=0 (>0 : okx_ticker précède okx_index)"
      },
      "is_peg_usdt_usd": true,
      "rho_raw": {
       "n": 17006,
       "note": "ok",
       "rho": "0.98540746604518118428115731037771253840984020995980",
       "sufficient": true
      },
      "rho_resid": {
       "n": 17258,
       "note": "ok",
       "rho": "0.29079443986692609709318078861677439200389927251908",
       "sufficient": true
      },
      "tick": {
       "T": "0.0028392629505157028624406072546065592768571097462047",
       "T_delta": "0.0022295235860126730814362825627786904482515841351795",
       "exact_copy_merge": false,
       "n_common": 17258,
       "n_shift": 17044,
       "non_constant": true,
       "sufficient": true
      }
     }
    },
    "peg_pairs": [
     "binance×coinbase",
     "binance×kraken",
     "binance×okx_index",
     "binance×bitstamp",
     "binance×gemini",
     "binance×bitfinex",
     "binance×coingecko",
     "binance×defillama",
     "binance×chainlink",
     "coinbase×okx_ticker",
     "kraken×okx_ticker",
     "okx_ticker×okx_index",
     "okx_ticker×bitstamp",
     "okx_ticker×gemini",
     "okx_ticker×bitfinex",
     "okx_ticker×coingecko",
     "okx_ticker×defillama",
     "okx_ticker×chainlink"
    ]
   },
   "drapeau_2": {
    "etat": "non_evaluable",
    "k_eff": 10,
    "k_nominal": 10,
    "k_nominal_strates": {
     "calme": 11,
     "stress": 11
    },
    "localisation_inter_clusters": {
     "note": "paires inter-clusters triées par co-écart n11 — l'excès de co-défaillance non expliqué par R2 s'y localise (§5.6)",
     "par_strate": {
      "calme": [
       {
        "n11": 30,
        "pair": "binance×bitstamp",
        "phi": "0.088296252701412489785060398424330262606518103980123",
        "signe": "+"
       },
       {
        "n11": 15,
        "pair": "binance×coinbase",
        "phi": "0.14283349576240430304224652716129554265705466515035",
        "signe": "+"
       },
       {
        "n11": 15,
        "pair": "coinbase×bitstamp",
        "phi": "0.14035450513018478125722809236873939742849601135960",
        "signe": "+"
       },
       {
        "n11": 13,
        "pair": "binance×defillama",
        "phi": "0.097717626481638808024248847304409378473228125325356",
        "signe": "+"
       },
       {
        "n11": 12,
        "pair": "binance×coingecko",
        "phi": "0.11633220898311372519860919023281214483534583302043",
        "signe": "+"
       },
       {
        "n11": 12,
        "pair": "coinbase×kraken",
        "phi": "0.56896175216588747417669330893385660263086016963677",
        "signe": "+"
       },
       {
        "n11": 11,
        "pair": "binance×kraken",
        "phi": "0.18922956950520611815686005259447132045024342987830",
        "signe": "+"
       },
       {
        "n11": 11,
        "pair": "bitstamp×gemini",
        "phi": "0.14591381538297287232507862998196020500052714620669",
        "signe": "+"
       },
       {
        "n11": 11,
        "pair": "coinbase×okx_index",
        "phi": "0.30380038420945362462365616020675903809181261558475",
        "signe": "+"
       },
       {
        "n11": 11,
        "pair": "coinbase×okx_ticker",
        "phi": "0.34649024198801023001232508590649743727633251629561",
        "signe": "+"
       },
       {
        "n11": 11,
        "pair": "kraken×bitstamp",
        "phi": "0.18613118737499466341716673319795974510006546879357",
        "signe": "+"
       },
       {
        "n11": 11,
        "pair": "kraken×okx_index",
        "phi": "0.53615492533721751101730828174137224598813809725405",
        "signe": "+"
       },
       {
        "n11": 11,
        "pair": "kraken×okx_ticker",
        "phi": "0.61065564646313198468638063860719001670422017042099",
        "signe": "+"
       },
       {
        "n11": 11,
        "pair": "okx_ticker×bitstamp",
        "phi": "0.12047639252794392493869419811753238766104477703482",
        "signe": "+"
       },
       {
        "n11": 10,
        "pair": "binance×bitfinex",
        "phi": "0.17963513520378607971446701270713567391062982053554",
        "signe": "+"
       },
       {
        "n11": 10,
        "pair": "binance×gemini",
        "phi": "0.13442148830542523479950026832660491573068890248720",
        "signe": "+"
       },
       {
        "n11": 10,
        "pair": "binance×okx_index",
        "phi": "0.095706417563352771050728159268703231896312219388668",
        "signe": "+"
       },
       {
        "n11": 10,
        "pair": "binance×okx_ticker",
        "phi": "0.11086494883113662774826250644392548476119511968434",
        "signe": "+"
       },
       {
        "n11": 10,
        "pair": "bitstamp×chainlink",
        "phi": "0.098942487324072201819315088646177411910931124505129",
        "signe": "+"
       },
       {
        "n11": 10,
        "pair": "bitstamp×coingecko",
        "phi": "0.093970985261419316373449982801220632001900983212614",
        "signe": "+"
       },
       {
        "n11": 10,
        "pair": "bitstamp×defillama",
        "phi": "0.071576987427417339108195396958841127730156207945269",
        "signe": "+"
       },
       {
        "n11": 10,
        "pair": "coinbase×coingecko",
        "phi": "0.27593687508764259009816953512140714645073798244929",
        "signe": "+"
       },
       {
        "n11": 10,
        "pair": "coinbase×gemini",
        "phi": "0.37596174371401722019002665691024011002998841535293",
        "signe": "+"
       },
       {
        "n11": 10,
        "pair": "coingecko×chainlink",
        "phi": "0.29704874036866071130918250801975353819504384183846",
        "signe": "+"
       },
       {
        "n11": 10,
        "pair": "kraken×gemini",
        "phi": "0.66190426652869442449876778719472495105306428873856",
        "signe": "+"
       },
       {
        "n11": 10,
        "pair": "okx_index×bitstamp",
        "phi": "0.093970985261419316373449982801220632001900983212614",
        "signe": "+"
       },
       {
        "n11": 9,
        "pair": "binance×chainlink",
        "phi": "0.089961938586956025394543465580045197500353954700038",
        "signe": "+"
       },
       {
        "n11": 9,
        "pair": "bitfinex×chainlink",
        "phi": "0.47906901617946014210318181676344212433448488363203",
        "signe": "+"
       },
       {
        "n11": 9,
        "pair": "bitfinex×coingecko",
        "phi": "0.45800312773372347297010241438631644957595390489196",
        "signe": "+"
       },
       {
        "n11": 9,
        "pair": "bitfinex×defillama",
        "phi": "0.36496384978178262533551140731589559177525450861610",
        "signe": "+"
       },
       {
        "n11": 9,
        "pair": "bitstamp×bitfinex",
        "phi": "0.15860080911908575250150821668250980689984705327258",
        "signe": "+"
       },
       {
        "n11": 9,
        "pair": "coinbase×bitfinex",
        "phi": "0.44540441805469787194623092076558199298234356700026",
        "signe": "+"
       },
       {
        "n11": 9,
        "pair": "coinbase×chainlink",
        "phi": "0.25965401085857708062659628367746354837984619525318",
        "signe": "+"
       },
       {
        "n11": 9,
        "pair": "coinbase×defillama",
        "phi": "0.19681173798024342416649462267215648043397922537212",
        "signe": "+"
       },
       {
        "n11": 9,
        "pair": "coingecko×defillama",
        "phi": "0.20252975375481452731700490721774040665623382354805",
        "signe": "+"
       },
       {
        "n11": 9,
        "pair": "defillama×chainlink",
        "phi": "0.21208193251926143899685835755083439322211419368079",
        "signe": "+"
       },
       {
        "n11": 9,
        "pair": "gemini×bitfinex",
        "phi": "0.62215985275226168487084920331508620446549729442473",
        "signe": "+"
       },
       {
        "n11": 9,
        "pair": "gemini×chainlink",
        "phi": "0.36384819746072982911614124359521262819104031889883",
        "signe": "+"
       },
       {
        "n11": 9,
        "pair": "gemini×coingecko",
        "phi": "0.34777892343365215151984254437238675312075838711693",
        "signe": "+"
       },
       {
        "n11": 9,
        "pair": "gemini×defillama",
        "phi": "0.27675838604872539012841411064045839459112312087089",
        "signe": "+"
       },
       {
        "n11": 9,
        "pair": "kraken×bitfinex",
        "phi": "0.78316379904678137171928108521312894890315846235913",
        "signe": "+"
       },
       {
        "n11": 9,
        "pair": "kraken×chainlink",
        "phi": "0.45856851444343513317665778539922711709979397795085",
        "signe": "+"
       },
       {
        "n11": 9,
        "pair": "kraken×coingecko",
        "phi": "0.43839308768003010995741090233506925183613178739430",
        "signe": "+"
       },
       {
        "n11": 9,
        "pair": "kraken×defillama",
        "phi": "0.34927886785119156378398692031734337477589552286044",
        "signe": "+"
       },
       {
        "n11": 9,
        "pair": "okx_index×bitfinex",
        "phi": "0.45800312773372347297010241438631644957595390489196",
        "signe": "+"
       },
       {
        "n11": 9,
        "pair": "okx_index×chainlink",
        "phi": "0.26709298435516173165200961246324826659952071917120",
        "signe": "+"
       },
       {
        "n11": 9,
        "pair": "okx_index×coingecko",
        "phi": "0.25519353940406571985519353940406571985519353940407",
        "signe": "+"
       },
       {
        "n11": 9,
        "pair": "okx_index×defillama",
        "phi": "0.20252975375481452731700490721774040665623382354805",
        "signe": "+"
       },
       {
        "n11": 9,
        "pair": "okx_index×gemini",
        "phi": "0.34777892343365215151984254437238675312075838711693",
        "signe": "+"
       },
       {
        "n11": 9,
        "pair": "okx_ticker×bitfinex",
        "phi": "0.52168556548261418930666219262789824382232812609032",
        "signe": "+"
       },
       {
        "n11": 9,
        "pair": "okx_ticker×chainlink",
        "phi": "0.30466028296300683895338281158237803705922938537037",
        "signe": "+"
       },
       {
        "n11": 9,
        "pair": "okx_ticker×coingecko",
        "phi": "0.29114621682945602013607106355430179095824083434668",
        "signe": "+"
       },
       {
        "n11": 9,
        "pair": "okx_ticker×defillama",
        "phi": "0.23137758154375872882592032725939095606118552951996",
        "signe": "+"
       },
       {
        "n11": 9,
        "pair": "okx_ticker×gemini",
        "phi": "0.39634772266031357642766042246642433545908157642935",
        "signe": "+"
       }
      ],
      "stress": [
       {
        "n11": 3,
        "pair": "binance×bitstamp",
        "phi": "0.070010898441851370544343354981523151516310499752016",
        "signe": "+"
       },
       {
        "n11": 3,
        "pair": "gemini×coingecko",
        "phi": "0.28691211886721314744739275089557678857043801931421",
        "signe": "+"
       },
       {
        "n11": 2,
        "pair": "binance×gemini",
        "phi": "0.069263287596796660395460571619762154988562868856800",
        "signe": "+"
       },
       {
        "n11": 2,
        "pair": "bitstamp×coingecko",
        "phi": "0.13116712803298584273695585611309727279606778907892",
        "signe": "+"
       },
       {
        "n11": 2,
        "pair": "bitstamp×gemini",
        "phi": "0.071448867827078683795580178840963263473185316770044",
        "signe": "+"
       },
       {
        "n11": 2,
        "pair": "okx_index×bitstamp",
        "phi": "0.16215699891403759566939534154668103768402547426341",
        "signe": "+"
       },
       {
        "n11": 1,
        "pair": "binance×coingecko",
        "phi": "0.061844154498650551225020312946245765334994018702964",
        "signe": "+"
       },
       {
        "n11": 1,
        "pair": "bitfinex×coingecko",
        "phi": "0.28808858272093522405606129741456872733094687083467",
        "signe": "+"
       },
       {
        "n11": 1,
        "pair": "bitstamp×bitfinex",
        "phi": "0.11463320035476532417543797231002662572642374216127",
        "signe": "+"
       },
       {
        "n11": 1,
        "pair": "gemini×bitfinex",
        "phi": "0.16556466067183466673843316604415401368428247761173",
        "signe": "+"
       },
       {
        "n11": 1,
        "pair": "kraken×bitfinex",
        "phi": "0.49974612845899974612845899974612845899974612845900",
        "signe": "+"
       },
       {
        "n11": 1,
        "pair": "kraken×bitstamp",
        "phi": "0.11463320035476532417543797231002662572642374216127",
        "signe": "+"
       },
       {
        "n11": 1,
        "pair": "kraken×coingecko",
        "phi": "0.28808858272093522405606129741456872733094687083467",
        "signe": "+"
       },
       {
        "n11": 1,
        "pair": "kraken×gemini",
        "phi": "0.16556466067183466673843316604415401368428247761173",
        "signe": "+"
       },
       {
        "n11": 1,
        "pair": "kraken×okx_index",
        "phi": "0.35310450229464710804543612872607646462110538423023",
        "signe": "+"
       },
       {
        "n11": 1,
        "pair": "kraken×okx_ticker",
        "phi": "0.40788549851993379989646655468535392420491037695115",
        "signe": "+"
       },
       {
        "n11": 1,
        "pair": "okx_index×bitfinex",
        "phi": "0.35310450229464710804543612872607646462110538423023",
        "signe": "+"
       },
       {
        "n11": 1,
        "pair": "okx_index×coingecko",
        "phi": "0.20313879641227373426283601028690390584236724364023",
        "signe": "+"
       },
       {
        "n11": 1,
        "pair": "okx_index×gemini",
        "phi": "0.11602207278079369081764750631586682725723619369071",
        "signe": "+"
       },
       {
        "n11": 1,
        "pair": "okx_ticker×bitfinex",
        "phi": "0.40788549851993379989646655468535392420491037695115",
        "signe": "+"
       },
       {
        "n11": 1,
        "pair": "okx_ticker×bitstamp",
        "phi": "0.092713830440592362906752504456754132537093263197773",
        "signe": "+"
       },
       {
        "n11": 1,
        "pair": "okx_ticker×coingecko",
        "phi": "0.23489395012351506409704398827817722382323032634315",
        "signe": "+"
       },
       {
        "n11": 1,
        "pair": "okx_ticker×gemini",
        "phi": "0.13457694050486524264069852104846968749499232776491",
        "signe": "+"
       },
       {
        "n11": 0,
        "pair": "binance×bitfinex",
        "phi": "-0.0022527379661050830979999456511803991045722006095633",
        "signe": "−"
       },
       {
        "n11": 0,
        "pair": "binance×chainlink",
        "phi": "-0.0015927241312344091580922893461147351415716496200640",
        "signe": "−"
       },
       {
        "n11": 0,
        "pair": "binance×coinbase",
        "phi": "-0.0035632486418083957230697568014337384650165887301888",
        "signe": "−"
       },
       {
        "n11": 0,
        "pair": "binance×defillama",
        "phi": "-0.0027593795567797977911047777031957579551143902011197",
        "signe": "−"
       },
       {
        "n11": 0,
        "pair": "binance×kraken",
        "phi": "-0.0022527379661050830979999456511803991045722006095633",
        "signe": "−"
       },
       {
        "n11": 0,
        "pair": "binance×okx_index",
        "phi": "-0.0031866616895698292866846218250397167536599627063600",
        "signe": "−"
       },
       {
        "n11": 0,
        "pair": "binance×okx_ticker",
        "phi": "-0.0027593795567797977911047777031957579551143902011197",
        "signe": "−"
       },
       {
        "n11": 0,
        "pair": "bitfinex×chainlink",
        "phi": "-0.00035898301148968029513881246628632031719174030075218",
        "signe": "−"
       },
       {
        "n11": 0,
        "pair": "bitfinex×defillama",
        "phi": "-0.00062193468643446068599207098554310636473429790640582",
        "signe": "−"
       },
       {
        "n11": 0,
        "pair": "bitstamp×chainlink",
        "phi": "-0.0015509501767823748675111233045679593127970735439307",
        "signe": "−"
       },
       {
        "n11": 0,
        "pair": "bitstamp×defillama",
        "phi": "-0.0026870065741268282722322527401304722484640606305360",
        "signe": "−"
       },
       {
        "n11": 0,
        "pair": "coinbase×bitfinex",
        "phi": "-0.00080311819419193113774181966063267474128319594030065",
        "signe": "−"
       },
       {
        "n11": 0,
        "pair": "coinbase×bitstamp",
        "phi": "-0.0034697917878905656620969179799064489757161313543470",
        "signe": "−"
       },
       {
        "n11": 0,
        "pair": "coinbase×chainlink",
        "phi": "-0.00056781824933438482635305690386761203453426390060242",
        "signe": "−"
       },
       {
        "n11": 0,
        "pair": "coinbase×coingecko",
        "phi": "-0.0013917483469080426424840669415640264367888541890008",
        "signe": "−"
       },
       {
        "n11": 0,
        "pair": "coinbase×defillama",
        "phi": "-0.00098373976914976364051011624162802878758786618110399",
        "signe": "−"
       },
       {
        "n11": 0,
        "pair": "coinbase×gemini",
        "phi": "-0.0024142628730362990292510014885260903574516767612195",
        "signe": "−"
       },
       {
        "n11": 0,
        "pair": "coinbase×kraken",
        "phi": "-0.00080311819419193113774181966063267474128319594030065",
        "signe": "−"
       },
       {
        "n11": 0,
        "pair": "coinbase×okx_index",
        "phi": "-0.0011360690946461137936361575439504335797107929562822",
        "signe": "−"
       },
       {
        "n11": 0,
        "pair": "coinbase×okx_ticker",
        "phi": "-0.00098373976914976364051011624162802878758786618110399",
        "signe": "−"
       },
       {
        "n11": 0,
        "pair": "coingecko×chainlink",
        "phi": "-0.00062209275847813062777227645491176513311262746964658",
        "signe": "−"
       },
       {
        "n11": 0,
        "pair": "coingecko×defillama",
        "phi": "-0.0010777698450734823231574794262062681694667718261985",
        "signe": "−"
       },
       {
        "n11": 0,
        "pair": "defillama×chainlink",
        "phi": "-0.00043971842177833837634082137308066641901238433056956",
        "signe": "−"
       },
       {
        "n11": 0,
        "pair": "gemini×chainlink",
        "phi": "-0.0010791429741699727390430154458705405520516422684471",
        "signe": "−"
       },
       {
        "n11": 0,
        "pair": "gemini×defillama",
        "phi": "-0.0018696050391722981997935992118902400629610459735799",
        "signe": "−"
       },
       {
        "n11": 0,
        "pair": "kraken×chainlink",
        "phi": "-0.00035898301148968029513881246628632031719174030075218",
        "signe": "−"
       },
       {
        "n11": 0,
        "pair": "kraken×defillama",
        "phi": "-0.00062193468643446068599207098554310636473429790640582",
        "signe": "−"
       },
       {
        "n11": 0,
        "pair": "okx_index×chainlink",
        "phi": "-0.00050780757777099054550497353512167070213557866722482",
        "signe": "−"
       },
       {
        "n11": 0,
        "pair": "okx_index×defillama",
        "phi": "-0.00087977184585829070413378224405583069075445771372435",
        "signe": "−"
       },
       {
        "n11": 0,
        "pair": "okx_ticker×chainlink",
        "phi": "-0.00043971842177833837634082137308066641901238433056956",
        "signe": "−"
       },
       {
        "n11": 0,
        "pair": "okx_ticker×defillama",
        "phi": "-0.00076180802437785678009141696292534281361097003555104",
        "signe": "−"
       }
      ]
     }
    },
    "r1_discrimine": "VRAI",
    "raison": "« R1 discrimine » VRAI (strate(s) : calme) mais k_eff ≤ 10 (borne supérieure) : l'égalité à k nominal du segment n'est pas établie (hôte(s) non attribué(s), 04 §4.1) — ni levé ni éteint",
    "rejette": [
     "calme"
    ]
   },
   "method_edges": [
    {
     "basis": "doc",
     "doc_fetched": "2026-08-05",
     "doc_url": "coingecko.com/en/methodology",
     "estimator": "filtre d'outliers par bornes MAD, puis VWAP des tickers restants",
     "kind": "estimator",
     "node": "coingecko",
     "panel_declared": "familles BTC/USD, USDT, USDC, EUR"
    },
    {
     "basis": "doc",
     "doc_fetched": "2026-08-05",
     "doc_url": "coingecko.com/en/exchanges/binance",
     "from": "binance",
     "kind": "upstream",
     "relation": "intégration (table des marchés spot, 1372 paires au 2026-08-05 — chiffre daté) ; granularité « intégration », pas « ticker-set » (§3.2)",
     "to": "coingecko"
    },
    {
     "basis": "doc",
     "doc_fetched": "2026-08-05",
     "doc_url": "docs.pyth.network/price-feeds/how-pyth-works/price-aggregation",
     "estimator": "médiane non pondérée des votes des publishers (p, p+c, p−c) ; « a hybrid between a mean and a median » (PAS « médiane pondérée par la confiance », formulation inexacte à ne pas réintroduire, §4.3)",
     "kind": "estimator",
     "node": "pyth",
     "panel_declared": "publishers déclarés"
    },
    {
     "basis": "doc",
     "doc_fetched": "2026-08-05",
     "doc_url": "pyth.network/publishers",
     "from": "coinbase",
     "kind": "upstream",
     "relation": "Coinbase nommé publisher au NIVEAU RÉSEAU ; l'attribution au feed BTC/USD précis N'EST PAS établie (dette 10 §10.3) ; granularité « réseau »",
     "to": "pyth"
    },
    {
     "basis": "doc",
     "doc_fetched": "2026-08-05",
     "doc_url": "docs.llama.fi/llms-full.txt",
     "from": "coingecko",
     "kind": "upstream",
     "relation": "« Almost all tokens are priced using CoinGecko's API » ; BTC majeur → coins.llama.fi n'est PAS un chemin d'amont distinct de coingecko",
     "to": "defillama"
    }
   ],
   "partition": {
    "asn_divergences": [],
    "asn_measured": true,
    "asn_states": {
     "api-pub.bitfinex.com": {
      "attributed": false,
      "kind": "resolve_failed",
      "reason": "<urlopen error [Errno 11001] getaddrinfo failed>"
     },
     "api.binance.com": {
      "attributed": false,
      "kind": "resolve_failed",
      "reason": "<urlopen error [WinError 10013] Une tentative d’accès à un socket de manière interdite par ses autorisations d’accès a été tentée>"
     },
     "api.coingecko.com": {
      "attributed": false,
      "kind": "resolve_failed",
      "reason": "<urlopen error [Errno 11001] getaddrinfo failed>"
     },
     "api.exchange.coinbase.com": {
      "attributed": false,
      "kind": "resolve_failed",
      "reason": "<urlopen error [WinError 10013] Une tentative d’accès à un socket de manière interdite par ses autorisations d’accès a été tentée>"
     },
     "api.gemini.com": {
      "attributed": false,
      "kind": "resolve_failed",
      "reason": "<urlopen error [Errno 11001] getaddrinfo failed>"
     },
     "api.kraken.com": {
      "attributed": false,
      "kind": "resolve_failed",
      "reason": "<urlopen error [WinError 10013] Une tentative d’accès à un socket de manière interdite par ses autorisations d’accès a été tentée>"
     },
     "coins.llama.fi": {
      "attributed": false,
      "kind": "resolve_failed",
      "reason": "<urlopen error _ssl.c:1063: The handshake operation timed out>"
     },
     "ethereum-rpc.publicnode.com": {
      "attributed": false,
      "kind": "resolve_failed",
      "reason": "<urlopen error _ssl.c:1063: The handshake operation timed out>"
     },
     "www.bitstamp.net": {
      "attributed": false,
      "kind": "resolve_failed",
      "reason": "<urlopen error _ssl.c:1063: The handshake operation timed out>"
     },
     "www.okx.com": {
      "attributed": false,
      "kind": "resolve_failed",
      "reason": "<urlopen error _ssl.c:1063: The handshake operation timed out>"
     }
    },
    "attribution_by_host": {
     "api-pub.bitfinex.com": {
      "flux": [
       "bitfinex"
      ],
      "host": "api-pub.bitfinex.com",
      "note": "<urlopen error [Errno 11001] getaddrinfo failed>",
      "record": "asn_attribution",
      "resolver": "cloudflare-dns.com",
      "resolvers": [
       "cloudflare-dns.com"
      ],
      "status": "resolve_failed",
      "ts": 1788979762.8823538
     },
     "api.binance.com": {
      "flux": [
       "binance"
      ],
      "host": "api.binance.com",
      "note": "<urlopen error [WinError 10013] Une tentative d’accès à un socket de manière interdite par ses autorisations d’accès a été tentée>",
      "record": "asn_attribution",
      "resolver": "cloudflare-dns.com",
      "resolvers": [
       "cloudflare-dns.com"
      ],
      "status": "resolve_failed",
      "ts": 1788979774.9972649
     },
     "api.coingecko.com": {
      "flux": [
       "coingecko"
      ],
      "host": "api.coingecko.com",
      "note": "<urlopen error [Errno 11001] getaddrinfo failed>",
      "record": "asn_attribution",
      "resolver": "cloudflare-dns.com",
      "resolvers": [
       "cloudflare-dns.com"
      ],
      "status": "resolve_failed",
      "ts": 1788979776.0118034
     },
     "api.exchange.coinbase.com": {
      "flux": [
       "coinbase"
      ],
      "host": "api.exchange.coinbase.com",
      "note": "<urlopen error [WinError 10013] Une tentative d’accès à un socket de manière interdite par ses autorisations d’accès a été tentée>",
      "record": "asn_attribution",
      "resolver": "cloudflare-dns.com",
      "resolvers": [
       "cloudflare-dns.com"
      ],
      "status": "resolve_failed",
      "ts": 1788979788.0475044
     },
     "api.gemini.com": {
      "flux": [
       "gemini"
      ],
      "host": "api.gemini.com",
      "note": "<urlopen error [Errno 11001] getaddrinfo failed>",
      "record": "asn_attribution",
      "resolver": "cloudflare-dns.com",
      "resolvers": [
       "cloudflare-dns.com"
      ],
      "status": "resolve_failed",
      "ts": 1788979789.0514183
     },
     "api.kraken.com": {
      "flux": [
       "kraken"
      ],
      "host": "api.kraken.com",
      "note": "<urlopen error [WinError 10013] Une tentative d’accès à un socket de manière interdite par ses autorisations d’accès a été tentée>",
      "record": "asn_attribution",
      "resolver": "cloudflare-dns.com",
      "resolvers": [
       "cloudflare-dns.com"
      ],
      "status": "resolve_failed",
      "ts": 1788979801.0957637
     },
     "coins.llama.fi": {
      "flux": [
       "defillama"
      ],
      "host": "coins.llama.fi",
      "note": "<urlopen error _ssl.c:1063: The handshake operation timed out>",
      "record": "asn_attribution",
      "resolver": "cloudflare-dns.com",
      "resolvers": [
       "cloudflare-dns.com"
      ],
      "status": "resolve_failed",
      "ts": 1788979802.1390994
     },
     "ethereum-rpc.publicnode.com": {
      "flux": [
       "chainlink"
      ],
      "host": "ethereum-rpc.publicnode.com",
      "note": "<urlopen error _ssl.c:1063: The handshake operation timed out>",
      "record": "asn_attribution",
      "resolver": "cloudflare-dns.com",
      "resolvers": [
       "cloudflare-dns.com"
      ],
      "status": "resolve_failed",
      "ts": 1788979818.2641187
     },
     "hermes.pyth.network": {
      "flux": [
       "pyth"
      ],
      "host": "hermes.pyth.network",
      "note": "<urlopen error _ssl.c:1063: The handshake operation timed out>",
      "record": "asn_attribution",
      "resolver": "cloudflare-dns.com",
      "resolvers": [
       "cloudflare-dns.com"
      ],
      "status": "resolve_failed",
      "ts": 1788979833.377095
     },
     "www.bitstamp.net": {
      "flux": [
       "bitstamp"
      ],
      "host": "www.bitstamp.net",
      "note": "<urlopen error _ssl.c:1063: The handshake operation timed out>",
      "record": "asn_attribution",
      "resolver": "cloudflare-dns.com",
      "resolvers": [
       "cloudflare-dns.com"
      ],
      "status": "resolve_failed",
      "ts": 1788979848.4547257
     },
     "www.okx.com": {
      "flux": [
       "okx_index",
       "okx_ticker"
      ],
      "host": "www.okx.com",
      "note": "<urlopen error _ssl.c:1063: The handshake operation timed out>",
      "record": "asn_attribution",
      "resolver": "cloudflare-dns.com",
      "resolvers": [
       "cloudflare-dns.com"
      ],
      "status": "resolve_failed",
      "ts": 1788979863.5187187
     }
    },
    "clusters": [
     {
      "asns": [],
      "caveats": [
       "api-pub.bitfinex.com : <urlopen error [Errno 11001] getaddrinfo failed> → singleton non fusionné sur ASN"
      ],
      "declared_upstreams": [],
      "flux": [
       "bitfinex"
      ],
      "holders": [],
      "hosts": [
       "api-pub.bitfinex.com"
      ],
      "merge_axes": [],
      "n_members_flux": 1,
      "name": "{api-pub.bitfinex.com}"
     },
     {
      "asns": [],
      "caveats": [
       "api.binance.com : <urlopen error [WinError 10013] Une tentative d’accès à un socket de manière interdite par ses autorisations d’accès a été tentée> → singleton non fusionné sur ASN"
      ],
      "declared_upstreams": [
       {
        "basis": "doc",
        "doc_fetched": "2026-08-05",
        "doc_url": "coingecko.com/en/exchanges/binance",
        "from": "binance",
        "kind": "upstream",
        "relation": "intégration (table des marchés spot, 1372 paires au 2026-08-05 — chiffre daté) ; granularité « intégration », pas « ticker-set » (§3.2)",
        "to": "coingecko"
       }
      ],
      "flux": [
       "binance"
      ],
      "holders": [],
      "hosts": [
       "api.binance.com"
      ],
      "merge_axes": [],
      "n_members_flux": 1,
      "name": "{api.binance.com}"
     },
     {
      "asns": [],
      "caveats": [
       "api.coingecko.com : <urlopen error [Errno 11001] getaddrinfo failed> → singleton non fusionné sur ASN"
      ],
      "declared_upstreams": [
       {
        "basis": "doc",
        "doc_fetched": "2026-08-05",
        "doc_url": "coingecko.com/en/exchanges/binance",
        "from": "binance",
        "kind": "upstream",
        "relation": "intégration (table des marchés spot, 1372 paires au 2026-08-05 — chiffre daté) ; granularité « intégration », pas « ticker-set » (§3.2)",
        "to": "coingecko"
       },
       {
        "basis": "doc",
        "doc_fetched": "2026-08-05",
        "doc_url": "docs.llama.fi/llms-full.txt",
        "from": "coingecko",
        "kind": "upstream",
        "relation": "« Almost all tokens are priced using CoinGecko's API » ; BTC majeur → coins.llama.fi n'est PAS un chemin d'amont distinct de coingecko",
        "to": "defillama"
       }
      ],
      "flux": [
       "coingecko"
      ],
      "holders": [],
      "hosts": [
       "api.coingecko.com"
      ],
      "merge_axes": [],
      "n_members_flux": 1,
      "name": "{api.coingecko.com}"
     },
     {
      "asns": [],
      "caveats": [
       "api.exchange.coinbase.com : <urlopen error [WinError 10013] Une tentative d’accès à un socket de manière interdite par ses autorisations d’accès a été tentée> → singleton non fusionné sur ASN"
      ],
      "declared_upstreams": [
       {
        "basis": "doc",
        "doc_fetched": "2026-08-05",
        "doc_url": "pyth.network/publishers",
        "from": "coinbase",
        "kind": "upstream",
        "relation": "Coinbase nommé publisher au NIVEAU RÉSEAU ; l'attribution au feed BTC/USD précis N'EST PAS établie (dette 10 §10.3) ; granularité « réseau »",
        "to": "pyth"
       }
      ],
      "flux": [
       "coinbase"
      ],
      "holders": [],
      "hosts": [
       "api.exchange.coinbase.com"
      ],
      "merge_axes": [],
      "n_members_flux": 1,
      "name": "{api.exchange.coinbase.com}"
     },
     {
      "asns": [],
      "caveats": [
       "api.gemini.com : <urlopen error [Errno 11001] getaddrinfo failed> → singleton non fusionné sur ASN"
      ],
      "declared_upstreams": [],
      "flux": [
       "gemini"
      ],
      "holders": [],
      "hosts": [
       "api.gemini.com"
      ],
      "merge_axes": [],
      "n_members_flux": 1,
      "name": "{api.gemini.com}"
     },
     {
      "asns": [],
      "caveats": [
       "api.kraken.com : <urlopen error [WinError 10013] Une tentative d’accès à un socket de manière interdite par ses autorisations d’accès a été tentée> → singleton non fusionné sur ASN"
      ],
      "declared_upstreams": [],
      "flux": [
       "kraken"
      ],
      "holders": [],
      "hosts": [
       "api.kraken.com"
      ],
      "merge_axes": [],
      "n_members_flux": 1,
      "name": "{api.kraken.com}"
     },
     {
      "asns": [],
      "caveats": [
       "coins.llama.fi : <urlopen error _ssl.c:1063: The handshake operation timed out> → singleton non fusionné sur ASN"
      ],
      "declared_upstreams": [
       {
        "basis": "doc",
        "doc_fetched": "2026-08-05",
        "doc_url": "docs.llama.fi/llms-full.txt",
        "from": "coingecko",
        "kind": "upstream",
        "relation": "« Almost all tokens are priced using CoinGecko's API » ; BTC majeur → coins.llama.fi n'est PAS un chemin d'amont distinct de coingecko",
        "to": "defillama"
       }
      ],
      "flux": [
       "defillama"
      ],
      "holders": [],
      "hosts": [
       "coins.llama.fi"
      ],
      "merge_axes": [],
      "n_members_flux": 1,
      "name": "{coins.llama.fi}"
     },
     {
      "asns": [],
      "caveats": [
       "chemin de LECTURE ≠ amont (§3.2) : l'ASN mesuré est celui du fournisseur RPC (ethereum-rpc.publicnode.com), une infrastructure de lecture, pas l'amont du feed",
       "ethereum-rpc.publicnode.com : <urlopen error _ssl.c:1063: The handshake operation timed out> → singleton non fusionné sur ASN"
      ],
      "declared_upstreams": [],
      "flux": [
       "chainlink"
      ],
      "holders": [],
      "hosts": [
       "ethereum-rpc.publicnode.com"
      ],
      "merge_axes": [],
      "n_members_flux": 1,
      "name": "{ethereum-rpc.publicnode.com}"
     },
     {
      "asns": [],
      "caveats": [
       "www.bitstamp.net : <urlopen error _ssl.c:1063: The handshake operation timed out> → singleton non fusionné sur ASN"
      ],
      "declared_upstreams": [],
      "flux": [
       "bitstamp"
      ],
      "holders": [],
      "hosts": [
       "www.bitstamp.net"
      ],
      "merge_axes": [],
      "n_members_flux": 1,
      "name": "{www.bitstamp.net}"
     },
     {
      "asns": [],
      "caveats": [
       "www.okx.com : <urlopen error _ssl.c:1063: The handshake operation timed out> → singleton non fusionné sur ASN"
      ],
      "declared_upstreams": [],
      "flux": [
       "okx_index",
       "okx_ticker"
      ],
      "holders": [],
      "hosts": [
       "www.okx.com"
      ],
      "merge_axes": [],
      "n_members_flux": 2,
      "name": "{www.okx.com}"
     }
    ],
    "flux_by_host": {
     "api-pub.bitfinex.com": [
      "bitfinex"
     ],
     "api.binance.com": [
      "binance"
     ],
     "api.coingecko.com": [
      "coingecko"
     ],
     "api.exchange.coinbase.com": [
      "coinbase"
     ],
     "api.gemini.com": [
      "gemini"
     ],
     "api.kraken.com": [
      "kraken"
     ],
     "coins.llama.fi": [
      "defillama"
     ],
     "ethereum-rpc.publicnode.com": [
      "chainlink"
     ],
     "www.bitstamp.net": [
      "bitstamp"
     ],
     "www.okx.com": [
      "okx_index",
      "okx_ticker"
     ]
    },
    "hosts": [
     "api-pub.bitfinex.com",
     "api.binance.com",
     "api.coingecko.com",
     "api.exchange.coinbase.com",
     "api.gemini.com",
     "api.kraken.com",
     "coins.llama.fi",
     "ethereum-rpc.publicnode.com",
     "www.bitstamp.net",
     "www.okx.com"
    ],
    "k_eff": 10,
    "k_eff_is_upper_bound": true,
    "k_eff_note": "k_eff ≤ 10 (BORNE SUPÉRIEURE) — 10 hôte(s) NON ATTRIBUÉ(s) ['api-pub.bitfinex.com', 'api.binance.com', 'api.coingecko.com', 'api.exchange.coinbase.com', 'api.gemini.com', 'api.kraken.com', 'coins.llama.fi', 'ethereum-rpc.publicnode.com', 'www.bitstamp.net', 'www.okx.com'] restent des singletons NON CONFIRMÉS (ASN non établi : résolution échouée / base muette / discordance) — 04 §4.1 : un axe non mesuré est un mode commun possible ; k_eff n'est PAS un compte d'indépendance confirmé (§5.6)",
    "k_nominal": 10,
    "merge_reasons": [],
    "n_unattributed": 10,
    "unattributed": [
     "api-pub.bitfinex.com",
     "api.binance.com",
     "api.coingecko.com",
     "api.exchange.coinbase.com",
     "api.gemini.com",
     "api.kraken.com",
     "coins.llama.fi",
     "ethereum-rpc.publicnode.com",
     "www.bitstamp.net",
     "www.okx.com"
    ]
   },
   "pool": [
    "binance",
    "coinbase",
    "kraken",
    "okx_ticker",
    "okx_index",
    "bitstamp",
    "gemini",
    "bitfinex",
    "coingecko",
    "defillama",
    "chainlink"
   ],
   "residus_asn": [
    "1. Fronting CDN/anycast : l'IP observée est la couche de LIVRAISON, pas l'origine. Côté origine, le regroupement peut être un faux positif ; côté livraison, le mode commun est réel (une panne du CDN partagé co-interrompt les chemins). Le certificat dit laquelle il compte — k_eff ici est « côté livraison ».",
    "2. Même ASN ≠ même opérateur ; ASN distincts ≠ opérateurs distincts.",
    "3. Mono-vantage : re-mesure depuis un seul point d'observation. v0 : UN résolveur par relevé (Cloudflare DoH-JSON, `cloudflare-dns.com` = le résolveur 1.1.1.1 de §4.1) — le résolveur EXACT est journalisé par enregistrement (champ `resolver`, auditable). La sonde MULTI-résolveurs de familles distinctes et multi-vantage prescrite par 10 §4.1 reste DUE au lancement de campagne (endpoints par famille à établir sur pièce — Google = dns.google/resolve, Quad9 dédié — plan §2 [C3]) ; écart au design nommé, jamais prétendu comblé.",
    "4. Instantanéité : TTL court ; l'attribution est un instantané daté, re-mesuré à chaque quorum (une divergence d'ASN entre deux relevés du même hôte est publiée, jamais écrasée en silence).",
    "5. Le chemin de mesure appartient à la classe mesurée : la résolution passe par un résolveur (Cloudflare `cloudflare-dns.com`) pour mesurer une dépendance à Cloudflare. Atténuation v0 : attribution croisée sur 2 bases BGP — la jambe RIPEstat va en HTTPS DIRECT vers stat.ripe.net (hors-résolveur). Les résolveurs de familles distinctes sont DUS à la campagne (résidu 3, plan §2 [C3]). En v0 les DEUX étapes DNS (A et Cymru TXT) transitent par le résolveur Cloudflare — le résidu est à son MAXIMUM, publié.",
    "6. RIPEstat et Team Cymru sont eux-mêmes des témoins (vues BGP, registres) ; leur concordance est une observation, pas une décharge — portée par A(asn-attribution) au registre (08 §8).",
    "7. La chaîne CNAME est un fait daté : un CNAME déterministe aujourd'hui peut changer demain."
   ]
  },
  "segment": {
   "t0": 1787770800,
   "t_fin": 1788980400
  }
 },
 "j14-second": {
  "d5": {
   "bornes_censure": {
    "calme": null,
    "stress": null
   },
   "fenetres_sautees": {
    "calme": 820,
    "stress": 1740
   },
   "fenetres_sautees_vivant": {}
  },
  "etiquette": "sensibilité de la liste fermée (seconde coupe, décision 270), hors décision, non confirmatoire ; plage D5 non passée : hors du segment (D2 pt 6 l'applique au J28)",
  "lm": {
   "N": 11,
   "pool": [
    "binance",
    "coinbase",
    "kraken",
    "okx_ticker",
    "okx_index",
    "bitstamp",
    "gemini",
    "bitfinex",
    "coingecko",
    "defillama",
    "chainlink"
   ],
   "strates": {
    "calme": {
     "E_theta": "0.00051493882302895971163425910378256148481490188176557",
     "E_theta2": "0.00014776505356483191725157000369412633912079793128925",
     "N": 11,
     "Var_theta": "0.00014749989157336946696292243545047074556087488680793",
     "caveat_non_eval": "m_j ne compte que les vrais écarts (panne ∨ staleness ∨ hors-env) ; NON_EVAL hors-env compté 0 comme dans p̂ (fail-closed de publication, 10 §5.2)",
     "n": 8121,
     "pair_phi": {
      "binance×bitfinex": {
       "n00": 8114,
       "n01": 1,
       "n10": 4,
       "n11": 2,
       "phi": "0.47114316983433440953716498245738338925445690447537",
       "signe": "+"
      },
      "binance×bitstamp": {
       "n00": 8113,
       "n01": 2,
       "n10": 4,
       "n11": 2,
       "phi": "0.40789618192466783538141615591260143488695178236770",
       "signe": "+"
      },
      "binance×chainlink": {
       "n00": 8113,
       "n01": 2,
       "n10": 5,
       "n11": 1,
       "phi": "0.23531022591023247784021498106830483253999410114423",
       "signe": "+"
      },
      "binance×coinbase": {
       "n00": 8113,
       "n01": 2,
       "n10": 3,
       "n11": 3,
       "phi": "0.54741884940620903143098207180529079319883464291268",
       "signe": "+"
      },
      "binance×coingecko": {
       "n00": 8112,
       "n01": 3,
       "n10": 5,
       "n11": 1,
       "phi": "0.20364628098680697145661158061563286584533534232527",
       "signe": "+"
      },
      "binance×defillama": {
       "n00": 8113,
       "n01": 2,
       "n10": 5,
       "n11": 1,
       "phi": "0.23531022591023247784021498106830483253999410114423",
       "signe": "+"
      },
      "binance×gemini": {
       "n00": 8108,
       "n01": 7,
       "n10": 5,
       "n11": 1,
       "phi": "0.14360823140761308825422559118552612219965820736847",
       "signe": "+"
      },
      "binance×kraken": {
       "n00": 8114,
       "n01": 1,
       "n10": 5,
       "n11": 1,
       "phi": "0.28839062923343187661333687631228830927936822180144",
       "signe": "+"
      },
      "binance×okx_index": {
       "n00": 8111,
       "n01": 4,
       "n10": 5,
       "n11": 1,
       "phi": "0.18202301033763355415723815160385516819840426974917",
       "signe": "+"
      },
      "binance×okx_ticker": {
       "n00": 8113,
       "n01": 2,
       "n10": 5,
       "n11": 1,
       "phi": "0.23531022591023247784021498106830483253999410114423",
       "signe": "+"
      },
      "bitfinex×chainlink": {
       "n00": 8116,
       "n01": 2,
       "n10": 2,
       "n11": 1,
       "phi": "0.33308696723330869672333086967233308696723330869672",
       "signe": "+"
      },
      "bitfinex×coingecko": {
       "n00": 8115,
       "n01": 3,
       "n10": 2,
       "n11": 1,
       "phi": "0.28837285751400581289638748509189165230945258426289",
       "signe": "+"
      },
      "bitfinex×defillama": {
       "n00": 8116,
       "n01": 2,
       "n10": 2,
       "n11": 1,
       "phi": "0.33308696723330869672333086967233308696723330869672",
       "signe": "+"
      },
      "bitstamp×bitfinex": {
       "n00": 8115,
       "n01": 2,
       "n10": 3,
       "n11": 1,
       "phi": "0.28837285751400581289638748509189165230945258426289",
       "signe": "+"
      },
      "bitstamp×chainlink": {
       "n00": 8115,
       "n01": 2,
       "n10": 3,
       "n11": 1,
       "phi": "0.28837285751400581289638748509189165230945258426289",
       "signe": "+"
      },
      "bitstamp×coingecko": {
       "n00": 8114,
       "n01": 3,
       "n10": 3,
       "n11": 1,
       "phi": "0.24963040532216336084760379450535912282863126770974",
       "signe": "+"
      },
      "bitstamp×defillama": {
       "n00": 8115,
       "n01": 2,
       "n10": 3,
       "n11": 1,
       "phi": "0.28837285751400581289638748509189165230945258426289",
       "signe": "+"
      },
      "bitstamp×gemini": {
       "n00": 8110,
       "n01": 7,
       "n10": 3,
       "n11": 1,
       "phi": "0.17621031813712805234233006042961153356228346202880",
       "signe": "+"
      },
      "coinbase×bitfinex": {
       "n00": 8114,
       "n01": 2,
       "n10": 4,
       "n11": 1,
       "phi": "0.25784898560721411104507909461908078336626311864123",
       "signe": "+"
      },
      "coinbase×bitstamp": {
       "n00": 8114,
       "n01": 2,
       "n10": 3,
       "n11": 2,
       "phi": "0.44691055011185932229924056879208008940899143517671",
       "signe": "+"
      },
      "coinbase×chainlink": {
       "n00": 8114,
       "n01": 2,
       "n10": 4,
       "n11": 1,
       "phi": "0.25784898560721411104507909461908078336626311864123",
       "signe": "+"
      },
      "coinbase×coingecko": {
       "n00": 8113,
       "n01": 3,
       "n10": 4,
       "n11": 1,
       "phi": "0.22317977847714044938639796867122677871423003429704",
       "signe": "+"
      },
      "coinbase×defillama": {
       "n00": 8114,
       "n01": 2,
       "n10": 4,
       "n11": 1,
       "phi": "0.25784898560721411104507909461908078336626311864123",
       "signe": "+"
      },
      "coinbase×gemini": {
       "n00": 8109,
       "n01": 7,
       "n10": 4,
       "n11": 1,
       "phi": "0.15746112643065566824913328735269821507763578477194",
       "signe": "+"
      },
      "coinbase×kraken": {
       "n00": 8116,
       "n01": 0,
       "n10": 3,
       "n11": 2,
       "phi": "0.63233867392926319555531952535427206284404132727934",
       "signe": "+"
      },
      "coinbase×okx_index": {
       "n00": 8113,
       "n01": 3,
       "n10": 3,
       "n11": 2,
       "phi": "0.39963035978314440611138491867915229176934450468211",
       "signe": "+"
      },
      "coinbase×okx_ticker": {
       "n00": 8115,
       "n01": 1,
       "n10": 3,
       "n11": 2,
       "phi": "0.51617511589541862570053028230740486944045788628068",
       "signe": "+"
      },
      "coingecko×chainlink": {
       "n00": 8115,
       "n01": 2,
       "n10": 3,
       "n11": 1,
       "phi": "0.28837285751400581289638748509189165230945258426289",
       "signe": "+"
      },
      "coingecko×defillama": {
       "n00": 8115,
       "n01": 2,
       "n10": 3,
       "n11": 1,
       "phi": "0.28837285751400581289638748509189165230945258426289",
       "signe": "+"
      },
      "defillama×chainlink": {
       "n00": 8116,
       "n01": 2,
       "n10": 2,
       "n11": 1,
       "phi": "0.33308696723330869672333086967233308696723330869672",
       "signe": "+"
      },
      "gemini×bitfinex": {
       "n00": 8111,
       "n01": 2,
       "n10": 7,
       "n11": 1,
       "phi": "0.20365883585299318550835578092935525099985783957991",
       "signe": "+"
      },
      "gemini×chainlink": {
       "n00": 8111,
       "n01": 2,
       "n10": 7,
       "n11": 1,
       "phi": "0.20365883585299318550835578092935525099985783957991",
       "signe": "+"
      },
      "gemini×coingecko": {
       "n00": 8110,
       "n01": 3,
       "n10": 7,
       "n11": 1,
       "phi": "0.17621031813712805234233006042961153356228346202880",
       "signe": "+"
      },
      "gemini×defillama": {
       "n00": 8111,
       "n01": 2,
       "n10": 7,
       "n11": 1,
       "phi": "0.20365883585299318550835578092935525099985783957991",
       "signe": "+"
      },
      "kraken×bitfinex": {
       "n00": 8117,
       "n01": 2,
       "n10": 1,
       "n11": 1,
       "phi": "0.40807228963445341605651803165004853067661789143868",
       "signe": "+"
      },
      "kraken×bitstamp": {
       "n00": 8116,
       "n01": 3,
       "n10": 1,
       "n11": 1,
       "phi": "0.35333563434906512365926266252171761851488340431997",
       "signe": "+"
      },
      "kraken×chainlink": {
       "n00": 8117,
       "n01": 2,
       "n10": 1,
       "n11": 1,
       "phi": "0.40807228963445341605651803165004853067661789143868",
       "signe": "+"
      },
      "kraken×coingecko": {
       "n00": 8116,
       "n01": 3,
       "n10": 1,
       "n11": 1,
       "phi": "0.35333563434906512365926266252171761851488340431997",
       "signe": "+"
      },
      "kraken×defillama": {
       "n00": 8117,
       "n01": 2,
       "n10": 1,
       "n11": 1,
       "phi": "0.40807228963445341605651803165004853067661789143868",
       "signe": "+"
      },
      "kraken×gemini": {
       "n00": 8112,
       "n01": 7,
       "n10": 1,
       "n11": 1,
       "phi": "0.24966118019063872690974371958622583547339102385638",
       "signe": "+"
      },
      "kraken×okx_index": {
       "n00": 8116,
       "n01": 3,
       "n10": 0,
       "n11": 2,
       "phi": "0.63233867392926319555531952535427206284404132727934",
       "signe": "+"
      },
      "kraken×okx_ticker": {
       "n00": 8118,
       "n01": 1,
       "n10": 0,
       "n11": 2,
       "phi": "0.81644629630375670524875252764882168133894862420189",
       "signe": "+"
      },
      "okx_index×bitfinex": {
       "n00": 8114,
       "n01": 2,
       "n10": 4,
       "n11": 1,
       "phi": "0.25784898560721411104507909461908078336626311864123",
       "signe": "+"
      },
      "okx_index×bitstamp": {
       "n00": 8113,
       "n01": 3,
       "n10": 4,
       "n11": 1,
       "phi": "0.22317977847714044938639796867122677871423003429704",
       "signe": "+"
      },
      "okx_index×chainlink": {
       "n00": 8114,
       "n01": 2,
       "n10": 4,
       "n11": 1,
       "phi": "0.25784898560721411104507909461908078336626311864123",
       "signe": "+"
      },
      "okx_index×coingecko": {
       "n00": 8113,
       "n01": 3,
       "n10": 4,
       "n11": 1,
       "phi": "0.22317977847714044938639796867122677871423003429704",
       "signe": "+"
      },
      "okx_index×defillama": {
       "n00": 8114,
       "n01": 2,
       "n10": 4,
       "n11": 1,
       "phi": "0.25784898560721411104507909461908078336626311864123",
       "signe": "+"
      },
      "okx_index×gemini": {
       "n00": 8109,
       "n01": 7,
       "n10": 4,
       "n11": 1,
       "phi": "0.15746112643065566824913328735269821507763578477194",
       "signe": "+"
      },
      "okx_ticker×bitfinex": {
       "n00": 8116,
       "n01": 2,
       "n10": 2,
       "n11": 1,
       "phi": "0.33308696723330869672333086967233308696723330869672",
       "signe": "+"
      },
      "okx_ticker×bitstamp": {
       "n00": 8115,
       "n01": 3,
       "n10": 2,
       "n11": 1,
       "phi": "0.28837285751400581289638748509189165230945258426289",
       "signe": "+"
      },
      "okx_ticker×chainlink": {
       "n00": 8116,
       "n01": 2,
       "n10": 2,
       "n11": 1,
       "phi": "0.33308696723330869672333086967233308696723330869672",
       "signe": "+"
      },
      "okx_ticker×coingecko": {
       "n00": 8115,
       "n01": 3,
       "n10": 2,
       "n11": 1,
       "phi": "0.28837285751400581289638748509189165230945258426289",
       "signe": "+"
      },
      "okx_ticker×defillama": {
       "n00": 8116,
       "n01": 2,
       "n10": 2,
       "n11": 1,
       "phi": "0.33308696723330869672333086967233308696723330869672",
       "signe": "+"
      },
      "okx_ticker×gemini": {
       "n00": 8111,
       "n01": 7,
       "n10": 2,
       "n11": 1,
       "phi": "0.20365883585299318550835578092935525099985783957991",
       "signe": "+"
      },
      "okx_ticker×okx_index": {
       "n00": 8115,
       "n01": 3,
       "n10": 1,
       "n11": 2,
       "phi": "0.51617511589541862570053028230740486944045788628068",
       "signe": "+"
      }
     },
     "renvoi_m1c_clusters": "corrélations entre CLUSTERS R2 (≥2 membres, analogue L&M éq. 35, séries (Θ̂_A,j, Θ̂_B,j)) — RÉALISÉ M1c (r2.cluster_lm_correlations, bloc 5) ; requièrent la partition R2 (10 §5.5 pt 4). Ici (bloc 4) : φ par paire de FLUX, base commune.",
     "renvoi_m1c_flux_source": "agrégation d'indicatrices flux→source (ex. okx_ticker+okx_index) — RÉALISÉ M1c : les deux flux okx partagent l'hôte www.okx.com → un seul nœud de partition (r2.build_flux_hosts, bloc 5). Ici (bloc 4) : φ par paire de FLUX (10 §5.5).",
     "sum_m": 46
    },
    "stress": {
     "E_theta": "0.00063795853269537480063795853269537480063795853269537",
     "E_theta2": "0.00033492822966507177033492822966507177033492822966507",
     "N": 11,
     "Var_theta": "0.00033452123857563293473643511417371905913834898977180",
     "caveat_non_eval": "m_j ne compte que les vrais écarts (panne ∨ staleness ∨ hors-env) ; NON_EVAL hors-env compté 0 comme dans p̂ (fail-closed de publication, 10 §5.2)",
     "n": 1140,
     "pair_phi": {
      "binance×bitfinex": {
       "n00": 1139,
       "n01": 1,
       "n10": 0,
       "n11": 0,
       "phi": null,
       "signe": "non_définie"
      },
      "binance×bitstamp": {
       "n00": 1139,
       "n01": 1,
       "n10": 0,
       "n11": 0,
       "phi": null,
       "signe": "non_définie"
      },
      "binance×chainlink": {
       "n00": 1140,
       "n01": 0,
       "n10": 0,
       "n11": 0,
       "phi": null,
       "signe": "non_définie"
      },
      "binance×coinbase": {
       "n00": 1139,
       "n01": 1,
       "n10": 0,
       "n11": 0,
       "phi": null,
       "signe": "non_définie"
      },
      "binance×coingecko": {
       "n00": 1139,
       "n01": 1,
       "n10": 0,
       "n11": 0,
       "phi": null,
       "signe": "non_définie"
      },
      "binance×defillama": {
       "n00": 1140,
       "n01": 0,
       "n10": 0,
       "n11": 0,
       "phi": null,
       "signe": "non_définie"
      },
      "binance×gemini": {
       "n00": 1139,
       "n01": 1,
       "n10": 0,
       "n11": 0,
       "phi": null,
       "signe": "non_définie"
      },
      "binance×kraken": {
       "n00": 1139,
       "n01": 1,
       "n10": 0,
       "n11": 0,
       "phi": null,
       "signe": "non_définie"
      },
      "binance×okx_index": {
       "n00": 1139,
       "n01": 1,
       "n10": 0,
       "n11": 0,
       "phi": null,
       "signe": "non_définie"
      },
      "binance×okx_ticker": {
       "n00": 1139,
       "n01": 1,
       "n10": 0,
       "n11": 0,
       "phi": null,
       "signe": "non_définie"
      },
      "bitfinex×chainlink": {
       "n00": 1139,
       "n01": 0,
       "n10": 1,
       "n11": 0,
       "phi": null,
       "signe": "non_définie"
      },
      "bitfinex×coingecko": {
       "n00": 1139,
       "n01": 0,
       "n10": 0,
       "n11": 1,
       "phi": "1",
       "signe": "+"
      },
      "bitfinex×defillama": {
       "n00": 1139,
       "n01": 0,
       "n10": 1,
       "n11": 0,
       "phi": null,
       "signe": "non_définie"
      },
      "bitstamp×bitfinex": {
       "n00": 1139,
       "n01": 0,
       "n10": 0,
       "n11": 1,
       "phi": "1",
       "signe": "+"
      },
      "bitstamp×chainlink": {
       "n00": 1139,
       "n01": 0,
       "n10": 1,
       "n11": 0,
       "phi": null,
       "signe": "non_définie"
      },
      "bitstamp×coingecko": {
       "n00": 1139,
       "n01": 0,
       "n10": 0,
       "n11": 1,
       "phi": "1",
       "signe": "+"
      },
      "bitstamp×defillama": {
       "n00": 1139,
       "n01": 0,
       "n10": 1,
       "n11": 0,
       "phi": null,
       "signe": "non_définie"
      },
      "bitstamp×gemini": {
       "n00": 1139,
       "n01": 0,
       "n10": 0,
       "n11": 1,
       "phi": "1",
       "signe": "+"
      },
      "coinbase×bitfinex": {
       "n00": 1138,
       "n01": 1,
       "n10": 1,
       "n11": 0,
       "phi": "-0.00087796312554872695346795434591747146619841966637401",
       "signe": "−"
      },
      "coinbase×bitstamp": {
       "n00": 1138,
       "n01": 1,
       "n10": 1,
       "n11": 0,
       "phi": "-0.00087796312554872695346795434591747146619841966637401",
       "signe": "−"
      },
      "coinbase×chainlink": {
       "n00": 1139,
       "n01": 0,
       "n10": 1,
       "n11": 0,
       "phi": null,
       "signe": "non_définie"
      },
      "coinbase×coingecko": {
       "n00": 1138,
       "n01": 1,
       "n10": 1,
       "n11": 0,
       "phi": "-0.00087796312554872695346795434591747146619841966637401",
       "signe": "−"
      },
      "coinbase×defillama": {
       "n00": 1139,
       "n01": 0,
       "n10": 1,
       "n11": 0,
       "phi": null,
       "signe": "non_définie"
      },
      "coinbase×gemini": {
       "n00": 1138,
       "n01": 1,
       "n10": 1,
       "n11": 0,
       "phi": "-0.00087796312554872695346795434591747146619841966637401",
       "signe": "−"
      },
      "coinbase×kraken": {
       "n00": 1138,
       "n01": 1,
       "n10": 1,
       "n11": 0,
       "phi": "-0.00087796312554872695346795434591747146619841966637401",
       "signe": "−"
      },
      "coinbase×okx_index": {
       "n00": 1138,
       "n01": 1,
       "n10": 1,
       "n11": 0,
       "phi": "-0.00087796312554872695346795434591747146619841966637401",
       "signe": "−"
      },
      "coinbase×okx_ticker": {
       "n00": 1138,
       "n01": 1,
       "n10": 1,
       "n11": 0,
       "phi": "-0.00087796312554872695346795434591747146619841966637401",
       "signe": "−"
      },
      "coingecko×chainlink": {
       "n00": 1139,
       "n01": 0,
       "n10": 1,
       "n11": 0,
       "phi": null,
       "signe": "non_définie"
      },
      "coingecko×defillama": {
       "n00": 1139,
       "n01": 0,
       "n10": 1,
       "n11": 0,
       "phi": null,
       "signe": "non_définie"
      },
      "defillama×chainlink": {
       "n00": 1140,
       "n01": 0,
       "n10": 0,
       "n11": 0,
       "phi": null,
       "signe": "non_définie"
      },
      "gemini×bitfinex": {
       "n00": 1139,
       "n01": 0,
       "n10": 0,
       "n11": 1,
       "phi": "1",
       "signe": "+"
      },
      "gemini×chainlink": {
       "n00": 1139,
       "n01": 0,
       "n10": 1,
       "n11": 0,
       "phi": null,
       "signe": "non_définie"
      },
      "gemini×coingecko": {
       "n00": 1139,
       "n01": 0,
       "n10": 0,
       "n11": 1,
       "phi": "1",
       "signe": "+"
      },
      "gemini×defillama": {
       "n00": 1139,
       "n01": 0,
       "n10": 1,
       "n11": 0,
       "phi": null,
       "signe": "non_définie"
      },
      "kraken×bitfinex": {
       "n00": 1139,
       "n01": 0,
       "n10": 0,
       "n11": 1,
       "phi": "1",
       "signe": "+"
      },
      "kraken×bitstamp": {
       "n00": 1139,
       "n01": 0,
       "n10": 0,
       "n11": 1,
       "phi": "1",
       "signe": "+"
      },
      "kraken×chainlink": {
       "n00": 1139,
       "n01": 0,
       "n10": 1,
       "n11": 0,
       "phi": null,
       "signe": "non_définie"
      },
      "kraken×coingecko": {
       "n00": 1139,
       "n01": 0,
       "n10": 0,
       "n11": 1,
       "phi": "1",
       "signe": "+"
      },
      "kraken×defillama": {
       "n00": 1139,
       "n01": 0,
       "n10": 1,
       "n11": 0,
       "phi": null,
       "signe": "non_définie"
      },
      "kraken×gemini": {
       "n00": 1139,
       "n01": 0,
       "n10": 0,
       "n11": 1,
       "phi": "1",
       "signe": "+"
      },
      "kraken×okx_index": {
       "n00": 1139,
       "n01": 0,
       "n10": 0,
       "n11": 1,
       "phi": "1",
       "signe": "+"
      },
      "kraken×okx_ticker": {
       "n00": 1139,
       "n01": 0,
       "n10": 0,
       "n11": 1,
       "phi": "1",
       "signe": "+"
      },
      "okx_index×bitfinex": {
       "n00": 1139,
       "n01": 0,
       "n10": 0,
       "n11": 1,
       "phi": "1",
       "signe": "+"
      },
      "okx_index×bitstamp": {
       "n00": 1139,
       "n01": 0,
       "n10": 0,
       "n11": 1,
       "phi": "1",
       "signe": "+"
      },
      "okx_index×chainlink": {
       "n00": 1139,
       "n01": 0,
       "n10": 1,
       "n11": 0,
       "phi": null,
       "signe": "non_définie"
      },
      "okx_index×coingecko": {
       "n00": 1139,
       "n01": 0,
       "n10": 0,
       "n11": 1,
       "phi": "1",
       "signe": "+"
      },
      "okx_index×defillama": {
       "n00": 1139,
       "n01": 0,
       "n10": 1,
       "n11": 0,
       "phi": null,
       "signe": "non_définie"
      },
      "okx_index×gemini": {
       "n00": 1139,
       "n01": 0,
       "n10": 0,
       "n11": 1,
       "phi": "1",
       "signe": "+"
      },
      "okx_ticker×bitfinex": {
       "n00": 1139,
       "n01": 0,
       "n10": 0,
       "n11": 1,
       "phi": "1",
       "signe": "+"
      },
      "okx_ticker×bitstamp": {
       "n00": 1139,
       "n01": 0,
       "n10": 0,
       "n11": 1,
       "phi": "1",
       "signe": "+"
      },
      "okx_ticker×chainlink": {
       "n00": 1139,
       "n01": 0,
       "n10": 1,
       "n11": 0,
       "phi": null,
       "signe": "non_définie"
      },
      "okx_ticker×coingecko": {
       "n00": 1139,
       "n01": 0,
       "n10": 0,
       "n11": 1,
       "phi": "1",
       "signe": "+"
      },
      "okx_ticker×defillama": {
       "n00": 1139,
       "n01": 0,
       "n10": 1,
       "n11": 0,
       "phi": null,
       "signe": "non_définie"
      },
      "okx_ticker×gemini": {
       "n00": 1139,
       "n01": 0,
       "n10": 0,
       "n11": 1,
       "phi": "1",
       "signe": "+"
      },
      "okx_ticker×okx_index": {
       "n00": 1139,
       "n01": 0,
       "n10": 0,
       "n11": 1,
       "phi": "1",
       "signe": "+"
      }
     },
     "renvoi_m1c_clusters": "corrélations entre CLUSTERS R2 (≥2 membres, analogue L&M éq. 35, séries (Θ̂_A,j, Θ̂_B,j)) — RÉALISÉ M1c (r2.cluster_lm_correlations, bloc 5) ; requièrent la partition R2 (10 §5.5 pt 4). Ici (bloc 4) : φ par paire de FLUX, base commune.",
     "renvoi_m1c_flux_source": "agrégation d'indicatrices flux→source (ex. okx_ticker+okx_index) — RÉALISÉ M1c : les deux flux okx partagent l'hôte www.okx.com → un seul nœud de partition (r2.build_flux_hosts, bloc 5). Ici (bloc 4) : φ par paire de FLUX (10 §5.5).",
     "sum_m": 8
    }
   }
  },
  "plages": [],
  "r1": {
   "A_window_stationarity": "A(window-stationarity) engagée par le test agrégé (10 §5.3 ; ancre Eckhardt & Lee TM-86369 p. fichier 2, hyp. (ii) « stationary input series ») — écrite dans chaque sortie R1 ; décharge = stratification ex ante (08)",
   "pool": [
    "binance",
    "coinbase",
    "kraken",
    "okx_ticker",
    "okx_index",
    "bitstamp",
    "gemini",
    "bitfinex",
    "coingecko",
    "defillama",
    "chainlink"
   ],
   "poolee": {
    "etiquette": "exploratoire, hors famille, hors décision",
    "motif": "strate(s) sous la garde §5.4, z de strate non publié : « calme » ; « stress »",
    "numerateur": null,
    "strates": {
     "calme": {
      "K": 5,
      "N": 11,
      "P_more": "0.000014316253783038939038177418104725077784697432524987",
      "n": 8121,
      "pool": [
       "binance",
       "coinbase",
       "kraken",
       "okx_ticker",
       "okx_index",
       "bitstamp",
       "gemini",
       "bitfinex",
       "coingecko",
       "defillama",
       "chainlink"
      ]
     },
     "stress": {
      "K": 1,
      "N": 11,
      "P_more": "0.000021469618207937163532218656623490189731153357463892",
      "n": 1140,
      "pool": [
       "binance",
       "coinbase",
       "kraken",
       "okx_ticker",
       "okx_index",
       "bitstamp",
       "gemini",
       "bitfinex",
       "coingecko",
       "defillama",
       "chainlink"
      ]
     }
    },
    "variance": null,
    "z_pool": null
   },
   "strates": {
    "calme": {
     "A_window_stationarity": "A(window-stationarity) engagée par le test agrégé (10 §5.3 ; ancre Eckhardt & Lee TM-86369 p. fichier 2, hyp. (ii) « stationary input series ») — écrite dans chaque sortie R1 ; décharge = stratification ex ante (08)",
     "K": 5,
     "P0": "0.99435001067478931867841065095683342972206454401289",
     "P1": "0.0056356730714276423825511716250618452001507585545843",
     "P_more": "0.000014316253783038939038177418104725077784697432524987",
     "bloc": {
      "FIV": "46.770723330430722305083553326457997675633994781978",
      "FIV_motif": null,
      "FIV_serie": "1.0881887601305512866052751056000030101637328797696",
      "FIV_serie_motif": null,
      "R_centrage": "42.980340400519835884964483191793137977818819305645",
      "cv_theorique": "0.19850444399044364451019715471672984842570731272273",
      "ell": 240,
      "gamma0": "4.9969215613840660017239256249230390346016500430981",
      "runs": {
       "longueur_moyenne": "1",
       "nombre": 5,
       "run_max": 1
      },
      "sigma2_bloc": "5.4375938783521452050784464702928361226997020392872",
      "z_bloc": "2.0943484839416630978298953875433710863142063001875",
      "z_bloc_motif": null
     },
     "decomposition_K": {
      "c": 1,
      "pt_0": 0,
      "pt_1": 1,
      "pt_2_plus": 4,
      "tous_hors_enveloppe": 0
     },
     "flag_historique_insuffisant": true,
     "gate_value": "0.11626063253151037288958691789311493515448564399261",
     "n": 8121,
     "n_min_hors_enveloppe": 4,
     "per_source": {
      "binance": {
       "axes_evaluables": [
        "panne",
        "hors_enveloppe"
       ],
       "ecart": 6,
       "hors_enveloppe": 0,
       "non_eval_hors_env": 0,
       "ok_windows": 8115,
       "panne": 6,
       "pas_ecart": 8115,
       "phat": "0.00073882526782415958625785001847063169560398965644625",
       "staleness": 0,
       "staleness_evaluable_windows": 0,
       "staleness_fail_open": true
      },
      "bitfinex": {
       "axes_evaluables": [
        "panne",
        "hors_enveloppe"
       ],
       "ecart": 3,
       "hors_enveloppe": 0,
       "non_eval_hors_env": 0,
       "ok_windows": 8118,
       "panne": 3,
       "pas_ecart": 8118,
       "phat": "0.00036941263391207979312892500923531584780199482822313",
       "staleness": 0,
       "staleness_evaluable_windows": 0,
       "staleness_fail_open": true
      },
      "bitstamp": {
       "axes_evaluables": [
        "panne",
        "staleness",
        "hors_enveloppe"
       ],
       "ecart": 4,
       "hors_enveloppe": 0,
       "non_eval_hors_env": 0,
       "ok_windows": 8117,
       "panne": 4,
       "pas_ecart": 8117,
       "phat": "0.00049255017854943972417190001231375446373599310429750",
       "staleness": 0,
       "staleness_evaluable_windows": 8117,
       "staleness_fail_open": false
      },
      "chainlink": {
       "axes_evaluables": [
        "panne",
        "staleness",
        "hors_enveloppe"
       ],
       "ecart": 3,
       "hors_enveloppe": 0,
       "non_eval_hors_env": 0,
       "ok_windows": 8118,
       "panne": 3,
       "pas_ecart": 8118,
       "phat": "0.00036941263391207979312892500923531584780199482822313",
       "staleness": 0,
       "staleness_evaluable_windows": 8118,
       "staleness_fail_open": false
      },
      "coinbase": {
       "axes_evaluables": [
        "panne",
        "staleness",
        "hors_enveloppe"
       ],
       "ecart": 5,
       "hors_enveloppe": 0,
       "non_eval_hors_env": 0,
       "ok_windows": 8116,
       "panne": 5,
       "pas_ecart": 8116,
       "phat": "0.00061568772318679965521487501539219307966999138037188",
       "staleness": 0,
       "staleness_evaluable_windows": 8116,
       "staleness_fail_open": false
      },
      "coingecko": {
       "axes_evaluables": [
        "panne",
        "staleness",
        "hors_enveloppe"
       ],
       "ecart": 4,
       "hors_enveloppe": 0,
       "non_eval_hors_env": 0,
       "ok_windows": 8117,
       "panne": 4,
       "pas_ecart": 8117,
       "phat": "0.00049255017854943972417190001231375446373599310429750",
       "staleness": 0,
       "staleness_evaluable_windows": 8117,
       "staleness_fail_open": false
      },
      "defillama": {
       "axes_evaluables": [
        "panne",
        "staleness",
        "hors_enveloppe"
       ],
       "ecart": 3,
       "hors_enveloppe": 0,
       "non_eval_hors_env": 0,
       "ok_windows": 8118,
       "panne": 3,
       "pas_ecart": 8118,
       "phat": "0.00036941263391207979312892500923531584780199482822313",
       "staleness": 0,
       "staleness_evaluable_windows": 8118,
       "staleness_fail_open": false
      },
      "gemini": {
       "axes_evaluables": [
        "panne",
        "staleness",
        "hors_enveloppe"
       ],
       "ecart": 8,
       "hors_enveloppe": 0,
       "non_eval_hors_env": 0,
       "ok_windows": 8113,
       "panne": 8,
       "pas_ecart": 8113,
       "phat": "0.00098510035709887944834380002462750892747198620859500",
       "staleness": 0,
       "staleness_evaluable_windows": 8113,
       "staleness_fail_open": false
      },
      "kraken": {
       "axes_evaluables": [
        "panne",
        "hors_enveloppe"
       ],
       "ecart": 2,
       "hors_enveloppe": 0,
       "non_eval_hors_env": 0,
       "ok_windows": 8119,
       "panne": 2,
       "pas_ecart": 8119,
       "phat": "0.00024627508927471986208595000615687723186799655214875",
       "staleness": 0,
       "staleness_evaluable_windows": 0,
       "staleness_fail_open": true
      },
      "okx_index": {
       "axes_evaluables": [
        "panne",
        "staleness",
        "hors_enveloppe"
       ],
       "ecart": 5,
       "hors_enveloppe": 0,
       "non_eval_hors_env": 0,
       "ok_windows": 8116,
       "panne": 5,
       "pas_ecart": 8116,
       "phat": "0.00061568772318679965521487501539219307966999138037188",
       "staleness": 0,
       "staleness_evaluable_windows": 8116,
       "staleness_fail_open": false
      },
      "okx_ticker": {
       "axes_evaluables": [
        "panne",
        "staleness",
        "hors_enveloppe"
       ],
       "ecart": 3,
       "hors_enveloppe": 0,
       "non_eval_hors_env": 0,
       "ok_windows": 8118,
       "panne": 3,
       "pas_ecart": 8118,
       "phat": "0.00036941263391207979312892500923531584780199482822313",
       "staleness": 0,
       "staleness_evaluable_windows": 8118,
       "staleness_fail_open": false
      }
     },
     "queue_binomiale_P_K_ge_Kobs": "1.6050399040185440992922017821757229325022510237408E-7",
     "queue_exacte_applicable": true,
     "queue_note": "P(K ≥ K_obs | Bin(n, P̂_more)) — loi de K, 10 §5.1/§5.4",
     "residu_staleness_fail_open": [
      "binance",
      "kraken",
      "bitfinex"
     ],
     "seuil_historique": "10",
     "seuil_z": "2.33",
     "z": null
    },
    "stress": {
     "A_window_stationarity": "A(window-stationarity) engagée par le test agrégé (10 §5.3 ; ancre Eckhardt & Lee TM-86369 p. fichier 2, hyp. (ii) « stationary input series ») — écrite dans chaque sortie R1 ; décharge = stratification ex ante (08)",
     "K": 1,
     "P0": "0.99300396347415968576350200780305653415335328363195",
     "P1": "0.0069745669076323770729657735403199756569155630105844",
     "P_more": "0.000021469618207937163532218656623490189731153357463892",
     "bloc": {
      "FIV": "31.652921405546072435912287357270435020583343807563",
      "FIV_motif": null,
      "FIV_serie": "0.77538032233055568391273765332265401578279911074145",
      "FIV_serie_motif": null,
      "R_centrage": "40.822446087369213440666986246450092941460404032810",
      "cv_theorique": "0.52981294282601752261310068820674505671734699681567",
      "ell": 240,
      "gamma0": "0.99912280701754385964912280701754385964912280701754",
      "runs": {
       "longueur_moyenne": "1",
       "nombre": 1,
       "run_max": 1
      },
      "sigma2_bloc": "0.77470016415307274033035805888991484559351595362676",
      "z_bloc": null,
      "z_bloc_motif": "garde de blocs : n_s = 1140 < 30·ℓ = 7200"
     },
     "decomposition_K": {
      "c": 0,
      "pt_0": 0,
      "pt_1": 0,
      "pt_2_plus": 1,
      "tous_hors_enveloppe": 0
     },
     "flag_historique_insuffisant": true,
     "gate_value": "0.024474839280311532597570565581073686929332258857146",
     "n": 1140,
     "n_min_hors_enveloppe": 4,
     "per_source": {
      "binance": {
       "axes_evaluables": [
        "panne",
        "hors_enveloppe"
       ],
       "ecart": 0,
       "hors_enveloppe": 0,
       "non_eval_hors_env": 0,
       "ok_windows": 1140,
       "panne": 0,
       "pas_ecart": 1140,
       "phat": "0",
       "staleness": 0,
       "staleness_evaluable_windows": 0,
       "staleness_fail_open": true
      },
      "bitfinex": {
       "axes_evaluables": [
        "panne",
        "hors_enveloppe"
       ],
       "ecart": 1,
       "hors_enveloppe": 0,
       "non_eval_hors_env": 0,
       "ok_windows": 1139,
       "panne": 1,
       "pas_ecart": 1139,
       "phat": "0.00087719298245614035087719298245614035087719298245614",
       "staleness": 0,
       "staleness_evaluable_windows": 0,
       "staleness_fail_open": true
      },
      "bitstamp": {
       "axes_evaluables": [
        "panne",
        "staleness",
        "hors_enveloppe"
       ],
       "ecart": 1,
       "hors_enveloppe": 0,
       "non_eval_hors_env": 0,
       "ok_windows": 1139,
       "panne": 1,
       "pas_ecart": 1139,
       "phat": "0.00087719298245614035087719298245614035087719298245614",
       "staleness": 0,
       "staleness_evaluable_windows": 1139,
       "staleness_fail_open": false
      },
      "chainlink": {
       "axes_evaluables": [
        "panne",
        "staleness",
        "hors_enveloppe"
       ],
       "ecart": 0,
       "hors_enveloppe": 0,
       "non_eval_hors_env": 0,
       "ok_windows": 1140,
       "panne": 0,
       "pas_ecart": 1140,
       "phat": "0",
       "staleness": 0,
       "staleness_evaluable_windows": 1140,
       "staleness_fail_open": false
      },
      "coinbase": {
       "axes_evaluables": [
        "panne",
        "staleness",
        "hors_enveloppe"
       ],
       "ecart": 1,
       "hors_enveloppe": 0,
       "non_eval_hors_env": 0,
       "ok_windows": 1139,
       "panne": 1,
       "pas_ecart": 1139,
       "phat": "0.00087719298245614035087719298245614035087719298245614",
       "staleness": 0,
       "staleness_evaluable_windows": 1139,
       "staleness_fail_open": false
      },
      "coingecko": {
       "axes_evaluables": [
        "panne",
        "staleness",
        "hors_enveloppe"
       ],
       "ecart": 1,
       "hors_enveloppe": 0,
       "non_eval_hors_env": 0,
       "ok_windows": 1139,
       "panne": 1,
       "pas_ecart": 1139,
       "phat": "0.00087719298245614035087719298245614035087719298245614",
       "staleness": 0,
       "staleness_evaluable_windows": 1139,
       "staleness_fail_open": false
      },
      "defillama": {
       "axes_evaluables": [
        "panne",
        "staleness",
        "hors_enveloppe"
       ],
       "ecart": 0,
       "hors_enveloppe": 0,
       "non_eval_hors_env": 0,
       "ok_windows": 1140,
       "panne": 0,
       "pas_ecart": 1140,
       "phat": "0",
       "staleness": 0,
       "staleness_evaluable_windows": 1140,
       "staleness_fail_open": false
      },
      "gemini": {
       "axes_evaluables": [
        "panne",
        "staleness",
        "hors_enveloppe"
       ],
       "ecart": 1,
       "hors_enveloppe": 0,
       "non_eval_hors_env": 0,
       "ok_windows": 1139,
       "panne": 1,
       "pas_ecart": 1139,
       "phat": "0.00087719298245614035087719298245614035087719298245614",
       "staleness": 0,
       "staleness_evaluable_windows": 1139,
       "staleness_fail_open": false
      },
      "kraken": {
       "axes_evaluables": [
        "panne",
        "hors_enveloppe"
       ],
       "ecart": 1,
       "hors_enveloppe": 0,
       "non_eval_hors_env": 0,
       "ok_windows": 1139,
       "panne": 1,
       "pas_ecart": 1139,
       "phat": "0.00087719298245614035087719298245614035087719298245614",
       "staleness": 0,
       "staleness_evaluable_windows": 0,
       "staleness_fail_open": true
      },
      "okx_index": {
       "axes_evaluables": [
        "panne",
        "staleness",
        "hors_enveloppe"
       ],
       "ecart": 1,
       "hors_enveloppe": 0,
       "non_eval_hors_env": 0,
       "ok_windows": 1139,
       "panne": 1,
       "pas_ecart": 1139,
       "phat": "0.00087719298245614035087719298245614035087719298245614",
       "staleness": 0,
       "staleness_evaluable_windows": 1139,
       "staleness_fail_open": false
      },
      "okx_ticker": {
       "axes_evaluables": [
        "panne",
        "staleness",
        "hors_enveloppe"
       ],
       "ecart": 1,
       "hors_enveloppe": 0,
       "non_eval_hors_env": 0,
       "ok_windows": 1139,
       "panne": 1,
       "pas_ecart": 1139,
       "phat": "0.00087719298245614035087719298245614035087719298245614",
       "staleness": 0,
       "staleness_evaluable_windows": 1139,
       "staleness_fail_open": false
      }
     },
     "queue_binomiale_P_K_ge_Kobs": "0.024178528161793408845790128968081352226325756074848",
     "queue_exacte_applicable": true,
     "queue_note": "P(K ≥ K_obs | Bin(n, P̂_more)) — loi de K, 10 §5.1/§5.4",
     "residu_staleness_fail_open": [
      "binance",
      "kraken",
      "bitfinex"
     ],
     "seuil_historique": "10",
     "seuil_z": "2.33",
     "z": null
    }
   },
   "tau_observe": {
    "agregateur": {
     "N": 18514,
     "P99": "0.0031482780776333306588934221869547561241325514636337",
     "max": "0.0090599139787321325265867745691805869899344235471173",
     "tau_classe": "0.026"
    },
    "oracle_chainlink": {
     "N": 9258,
     "P99": "0.0046719693679867571511002357040264417050627294374875",
     "max": "0.0074396649917041096511775777869397034040845974578793",
     "tau_classe": "0.0165"
    },
    "oracle_pyth": {
     "N": 0,
     "P99": null,
     "max": null,
     "tau_classe": "0.0015"
    },
    "place_horodatee": {
     "N": 46275,
     "P99": "0.00058671969353437485243061732356200307526507504125474",
     "max": "0.0023895925490106512304496190517290853068300110256537",
     "tau_classe": "0.0045"
    },
    "sans_horodatage": {
     "N": 27770,
     "P99": "0.0016403004443074962498701313124979942592390150138857",
     "max": "0.0040007038565720047001437221863515963289104606234303",
     "tau_classe": "0.0045"
    }
   }
  },
  "r2": {
   "cluster_correlations": {
    "cluster_pairs": {},
    "convention": "corrélations Θ̂ entre clusters à ≥ 2 flux (analogue L&M éq. 35) ; singletons → φ par paire de flux (M1b, bloc 4). Signées (Cov<0 possible).",
    "n_multi_clusters": 1
   },
   "content": {
    "coab_staleness_note": "co-aberrance = |e_s(j)| > κ·MAD_j(pool) (§4.2 (2c)) ; le « ou staleness » du design est déjà porté par l'écart (ii) de R1 (§5.2) — non re-plombé ici, résidu nommé",
    "exact_copy_pairs": [],
    "grid_note": "grille §4.2 (w=1s places / 10s agrégats) REMPLACÉE par la décision budget §9 (w=60s, décision mainteneur 5 du 2026-08-05) — contenu calculé sur la grille du journal (w de run_params), sur toutes les fenêtres (hors stratification R1 §5.3)",
    "merge_criterion": "identité exacte T==1 sur ≥ N_min fenêtres communes, série non constante — SEUL critère de fusion contenu v0 (aucun seuil de corrélation sourcé : 04 §3 n'en fixe pas, le « 0,999 » de 04 §1 est un exemple ; ADR-0008 : basis:doc déclenche (b), ne fusionne pas). ρ_resid haut = corroboration publiée, désigne où mesurer.",
    "n_min": 300,
    "n_windows": 9261,
    "pairs": {
     "binance×bitfinex": {
      "basis_doc_triggered": false,
      "coaberrance": {
       "K": 148,
       "gate": "37.269392530539813187880317339004895025714373150863",
       "n": 9253,
       "note": "z co-aberrance (seuil 2.33, unilatéral)",
       "p_co": "0.0040441725291696516792395861482833594039777309000493",
       "queue": null,
       "z": "18.113299484204367047397745495786553683100815029291"
      },
      "delta": {
       "best_corr": "0.54862598064911641626611463044077012607393850006880",
       "best_lag": 0,
       "n_jumps_a": 49,
       "n_jumps_b": 49,
       "note": "lag=0 (>0 : binance précède bitfinex)"
      },
      "is_peg_usdt_usd": true,
      "rho_raw": {
       "n": 9237,
       "note": "ok",
       "rho": "0.85570920533609731313550333180660341547835730291764",
       "sufficient": true
      },
      "rho_resid": {
       "n": 9253,
       "note": "ok",
       "rho": "0.79437607718102580981468565929176669502102686044359",
       "sufficient": true
      },
      "tick": {
       "T": "0.0020533880903490759753593429158110882956878850102669",
       "T_delta": "0.0018392296873309531537379638645461430271556853835335",
       "exact_copy_merge": false,
       "n_common": 9253,
       "n_shift": 9243,
       "non_constant": true,
       "sufficient": true
      }
     },
     "binance×bitstamp": {
      "basis_doc_triggered": false,
      "coaberrance": {
       "K": 0,
       "gate": "0.13305039959814113527472292757781706100154955082063",
       "n": 9252,
       "note": "garde §5.4 (n·p·(1−p) < 10) : queue exacte P(K≥K_obs|Bin(n,p_co))",
       "p_co": "0.000014380924450216440506477701085744608987453945994827",
       "queue": "1",
       "z": null
      },
      "delta": {
       "best_corr": "0.88545570271262372942682209751260427391905715575621",
       "best_lag": 0,
       "n_jumps_a": 49,
       "n_jumps_b": 55,
       "note": "lag=0 (>0 : binance précède bitstamp)"
      },
      "is_peg_usdt_usd": true,
      "rho_raw": {
       "n": 9235,
       "note": "ok",
       "rho": "0.97728841179858207209672121513388621550224322228372",
       "sufficient": true
      },
      "rho_resid": {
       "n": 9252,
       "note": "ok",
       "rho": "0.00021380530513375025270268674657867330219555511634042",
       "sufficient": true
      },
      "tick": {
       "T": "0.00032425421530479896238651102464332036316472114137484",
       "T_delta": "0.00010820168794633196277861934646180480415494481713915",
       "exact_copy_merge": false,
       "n_common": 9252,
       "n_shift": 9242,
       "non_constant": true,
       "sufficient": true
      }
     },
     "binance×chainlink": {
      "basis_doc_triggered": false,
      "coaberrance": {
       "K": 24,
       "gate": "50.360299601535516059687921163415979370645372252893",
       "n": 9253,
       "note": "z co-aberrance (seuil 2.33, unilatéral)",
       "p_co": "0.0054725402455924897763039549307903200598836630270158",
       "queue": null,
       "z": "-3.7535994134553876812688459246433029361650204056775"
      },
      "delta": {
       "best_corr": "0.12380991266706349426600148975524685278812614949268",
       "best_lag": 1,
       "n_jumps_a": 49,
       "n_jumps_b": 119,
       "note": "lag=1 (>0 : binance précède chainlink)"
      },
      "is_peg_usdt_usd": true,
      "rho_raw": {
       "n": 9237,
       "note": "ok",
       "rho": "0.074841596554882103952050188395842097300329234789641",
       "sufficient": true
      },
      "rho_resid": {
       "n": 9252,
       "note": "ok",
       "rho": "-0.14802897450515497495724120453666373311404406390594",
       "sufficient": true
      },
      "tick": {
       "T": "0",
       "T_delta": "0",
       "exact_copy_merge": false,
       "n_common": 9253,
       "n_shift": 9244,
       "non_constant": true,
       "sufficient": true
      }
     },
     "binance×coinbase": {
      "basis_doc_triggered": false,
      "coaberrance": {
       "K": 0,
       "gate": "0.0068093335098258647824755241881531743091310381082808",
       "n": 9252,
       "note": "garde §5.4 (n·p·(1−p) < 10) : queue exacte P(K≥K_obs|Bin(n,p_co))",
       "p_co": "7.3598557300051645159065407668717332754638391362642E-7",
       "queue": "1",
       "z": null
      },
      "delta": {
       "best_corr": "0.90677539594146061571250032164084860061110882725755",
       "best_lag": 0,
       "n_jumps_a": 49,
       "n_jumps_b": 48,
       "note": "lag=0 (>0 : binance précède coinbase)"
      },
      "is_peg_usdt_usd": true,
      "rho_raw": {
       "n": 9235,
       "note": "ok",
       "rho": "0.98553629289714788024810893060430780948450179205223",
       "sufficient": true
      },
      "rho_resid": {
       "n": 9251,
       "note": "ok",
       "rho": "0.12268029796069262605992757185024260855516381369611",
       "sufficient": true
      },
      "tick": {
       "T": "0.00054042369217466493731085170773886727194120190229140",
       "T_delta": "0.00021642679363705226707066334812249756519857158316200",
       "exact_copy_merge": false,
       "n_common": 9252,
       "n_shift": 9241,
       "non_constant": true,
       "sufficient": true
      }
     },
     "binance×coingecko": {
      "basis_doc_triggered": true,
      "coaberrance": {
       "K": 1,
       "gate": "14.817289136574152503548380454143852128969235895349",
       "n": 9251,
       "note": "z co-aberrance (seuil 2.33, unilatéral)",
       "p_co": "0.0016042696205434661835750203482663167260686749854679",
       "queue": null,
       "z": "-3.5957225523848971110937454328353640883222913625162"
      },
      "delta": {
       "best_corr": "0.49801089779824675217716776326288176249885499518650",
       "best_lag": 2,
       "n_jumps_a": 49,
       "n_jumps_b": 55,
       "note": "lag=2 (>0 : binance précède coingecko)"
      },
      "is_peg_usdt_usd": true,
      "rho_raw": {
       "n": 9233,
       "note": "ok",
       "rho": "0.0091647654545948098793647177228545011312566828251045",
       "sufficient": true
      },
      "rho_resid": {
       "n": 9251,
       "note": "ok",
       "rho": "-0.073781171124649467455776859547007481118781418150938",
       "sufficient": true
      },
      "tick": {
       "T": "0.0017295427521349043346665225381039887579721111231218",
       "T_delta": "0.00097381519151698766500757411815624323739450335425233",
       "exact_copy_merge": false,
       "n_common": 9251,
       "n_shift": 9242,
       "non_constant": true,
       "sufficient": true
      }
     },
     "binance×defillama": {
      "basis_doc_triggered": false,
      "coaberrance": {
       "K": 11,
       "gate": "23.657778998066671962818403548820157181207978401181",
       "n": 9253,
       "note": "z co-aberrance (seuil 2.33, unilatéral)",
       "p_co": "0.0025633392152344958173460912878737930007225465847962",
       "queue": null,
       "z": "-2.6148788013126357691283161498622291697434351982898"
      },
      "delta": {
       "best_corr": "0.11935026803056519677410238608778462724936102974346",
       "best_lag": 2,
       "n_jumps_a": 49,
       "n_jumps_b": 127,
       "note": "lag=2 (>0 : binance précède defillama)"
      },
      "is_peg_usdt_usd": true,
      "rho_raw": {
       "n": 9237,
       "note": "ok",
       "rho": "-0.014632144461544037775513151950191306492338847212368",
       "sufficient": true
      },
      "rho_resid": {
       "n": 9252,
       "note": "ok",
       "rho": "-0.090985325499552410209602482749285594696614547930461",
       "sufficient": true
      },
      "tick": {
       "T": "0",
       "T_delta": "0",
       "exact_copy_merge": false,
       "n_common": 9253,
       "n_shift": 9244,
       "non_constant": true,
       "sufficient": true
      }
     },
     "binance×gemini": {
      "basis_doc_triggered": false,
      "coaberrance": {
       "K": 3,
       "gate": "0.86571324756243994914815641301907370962288193930428",
       "n": 9247,
       "note": "garde §5.4 (n·p·(1−p) < 10) : queue exacte P(K≥K_obs|Bin(n,p_co))",
       "p_co": "0.000093629751451135426804602649590982652661842025137377",
       "queue": "0.057335017700803666232298432293647533679077003309279",
       "z": null
      },
      "delta": {
       "best_corr": "0.70466522708080495794501112934465646906797958573546",
       "best_lag": 0,
       "n_jumps_a": 49,
       "n_jumps_b": 56,
       "note": "lag=0 (>0 : binance précède gemini)"
      },
      "is_peg_usdt_usd": true,
      "rho_raw": {
       "n": 9225,
       "note": "ok",
       "rho": "0.91231742559102053729799521505724788456793402765364",
       "sufficient": true
      },
      "rho_resid": {
       "n": 9247,
       "note": "ok",
       "rho": "0.19573367548134362753929183298546218883038225259188",
       "sufficient": true
      },
      "tick": {
       "T": "0.00064885908943441116037633827187195847301827619768574",
       "T_delta": "0.00064949123186836977700801039185970989391643212816627",
       "exact_copy_merge": false,
       "n_common": 9247,
       "n_shift": 9238,
       "non_constant": true,
       "sufficient": true
      }
     },
     "binance×kraken": {
      "basis_doc_triggered": false,
      "coaberrance": {
       "K": 0,
       "gate": "0.74294260754646785047035714675493887256567231840089",
       "n": 9253,
       "note": "garde §5.4 (n·p·(1−p) < 10) : queue exacte P(K≥K_obs|Bin(n,p_co))",
       "p_co": "0.000080298526913887941496046702043725403612223685323026",
       "queue": "1",
       "z": null
      },
      "delta": {
       "best_corr": "0.75548911535826495768239646173080199955485458490397",
       "best_lag": 0,
       "n_jumps_a": 49,
       "n_jumps_b": 57,
       "note": "lag=0 (>0 : binance précède kraken)"
      },
      "is_peg_usdt_usd": true,
      "rho_raw": {
       "n": 9237,
       "note": "ok",
       "rho": "0.94352208114431804828988397779824939309326793376451",
       "sufficient": true
      },
      "rho_resid": {
       "n": 9253,
       "note": "ok",
       "rho": "0.024969394047754708153199163536329819227987478958986",
       "sufficient": true
      },
      "tick": {
       "T": "0.00043229222954717388954933535069707122014481789689830",
       "T_delta": "0.00032453483340545218520121159671138035482475118996106",
       "exact_copy_merge": false,
       "n_common": 9253,
       "n_shift": 9244,
       "non_constant": true,
       "sufficient": true
      }
     },
     "binance×okx_index": {
      "basis_doc_triggered": false,
      "coaberrance": {
       "K": 0,
       "gate": "0E-102",
       "n": 9250,
       "note": "dégénérée p_co ∈ {0,1} — sans pouvoir de test (§5.4)",
       "p_co": "0E-53",
       "queue": null,
       "z": null
      },
      "delta": {
       "best_corr": "0.92185057912206641850380915964748050184975394642253",
       "best_lag": 0,
       "n_jumps_a": 49,
       "n_jumps_b": 53,
       "note": "lag=0 (>0 : binance précède okx_index)"
      },
      "is_peg_usdt_usd": true,
      "rho_raw": {
       "n": 9231,
       "note": "ok",
       "rho": "0.98906068892336382569446300374110054732549300452608",
       "sufficient": true
      },
      "rho_resid": {
       "n": 9250,
       "note": "ok",
       "rho": "0.19590207281659684979241264977210515133087172892678",
       "sufficient": true
      },
      "tick": {
       "T": "0.00021621621621621621621621621621621621621621621621622",
       "T_delta": "0.00021642679363705226707066334812249756519857158316200",
       "exact_copy_merge": false,
       "n_common": 9250,
       "n_shift": 9241,
       "non_constant": true,
       "sufficient": true
      }
     },
     "binance×okx_ticker": {
      "basis_doc_triggered": false,
      "coaberrance": {
       "K": 117,
       "gate": "2.3359857774727729194384153357249207028933706327384",
       "n": 9252,
       "note": "garde §5.4 (n·p·(1−p) < 10) : queue exacte P(K≥K_obs|Bin(n,p_co))",
       "p_co": "0.00025254819233532007381725015602894147610948773721866",
       "queue": "1.6281659649298463539534414626982088062835777911660E-151",
       "z": null
      },
      "delta": {
       "best_corr": "0.94823245284713335231903800952297284204034992624336",
       "best_lag": 0,
       "n_jumps_a": 49,
       "n_jumps_b": 48,
       "note": "lag=0 (>0 : binance précède okx_ticker)"
      },
      "is_peg_usdt_usd": false,
      "rho_raw": {
       "n": 9236,
       "note": "ok",
       "rho": "0.98551694391237923061098000682878451304248744721506",
       "sufficient": true
      },
      "rho_resid": {
       "n": 9252,
       "note": "ok",
       "rho": "0.94977524346576466464330552431826001842334576468940",
       "sufficient": true
      },
      "tick": {
       "T": "0.0030263726761781236489407695633376567228707306528318",
       "T_delta": "0.00064913988964621876014281077572216812723141837065888",
       "exact_copy_merge": false,
       "n_common": 9252,
       "n_shift": 9243,
       "non_constant": true,
       "sufficient": true
      }
     },
     "bitfinex×chainlink": {
      "basis_doc_triggered": false,
      "coaberrance": {
       "K": 602,
       "gate": "690.55393921191748908484621743724716334138371030083",
       "n": 9255,
       "note": "z co-aberrance (seuil 2.33, unilatéral)",
       "p_co": "0.081209059246669999804448133661743721398715370172387",
       "queue": null,
       "z": "-5.6925034673321576754114689197461467475235822066765"
      },
      "delta": {
       "best_corr": "0.15024511451762169099131087931372752061071533675304",
       "best_lag": 1,
       "n_jumps_a": 49,
       "n_jumps_b": 119,
       "note": "lag=1 (>0 : bitfinex précède chainlink)"
      },
      "is_peg_usdt_usd": false,
      "rho_raw": {
       "n": 9241,
       "note": "ok",
       "rho": "0.092110648589209232115545229072539091635217531819583",
       "sufficient": true
      },
      "rho_resid": {
       "n": 9255,
       "note": "ok",
       "rho": "-0.074544596133815840621092279051487204244970954829403",
       "sufficient": true
      },
      "tick": {
       "T": "0",
       "T_delta": "0",
       "exact_copy_merge": false,
       "n_common": 9255,
       "n_shift": 9246,
       "non_constant": true,
       "sufficient": true
      }
     },
     "bitfinex×coingecko": {
      "basis_doc_triggered": false,
      "coaberrance": {
       "K": 173,
       "gate": "216.61586864576328286920037681891148123716327294787",
       "n": 9254,
       "note": "z co-aberrance (seuil 2.33, unilatéral)",
       "p_co": "0.023982993423039302533045599379591762000219625936206",
       "queue": null,
       "z": "-3.3251144211391013231815548486900304146679109533343"
      },
      "delta": {
       "best_corr": "0.43989576015120810074716986148698275824866194962704",
       "best_lag": 2,
       "n_jumps_a": 49,
       "n_jumps_b": 55,
       "note": "lag=2 (>0 : bitfinex précède coingecko)"
      },
      "is_peg_usdt_usd": false,
      "rho_raw": {
       "n": 9239,
       "note": "ok",
       "rho": "0.015718931738845089474642690545730761897893768417894",
       "sufficient": true
      },
      "rho_resid": {
       "n": 9254,
       "note": "ok",
       "rho": "0.033008321968835268457353891165038546234468661665160",
       "sufficient": true
      },
      "tick": {
       "T": "0.0073481737626972120164253295872055327425977955478712",
       "T_delta": "0.0095196884465599307659022068368671570748593682388576",
       "exact_copy_merge": false,
       "n_common": 9254,
       "n_shift": 9244,
       "non_constant": true,
       "sufficient": true
      }
     },
     "bitfinex×defillama": {
      "basis_doc_triggered": false,
      "coaberrance": {
       "K": 243,
       "gate": "339.79941735475747400973160172296815750247385993496",
       "n": 9255,
       "note": "z co-aberrance (seuil 2.33, unilatéral)",
       "p_co": "0.038172354745095223543510728062947853905827474803726",
       "queue": null,
       "z": "-5.9828166879816743905393271480120578152528556881442"
      },
      "delta": {
       "best_corr": "0.14495096947651565909722743620863723571350342893404",
       "best_lag": 2,
       "n_jumps_a": 49,
       "n_jumps_b": 127,
       "note": "lag=2 (>0 : bitfinex précède defillama)"
      },
      "is_peg_usdt_usd": false,
      "rho_raw": {
       "n": 9241,
       "note": "ok",
       "rho": "-0.030100422425119108635312750410344828529863821127865",
       "sufficient": true
      },
      "rho_resid": {
       "n": 9255,
       "note": "ok",
       "rho": "0.0013271412504394679978665129522568962219978480861668",
       "sufficient": true
      },
      "tick": {
       "T": "0",
       "T_delta": "0",
       "exact_copy_merge": false,
       "n_common": 9255,
       "n_shift": 9246,
       "non_constant": true,
       "sufficient": true
      }
     },
     "bitstamp×bitfinex": {
      "basis_doc_triggered": false,
      "coaberrance": {
       "K": 4,
       "gate": "2.0194424110092703585430071696875131370170962683945",
       "n": 9254,
       "note": "garde §5.4 (n·p·(1−p) < 10) : queue exacte P(K≥K_obs|Bin(n,p_co))",
       "p_co": "0.00021827137386112251460580203893395196039969678355435",
       "queue": "0.14646264176043317130321678618737523601991370915572",
       "z": null
      },
      "delta": {
       "best_corr": "0.55613392916868277403790243383385165109790989005573",
       "best_lag": 0,
       "n_jumps_a": 55,
       "n_jumps_b": 49,
       "note": "lag=0 (>0 : bitstamp précède bitfinex)"
      },
      "is_peg_usdt_usd": false,
      "rho_raw": {
       "n": 9239,
       "note": "ok",
       "rho": "0.85703644919545117382633908417203210015834644280210",
       "sufficient": true
      },
      "rho_resid": {
       "n": 9254,
       "note": "ok",
       "rho": "-0.32572322839616862157553755714786299436020266406016",
       "sufficient": true
      },
      "tick": {
       "T": "0.00064836827317916576615517614004754700669980548951805",
       "T_delta": "0.00032453483340545218520121159671138035482475118996106",
       "exact_copy_merge": false,
       "n_common": 9254,
       "n_shift": 9244,
       "non_constant": true,
       "sufficient": true
      }
     },
     "bitstamp×chainlink": {
      "basis_doc_triggered": false,
      "coaberrance": {
       "K": 5,
       "gate": "7.8651430892085420260015987984881397122705820261698",
       "n": 9254,
       "note": "garde §5.4 (n·p·(1−p) < 10) : queue exacte P(K≥K_obs|Bin(n,p_co))",
       "p_co": "0.00085064179864580198475145812797895701408497281696981",
       "queue": "0.89289171728123274679626304146900304041201793684213",
       "z": null
      },
      "delta": {
       "best_corr": "0.10456782524077579648422132217512558440779558607003",
       "best_lag": 1,
       "n_jumps_a": 55,
       "n_jumps_b": 119,
       "note": "lag=1 (>0 : bitstamp précède chainlink)"
      },
      "is_peg_usdt_usd": false,
      "rho_raw": {
       "n": 9239,
       "note": "ok",
       "rho": "0.078183998745580009898910554917250709106647285847782",
       "sufficient": true
      },
      "rho_resid": {
       "n": 9254,
       "note": "ok",
       "rho": "-0.067726703464966277664808644244269842751897553665399",
       "sufficient": true
      },
      "tick": {
       "T": "0",
       "T_delta": "0",
       "exact_copy_merge": false,
       "n_common": 9254,
       "n_shift": 9245,
       "non_constant": true,
       "sufficient": true
      }
     },
     "bitstamp×coingecko": {
      "basis_doc_triggered": false,
      "coaberrance": {
       "K": 3,
       "gate": "2.8986914859059672813038060411217621255621498246830",
       "n": 9253,
       "note": "garde §5.4 (n·p·(1−p) < 10) : queue exacte P(K≥K_obs|Bin(n,p_co))",
       "p_co": "0.00031336865121448923204929934775754946602413985123154",
       "queue": "0.55397689880598378625034565864694285563539129986397",
       "z": null
      },
      "delta": {
       "best_corr": "0.51089124635655728073279722457236979153445855379613",
       "best_lag": 2,
       "n_jumps_a": 55,
       "n_jumps_b": 55,
       "note": "lag=2 (>0 : bitstamp précède coingecko)"
      },
      "is_peg_usdt_usd": false,
      "rho_raw": {
       "n": 9237,
       "note": "ok",
       "rho": "0.012148758243396160739450854721167613005698280156754",
       "sufficient": true
      },
      "rho_resid": {
       "n": 9253,
       "note": "ok",
       "rho": "-0.10941758536150802663008955107556958683654407285610",
       "sufficient": true
      },
      "tick": {
       "T": "0.00010807305738679347238733383767426780503620447422458",
       "T_delta": "0.00032456994482310938007140538786108406361570918532944",
       "exact_copy_merge": false,
       "n_common": 9253,
       "n_shift": 9243,
       "non_constant": true,
       "sufficient": true
      }
     },
     "bitstamp×defillama": {
      "basis_doc_triggered": false,
      "coaberrance": {
       "K": 3,
       "gate": "4.1168183175594088509801816712842156690049108931672",
       "n": 9254,
       "note": "garde §5.4 (n·p·(1−p) < 10) : queue exacte P(K≥K_obs|Bin(n,p_co))",
       "p_co": "0.00044506714869156984387361111234371094685823043057940",
       "queue": "0.77883670417766449488534996116218813689726289582173",
       "z": null
      },
      "delta": {
       "best_corr": "0.11288350953320397098811288400224124058992371049663",
       "best_lag": 2,
       "n_jumps_a": 55,
       "n_jumps_b": 127,
       "note": "lag=2 (>0 : bitstamp précède defillama)"
      },
      "is_peg_usdt_usd": false,
      "rho_raw": {
       "n": 9239,
       "note": "ok",
       "rho": "-0.0086870632398151625399725776318063355742220968887070",
       "sufficient": true
      },
      "rho_resid": {
       "n": 9254,
       "note": "ok",
       "rho": "-0.13807275284039671842526276477032772294409592875302",
       "sufficient": true
      },
      "tick": {
       "T": "0",
       "T_delta": "0",
       "exact_copy_merge": false,
       "n_common": 9254,
       "n_shift": 9245,
       "non_constant": true,
       "sufficient": true
      }
     },
     "bitstamp×gemini": {
      "basis_doc_triggered": false,
      "coaberrance": {
       "K": 1,
       "gate": "0.10033408291203223886358487777491190564665494997374",
       "n": 9249,
       "note": "garde §5.4 (n·p·(1−p) < 10) : queue exacte P(K≥K_obs|Bin(n,p_co))",
       "p_co": "0.000010848218333860722740803297241147278112465186191139",
       "queue": "0.095466299019085358037392276643534511406924748729909",
       "z": null
      },
      "delta": {
       "best_corr": "0.70093298082068080130404805932294380396312951597684",
       "best_lag": 0,
       "n_jumps_a": 55,
       "n_jumps_b": 56,
       "note": "lag=0 (>0 : bitstamp précède gemini)"
      },
      "is_peg_usdt_usd": false,
      "rho_raw": {
       "n": 9229,
       "note": "ok",
       "rho": "0.91150539475749626245397339106022181000024536985602",
       "sufficient": true
      },
      "rho_resid": {
       "n": 9249,
       "note": "ok",
       "rho": "0.60638810395606497180641296761245302318703089400955",
       "sufficient": true
      },
      "tick": {
       "T": "0.00054059898367391069304789706995350848740404368039788",
       "T_delta": "0.00010823682216690117978136161922285961684164952916982",
       "exact_copy_merge": false,
       "n_common": 9249,
       "n_shift": 9239,
       "non_constant": true,
       "sufficient": true
      }
     },
     "coinbase×bitfinex": {
      "basis_doc_triggered": false,
      "coaberrance": {
       "K": 3,
       "gate": "0.13467162375980851421262951688540183149831904384163",
       "n": 9252,
       "note": "garde §5.4 (n·p·(1−p) < 10) : queue exacte P(K≥K_obs|Bin(n,p_co))",
       "p_co": "0.000014556159110454658709237380627812983589250704069501",
       "queue": "0.00036800341078011615078627979398141423518887665468354",
       "z": null
      },
      "delta": {
       "best_corr": "0.53366214983675206459244495250523501090155156233001",
       "best_lag": 0,
       "n_jumps_a": 48,
       "n_jumps_b": 49,
       "note": "lag=0 (>0 : coinbase précède bitfinex)"
      },
      "is_peg_usdt_usd": false,
      "rho_raw": {
       "n": 9235,
       "note": "ok",
       "rho": "0.84703224491265777629408937735855680203486662324210",
       "sufficient": true
      },
      "rho_resid": {
       "n": 9252,
       "note": "ok",
       "rho": "-0.25707833969536474316592359712140758204761585207497",
       "sufficient": true
      },
      "tick": {
       "T": "0.00054042369217466493731085170773886727194120190229140",
       "T_delta": "0.00021637996321540625338093692524072270907713945688629",
       "exact_copy_merge": false,
       "n_common": 9252,
       "n_shift": 9243,
       "non_constant": true,
       "sufficient": true
      }
     },
     "coinbase×bitstamp": {
      "basis_doc_triggered": false,
      "coaberrance": {
       "K": 2,
       "gate": "0.012862065992952704759994456839443758248647239920081",
       "n": 9252,
       "note": "garde §5.4 (n·p·(1−p) < 10) : queue exacte P(K≥K_obs|Bin(n,p_co))",
       "p_co": "0.0000013901949712231977418934577004091051742542807257388",
       "queue": "0.000082002025558920465524109912630639302715605767946120",
       "z": null
      },
      "delta": {
       "best_corr": "0.83598466900231520077108248896590834568542069198298",
       "best_lag": 0,
       "n_jumps_a": 48,
       "n_jumps_b": 55,
       "note": "lag=0 (>0 : coinbase précède bitstamp)"
      },
      "is_peg_usdt_usd": false,
      "rho_raw": {
       "n": 9235,
       "note": "ok",
       "rho": "0.96964614512277300153864885862807589005997192480429",
       "sufficient": true
      },
      "rho_resid": {
       "n": 9252,
       "note": "ok",
       "rho": "0.83859517317058569991583321149833015145936570897106",
       "sufficient": true
      },
      "tick": {
       "T": "0.00064850843060959792477302204928664072632944228274968",
       "T_delta": "0.00043280675178532785111447738584721921661977926855659",
       "exact_copy_merge": false,
       "n_common": 9252,
       "n_shift": 9242,
       "non_constant": true,
       "sufficient": true
      }
     },
     "coinbase×chainlink": {
      "basis_doc_triggered": false,
      "coaberrance": {
       "K": 2,
       "gate": "2.3498838473382379550673506348769430235110385688923",
       "n": 9253,
       "note": "garde §5.4 (n·p·(1−p) < 10) : queue exacte P(K≥K_obs|Bin(n,p_co))",
       "p_co": "0.00025402365990547619485054832330894309864178224466771",
       "queue": "0.68065951148538301152517954034244404779958648277016",
       "z": null
      },
      "delta": {
       "best_corr": "0.12525832302370342605964377934860803372185903915237",
       "best_lag": 1,
       "n_jumps_a": 48,
       "n_jumps_b": 119,
       "note": "lag=1 (>0 : coinbase précède chainlink)"
      },
      "is_peg_usdt_usd": false,
      "rho_raw": {
       "n": 9237,
       "note": "ok",
       "rho": "0.075671760649945454015597737843713634727417925798730",
       "sufficient": true
      },
      "rho_resid": {
       "n": 9252,
       "note": "ok",
       "rho": "-0.13348037816523545805120320444622496352068208295139",
       "sufficient": true
      },
      "tick": {
       "T": "0",
       "T_delta": "0",
       "exact_copy_merge": false,
       "n_common": 9253,
       "n_shift": 9244,
       "non_constant": true,
       "sufficient": true
      }
     },
     "coinbase×coingecko": {
      "basis_doc_triggered": false,
      "coaberrance": {
       "K": 0,
       "gate": "0.93893830027719055080889884070023228583876347457611",
       "n": 9251,
       "note": "garde §5.4 (n·p·(1−p) < 10) : queue exacte P(K≥K_obs|Bin(n,p_co))",
       "p_co": "0.00010150617425005346689039077727076363596167798972111",
       "queue": "1",
       "z": null
      },
      "delta": {
       "best_corr": "0.48368928351827297357672300756918840231828244327392",
       "best_lag": 2,
       "n_jumps_a": 48,
       "n_jumps_b": 55,
       "note": "lag=2 (>0 : coinbase précède coingecko)"
      },
      "is_peg_usdt_usd": false,
      "rho_raw": {
       "n": 9233,
       "note": "ok",
       "rho": "0.0095217306510431989943216866724511743007408039003290",
       "sufficient": true
      },
      "rho_resid": {
       "n": 9251,
       "note": "ok",
       "rho": "-0.21319191545268932600964909771195074764302747174852",
       "sufficient": true
      },
      "tick": {
       "T": "0.00021619284401686304183331531726299859474651389039023",
       "T_delta": "0.00043280675178532785111447738584721921661977926855659",
       "exact_copy_merge": false,
       "n_common": 9251,
       "n_shift": 9242,
       "non_constant": true,
       "sufficient": true
      }
     },
     "coinbase×defillama": {
      "basis_doc_triggered": false,
      "coaberrance": {
       "K": 1,
       "gate": "1.2836217289472045511847490814915445431676141658286",
       "n": 9253,
       "note": "garde §5.4 (n·p·(1−p) < 10) : queue exacte P(K≥K_obs|Bin(n,p_co))",
       "p_co": "0.00013874417472146543375004200342944204647412438661124",
       "queue": "0.72304186372882804671223155014737305137060309677139",
       "z": null
      },
      "delta": {
       "best_corr": "0.10782382548300718116497225420575122803491431506348",
       "best_lag": 3,
       "n_jumps_a": 48,
       "n_jumps_b": 127,
       "note": "lag=3 (>0 : coinbase précède defillama)"
      },
      "is_peg_usdt_usd": false,
      "rho_raw": {
       "n": 9237,
       "note": "ok",
       "rho": "-0.011237457289457171586421216084354434395479207884984",
       "sufficient": true
      },
      "rho_resid": {
       "n": 9252,
       "note": "ok",
       "rho": "-0.24528340650289541520862660313349807819339915370837",
       "sufficient": true
      },
      "tick": {
       "T": "0",
       "T_delta": "0",
       "exact_copy_merge": false,
       "n_common": 9253,
       "n_shift": 9244,
       "non_constant": true,
       "sufficient": true
      }
     },
     "coinbase×gemini": {
      "basis_doc_triggered": false,
      "coaberrance": {
       "K": 0,
       "gate": "0.025738005574930389775053862626814853826357584231804",
       "n": 9247,
       "note": "garde §5.4 (n·p·(1−p) < 10) : queue exacte P(K≥K_obs|Bin(n,p_co))",
       "p_co": "0.0000027833975575031515837491169875910406362126407672615",
       "queue": "1",
       "z": null
      },
      "delta": {
       "best_corr": "0.67940978778222653777866444238286033524115022839700",
       "best_lag": 0,
       "n_jumps_a": 48,
       "n_jumps_b": 56,
       "note": "lag=0 (>0 : coinbase précède gemini)"
      },
      "is_peg_usdt_usd": false,
      "rho_raw": {
       "n": 9225,
       "note": "ok",
       "rho": "0.90596857862286538323073831137521297625614300976241",
       "sufficient": true
      },
      "rho_resid": {
       "n": 9247,
       "note": "ok",
       "rho": "0.62697532738427927603567770128162633783521912238902",
       "sufficient": true
      },
      "tick": {
       "T": "0.00043257272628960744025089218124797231534551746512382",
       "T_delta": "0.00010824853864472829616800173197661831565273868802771",
       "exact_copy_merge": false,
       "n_common": 9247,
       "n_shift": 9238,
       "non_constant": true,
       "sufficient": true
      }
     },
     "coinbase×kraken": {
      "basis_doc_triggered": false,
      "coaberrance": {
       "K": 0,
       "gate": "0.0083207186908921507283298253787762408466301868952987",
       "n": 9254,
       "note": "garde §5.4 (n·p·(1−p) < 10) : queue exacte P(K≥K_obs|Bin(n,p_co))",
       "p_co": "8.9914914333974072462265980087279589935676505102103E-7",
       "queue": "1",
       "z": null
      },
      "delta": {
       "best_corr": "0.76339562816771169032514429150376519486136329223459",
       "best_lag": 0,
       "n_jumps_a": 48,
       "n_jumps_b": 57,
       "note": "lag=0 (>0 : coinbase précède kraken)"
      },
      "is_peg_usdt_usd": false,
      "rho_raw": {
       "n": 9239,
       "note": "ok",
       "rho": "0.93308846591949088545810498106798793048642277168418",
       "sufficient": true
      },
      "rho_resid": {
       "n": 9254,
       "note": "ok",
       "rho": "0.64633083795226927173468322719544292433902726979413",
       "sufficient": true
      },
      "tick": {
       "T": "0.00064836827317916576615517614004754700669980548951805",
       "T_delta": "0.00021635655560363479013414106447425356988316745997404",
       "exact_copy_merge": false,
       "n_common": 9254,
       "n_shift": 9244,
       "non_constant": true,
       "sufficient": true
      }
     },
     "coinbase×okx_index": {
      "basis_doc_triggered": false,
      "coaberrance": {
       "K": 0,
       "gate": "0E-102",
       "n": 9251,
       "note": "dégénérée p_co ∈ {0,1} — sans pouvoir de test (§5.4)",
       "p_co": "0E-53",
       "queue": null,
       "z": null
      },
      "delta": {
       "best_corr": "0.85172620710750522127695257861950976620513177354390",
       "best_lag": 0,
       "n_jumps_a": 48,
       "n_jumps_b": 53,
       "note": "lag=0 (>0 : coinbase précède okx_index)"
      },
      "is_peg_usdt_usd": false,
      "rho_raw": {
       "n": 9233,
       "note": "ok",
       "rho": "0.98538830794611262029933554399088553626711639343732",
       "sufficient": true
      },
      "rho_resid": {
       "n": 9251,
       "note": "ok",
       "rho": "0.92334842408636602046715767677317528557609954499531",
       "sufficient": true
      },
      "tick": {
       "T": "0.0011890606420927467300832342449464922711058263971463",
       "T_delta": "0.00010821339681852613353533167406124878259928579158100",
       "exact_copy_merge": false,
       "n_common": 9251,
       "n_shift": 9241,
       "non_constant": true,
       "sufficient": true
      }
     },
     "coinbase×okx_ticker": {
      "basis_doc_triggered": false,
      "coaberrance": {
       "K": 0,
       "gate": "0.0037825554622568331526839911158883506508769531261761",
       "n": 9253,
       "note": "garde §5.4 (n·p·(1−p) < 10) : queue exacte P(K≥K_obs|Bin(n,p_co))",
       "p_co": "4.0879250065252042943441957404078387293495694346268E-7",
       "queue": "1",
       "z": null
      },
      "delta": {
       "best_corr": "0.89528926369241929633659775117881755531374682625582",
       "best_lag": 0,
       "n_jumps_a": 48,
       "n_jumps_b": 48,
       "note": "lag=0 (>0 : coinbase précède okx_ticker)"
      },
      "is_peg_usdt_usd": true,
      "rho_raw": {
       "n": 9238,
       "note": "ok",
       "rho": "0.98382278771398627766856090702596391426318688720428",
       "sufficient": true
      },
      "rho_resid": {
       "n": 9253,
       "note": "ok",
       "rho": "0.19414526878551821524349060900523513019586830194517",
       "sufficient": true
      },
      "tick": {
       "T": "0.00064843834432076083432400302604560683021722684534745",
       "T_delta": "0.00021635655560363479013414106447425356988316745997404",
       "exact_copy_merge": false,
       "n_common": 9253,
       "n_shift": 9244,
       "non_constant": true,
       "sufficient": true
      }
     },
     "coingecko×chainlink": {
      "basis_doc_triggered": false,
      "coaberrance": {
       "K": 1096,
       "gate": "621.11279115927645058123684099062255977185996990620",
       "n": 9254,
       "note": "z co-aberrance (seuil 2.33, unilatéral)",
       "p_co": "0.072353305452080745554851857821959968572285215339680",
       "queue": null,
       "z": "17.110994657150613493353537795213123666670224261552"
      },
      "delta": {
       "best_corr": "0.14089297764333134943717236463106739938486775799326",
       "best_lag": -1,
       "n_jumps_a": 55,
       "n_jumps_b": 119,
       "note": "lag=-1 (>0 : coingecko précède chainlink)"
      },
      "is_peg_usdt_usd": false,
      "rho_raw": {
       "n": 9239,
       "note": "ok",
       "rho": "0.10590791667465156594762038211581491834952678902639",
       "sufficient": true
      },
      "rho_resid": {
       "n": 9254,
       "note": "ok",
       "rho": "0.37955532580647928822298220250292597119054554273491",
       "sufficient": true
      },
      "tick": {
       "T": "0",
       "T_delta": "0",
       "exact_copy_merge": false,
       "n_common": 9254,
       "n_shift": 9245,
       "non_constant": true,
       "sufficient": true
      }
     },
     "coingecko×defillama": {
      "basis_doc_triggered": true,
      "coaberrance": {
       "K": 1528,
       "gate": "331.94798209561003513814827968132607984728404452625",
       "n": 9254,
       "note": "z co-aberrance (seuil 2.33, unilatéral)",
       "p_co": "0.037258988910758583406172198784920208570839103262911",
       "queue": null,
       "z": "64.941915760420646689027969778031715289966441881670"
      },
      "delta": {
       "best_corr": "0.11169402902590316720625165846723256586594503154770",
       "best_lag": 2,
       "n_jumps_a": 55,
       "n_jumps_b": 127,
       "note": "lag=2 (>0 : coingecko précède defillama)"
      },
      "is_peg_usdt_usd": false,
      "rho_raw": {
       "n": 9239,
       "note": "ok",
       "rho": "0.19197213494607146337994720519125359602537360052991",
       "sufficient": true
      },
      "rho_resid": {
       "n": 9254,
       "note": "ok",
       "rho": "0.76832029358447423051106516073500598394093647196089",
       "sufficient": true
      },
      "tick": {
       "T": "0",
       "T_delta": "0",
       "exact_copy_merge": false,
       "n_common": 9254,
       "n_shift": 9245,
       "non_constant": true,
       "sufficient": true
      }
     },
     "defillama×chainlink": {
      "basis_doc_triggered": false,
      "coaberrance": {
       "K": 1702,
       "gate": "876.10469788688894420523343297495916452404035084346",
       "n": 9256,
       "note": "z co-aberrance (seuil 2.33, unilatéral)",
       "p_co": "0.10585868663107356745494898214543170016934984450741",
       "queue": null,
       "z": "24.398472598450128994511488048832109458932255164126"
      },
      "delta": {
       "best_corr": "0.10191658348033949548057188015822377727320954270752",
       "best_lag": -2,
       "n_jumps_a": 127,
       "n_jumps_b": 119,
       "note": "lag=-2 (>0 : defillama précède chainlink)"
      },
      "is_peg_usdt_usd": false,
      "rho_raw": {
       "n": 9243,
       "note": "ok",
       "rho": "0.056389377492789006224697956683936604170361526927655",
       "sufficient": true
      },
      "rho_resid": {
       "n": 9255,
       "note": "ok",
       "rho": "0.45630136540634507189925662281435540277142607334234",
       "sufficient": true
      },
      "tick": {
       "T": "0",
       "T_delta": "0",
       "exact_copy_merge": false,
       "n_common": 9256,
       "n_shift": 9247,
       "non_constant": true,
       "sufficient": true
      }
     },
     "gemini×bitfinex": {
      "basis_doc_triggered": false,
      "coaberrance": {
       "K": 18,
       "gate": "12.728598416230904388683789706433972321481452233826",
       "n": 9250,
       "note": "z co-aberrance (seuil 2.33, unilatéral)",
       "p_co": "0.0013779634769905040175310445580715850986121256391527",
       "queue": null,
       "z": "1.4726053418493682166386244670154981773475170539221"
      },
      "delta": {
       "best_corr": "0.49347420126927993172708693241540628989789595086307",
       "best_lag": 0,
       "n_jumps_a": 56,
       "n_jumps_b": 49,
       "note": "lag=0 (>0 : gemini précède bitfinex)"
      },
      "is_peg_usdt_usd": false,
      "rho_raw": {
       "n": 9231,
       "note": "ok",
       "rho": "0.83570034506586231023614924750010804765767553842500",
       "sufficient": true
      },
      "rho_resid": {
       "n": 9250,
       "note": "ok",
       "rho": "0.067046238162321489922693333514650065515110047459296",
       "sufficient": true
      },
      "tick": {
       "T": "0.00064864864864864864864864864864864864864864864864865",
       "T_delta": "0.00054112554112554112554112554112554112554112554112554",
       "exact_copy_merge": false,
       "n_common": 9250,
       "n_shift": 9240,
       "non_constant": true,
       "sufficient": true
      }
     },
     "gemini×chainlink": {
      "basis_doc_triggered": false,
      "coaberrance": {
       "K": 27,
       "gate": "26.810701507705841707302627682466981225198902335499",
       "n": 9250,
       "note": "z co-aberrance (seuil 2.33, unilatéral)",
       "p_co": "0.0029069043097151205259313367421475529583637691745800",
       "queue": null,
       "z": "0.021463339401177033867049884012618316537286692194022"
      },
      "delta": {
       "best_corr": "0.090009525260508396632700399407999647246661189718189",
       "best_lag": 0,
       "n_jumps_a": 56,
       "n_jumps_b": 119,
       "note": "lag=0 (>0 : gemini précède chainlink)"
      },
      "is_peg_usdt_usd": false,
      "rho_raw": {
       "n": 9231,
       "note": "ok",
       "rho": "0.083158694745002489010391296633487672206300402083181",
       "sufficient": true
      },
      "rho_resid": {
       "n": 9250,
       "note": "ok",
       "rho": "-0.11645366477460963176449174552352889683686786878596",
       "sufficient": true
      },
      "tick": {
       "T": "0",
       "T_delta": "0",
       "exact_copy_merge": false,
       "n_common": 9250,
       "n_shift": 9241,
       "non_constant": true,
       "sufficient": true
      }
     },
     "gemini×coingecko": {
      "basis_doc_triggered": false,
      "coaberrance": {
       "K": 26,
       "gate": "8.9734372145679570668614889354333619969814865929052",
       "n": 9249,
       "note": "garde §5.4 (n·p·(1−p) < 10) : queue exacte P(K≥K_obs|Bin(n,p_co))",
       "p_co": "0.00097114933868945409742992965690253370309392005174037",
       "queue": "0.0000027983370430919591069513682930986256375506843976638",
       "z": null
      },
      "delta": {
       "best_corr": "0.48339303322656861331552507210763094083480383609339",
       "best_lag": 2,
       "n_jumps_a": 56,
       "n_jumps_b": 55,
       "note": "lag=2 (>0 : gemini précède coingecko)"
      },
      "is_peg_usdt_usd": false,
      "rho_raw": {
       "n": 9229,
       "note": "ok",
       "rho": "0.014331497439477484979429413656545834310178922979988",
       "sufficient": true
      },
      "rho_resid": {
       "n": 9249,
       "note": "ok",
       "rho": "-0.087962690208232873422534422830957219539730816166783",
       "sufficient": true
      },
      "tick": {
       "T": "0.00054059898367391069304789706995350848740404368039788",
       "T_delta": "0.00064942093300140707868816971533715770104989717501894",
       "exact_copy_merge": false,
       "n_common": 9249,
       "n_shift": 9239,
       "non_constant": true,
       "sufficient": true
      }
     },
     "gemini×defillama": {
      "basis_doc_triggered": false,
      "coaberrance": {
       "K": 25,
       "gate": "13.385762259762383274435867569541784297080133457051",
       "n": 9250,
       "note": "z co-aberrance (seuil 2.33, unilatéral)",
       "p_co": "0.0014492096420745069393718042366691015339663988312637",
       "queue": null,
       "z": "3.1691450210097116769082729443692410371635446680661"
      },
      "delta": {
       "best_corr": "0.098547792631712713926635598460046401915781270150656",
       "best_lag": 2,
       "n_jumps_a": 56,
       "n_jumps_b": 127,
       "note": "lag=2 (>0 : gemini précède defillama)"
      },
      "is_peg_usdt_usd": false,
      "rho_raw": {
       "n": 9231,
       "note": "ok",
       "rho": "-0.013348629421476096671697032546616429266125260914469",
       "sufficient": true
      },
      "rho_resid": {
       "n": 9250,
       "note": "ok",
       "rho": "-0.14872965704873005881868865774260548533531567049653",
       "sufficient": true
      },
      "tick": {
       "T": "0",
       "T_delta": "0",
       "exact_copy_merge": false,
       "n_common": 9250,
       "n_shift": 9241,
       "non_constant": true,
       "sufficient": true
      }
     },
     "kraken×bitfinex": {
      "basis_doc_triggered": false,
      "coaberrance": {
       "K": 7,
       "gate": "10.842282702413478582842394139615056484278674509525",
       "n": 9256,
       "note": "z co-aberrance (seuil 2.33, unilatéral)",
       "p_co": "0.0011727542096546592870872050851268704492365063582762",
       "queue": null,
       "z": "-1.1707535396002295727869657498740514223616989216153"
      },
      "delta": {
       "best_corr": "0.58421086055183156379926816986125250555353931975952",
       "best_lag": 0,
       "n_jumps_a": 57,
       "n_jumps_b": 49,
       "note": "lag=0 (>0 : kraken précède bitfinex)"
      },
      "is_peg_usdt_usd": false,
      "rho_raw": {
       "n": 9243,
       "note": "ok",
       "rho": "0.86669164515897378623446381664399379387721329020320",
       "sufficient": true
      },
      "rho_resid": {
       "n": 9256,
       "note": "ok",
       "rho": "-0.17815470995809710083750811703987462653882385480183",
       "sufficient": true
      },
      "tick": {
       "T": "0.0018366464995678478824546240276577355229040622299049",
       "T_delta": "0.00097339390006489292667099286177806619078520441271901",
       "exact_copy_merge": false,
       "n_common": 9256,
       "n_shift": 9246,
       "non_constant": true,
       "sufficient": true
      }
     },
     "kraken×bitstamp": {
      "basis_doc_triggered": false,
      "coaberrance": {
       "K": 0,
       "gate": "0.053484293830064913479638022014617844256481252602843",
       "n": 9255,
       "note": "garde §5.4 (n·p·(1−p) < 10) : queue exacte P(K≥K_obs|Bin(n,p_co))",
       "p_co": "0.0000057789954529813049497096054784876894262770923247061",
       "queue": "1",
       "z": null
      },
      "delta": {
       "best_corr": "0.73062820794936674417757190633982403073332342165635",
       "best_lag": 0,
       "n_jumps_a": 57,
       "n_jumps_b": 55,
       "note": "lag=0 (>0 : kraken précède bitstamp)"
      },
      "is_peg_usdt_usd": false,
      "rho_raw": {
       "n": 9241,
       "note": "ok",
       "rho": "0.94007267429993456429440916331430462336150918856796",
       "sufficient": true
      },
      "rho_resid": {
       "n": 9255,
       "note": "ok",
       "rho": "0.67162500287545480297817376534255073459907873291257",
       "sufficient": true
      },
      "tick": {
       "T": "0.0010804970286331712587790383576445164775796866558617",
       "T_delta": "0.00021633315305570578691184424012979989183342347214711",
       "exact_copy_merge": false,
       "n_common": 9255,
       "n_shift": 9245,
       "non_constant": true,
       "sufficient": true
      }
     },
     "kraken×chainlink": {
      "basis_doc_triggered": false,
      "coaberrance": {
       "K": 16,
       "gate": "17.266287580593137293473464199876854003296308313187",
       "n": 9256,
       "note": "z co-aberrance (seuil 2.33, unilatéral)",
       "p_co": "0.0018689085040215919184192420866112027872877804413256",
       "queue": null,
       "z": "-0.31252274965277194177352785127926702507383669771008"
      },
      "delta": {
       "best_corr": "0.12711362851389132092632912950283061716441300670452",
       "best_lag": 1,
       "n_jumps_a": 57,
       "n_jumps_b": 119,
       "note": "lag=1 (>0 : kraken précède chainlink)"
      },
      "is_peg_usdt_usd": false,
      "rho_raw": {
       "n": 9243,
       "note": "ok",
       "rho": "0.080214463624624935548227545273632463125056071515613",
       "sufficient": true
      },
      "rho_resid": {
       "n": 9256,
       "note": "ok",
       "rho": "-0.021246689899147459695940646076929605555719732829417",
       "sufficient": true
      },
      "tick": {
       "T": "0.00032411408815903197925669835782195332757130509939499",
       "T_delta": "0.00032442954471720558018816913593597923650913809884287",
       "exact_copy_merge": false,
       "n_common": 9256,
       "n_shift": 9247,
       "non_constant": true,
       "sufficient": true
      }
     },
     "kraken×coingecko": {
      "basis_doc_triggered": false,
      "coaberrance": {
       "K": 9,
       "gate": "5.3655513160263509256465655537230584219620089253941",
       "n": 9255,
       "note": "garde §5.4 (n·p·(1−p) < 10) : queue exacte P(K≥K_obs|Bin(n,p_co))",
       "p_co": "0.00058008272135814565461862862102953095863319168957106",
       "queue": "0.094770271819932943345694072535893029520528579347544",
       "z": null
      },
      "delta": {
       "best_corr": "0.46526925069789224985254895583126234463305515393912",
       "best_lag": 2,
       "n_jumps_a": 57,
       "n_jumps_b": 55,
       "note": "lag=2 (>0 : kraken précède coingecko)"
      },
      "is_peg_usdt_usd": false,
      "rho_raw": {
       "n": 9241,
       "note": "ok",
       "rho": "0.022454587637043208576272530823085607336377256075011",
       "sufficient": true
      },
      "rho_resid": {
       "n": 9255,
       "note": "ok",
       "rho": "0.025783744629339422095136132481017049488579534422306",
       "sufficient": true
      },
      "tick": {
       "T": "0.0012965964343598055105348460291734197730956239870340",
       "T_delta": "0.0023796646836127636560302866414277988101676581936182",
       "exact_copy_merge": false,
       "n_common": 9255,
       "n_shift": 9245,
       "non_constant": true,
       "sufficient": true
      }
     },
     "kraken×defillama": {
      "basis_doc_triggered": false,
      "coaberrance": {
       "K": 13,
       "gate": "8.3126378196211486408419487712806087013669988425156",
       "n": 9256,
       "note": "garde §5.4 (n·p·(1−p) < 10) : queue exacte P(K≥K_obs|Bin(n,p_co))",
       "p_co": "0.00089888901048743920176237385602947449256675947167628",
       "queue": "0.080357850021069782196343050908849267683800547361212",
       "z": null
      },
      "delta": {
       "best_corr": "0.098558526658633923110226272684386182821814082428958",
       "best_lag": 2,
       "n_jumps_a": 57,
       "n_jumps_b": 127,
       "note": "lag=2 (>0 : kraken précède defillama)"
      },
      "is_peg_usdt_usd": false,
      "rho_raw": {
       "n": 9243,
       "note": "ok",
       "rho": "-0.013364986507976616455909549735910500870737046753960",
       "sufficient": true
      },
      "rho_resid": {
       "n": 9256,
       "note": "ok",
       "rho": "-0.057149470840546773533243033360536099566996472373542",
       "sufficient": true
      },
      "tick": {
       "T": "0",
       "T_delta": "0",
       "exact_copy_merge": false,
       "n_common": 9256,
       "n_shift": 9247,
       "non_constant": true,
       "sufficient": true
      }
     },
     "kraken×gemini": {
      "basis_doc_triggered": false,
      "coaberrance": {
       "K": 1,
       "gate": "0.27823182168376713968513318962794698800685021928019",
       "n": 9251,
       "note": "garde §5.4 (n·p·(1−p) < 10) : queue exacte P(K≥K_obs|Bin(n,p_co))",
       "p_co": "0.000030076769024938140183707362805910624952844381897333",
       "queue": "0.24288821999540851888594101759872511227626042997898",
       "z": null
      },
      "delta": {
       "best_corr": "0.64078190470033343717809119378648028137413556034320",
       "best_lag": 0,
       "n_jumps_a": 57,
       "n_jumps_b": 56,
       "note": "lag=0 (>0 : kraken précède gemini)"
      },
      "is_peg_usdt_usd": false,
      "rho_raw": {
       "n": 9233,
       "note": "ok",
       "rho": "0.89329260562725237460016241417888620516201653756588",
       "sufficient": true
      },
      "rho_resid": {
       "n": 9251,
       "note": "ok",
       "rho": "0.53357501410454270641050080246924987718685272492819",
       "sufficient": true
      },
      "tick": {
       "T": "0.00064857853205058912549994595178899578423954167117068",
       "T_delta": "0.00021642679363705226707066334812249756519857158316200",
       "exact_copy_merge": false,
       "n_common": 9251,
       "n_shift": 9241,
       "non_constant": true,
       "sufficient": true
      }
     },
     "kraken×okx_index": {
      "basis_doc_triggered": false,
      "coaberrance": {
       "K": 0,
       "gate": "0E-101",
       "n": 9255,
       "note": "dégénérée p_co ∈ {0,1} — sans pouvoir de test (§5.4)",
       "p_co": "0E-52",
       "queue": null,
       "z": null
      },
      "delta": {
       "best_corr": "0.76273355531443184783696325360232920894804457424922",
       "best_lag": 0,
       "n_jumps_a": 57,
       "n_jumps_b": 53,
       "note": "lag=0 (>0 : kraken précède okx_index)"
      },
      "is_peg_usdt_usd": false,
      "rho_raw": {
       "n": 9241,
       "note": "ok",
       "rho": "0.95702006553209891987696934795761343504939248570954",
       "sufficient": true
      },
      "rho_resid": {
       "n": 9255,
       "note": "ok",
       "rho": "0.79549136625101445637251459377791076487883866370612",
       "sufficient": true
      },
      "tick": {
       "T": "0.0050783360345759049162614802809292274446245272825500",
       "T_delta": "0.0012981393336218087408048463868455214192990047598442",
       "exact_copy_merge": false,
       "n_common": 9255,
       "n_shift": 9244,
       "non_constant": true,
       "sufficient": true
      }
     },
     "kraken×okx_ticker": {
      "basis_doc_triggered": false,
      "coaberrance": {
       "K": 0,
       "gate": "0.67608759196151690372442022756808528111631367215784",
       "n": 9257,
       "note": "garde §5.4 (n·p·(1−p) < 10) : queue exacte P(K≥K_obs|Bin(n,p_co))",
       "p_co": "0.000073040615471804157699625084236228264304894845028156",
       "queue": "1",
       "z": null
      },
      "delta": {
       "best_corr": "0.76339663580937287466181661691317108304834110507513",
       "best_lag": 0,
       "n_jumps_a": 57,
       "n_jumps_b": 48,
       "note": "lag=0 (>0 : kraken précède okx_ticker)"
      },
      "is_peg_usdt_usd": true,
      "rho_raw": {
       "n": 9246,
       "note": "ok",
       "rho": "0.92307539282779009035354493263203270410439332523875",
       "sufficient": true
      },
      "rho_resid": {
       "n": 9257,
       "note": "ok",
       "rho": "-0.0060112633816867672737440207987721522430513141520463",
       "sufficient": true
      },
      "tick": {
       "T": "0.0022685535270606027870800475315977098412012531057578",
       "T_delta": "0.0012977181788688223207526765437439169460365523953715",
       "exact_copy_merge": false,
       "n_common": 9257,
       "n_shift": 9247,
       "non_constant": true,
       "sufficient": true
      }
     },
     "okx_index×bitfinex": {
      "basis_doc_triggered": false,
      "coaberrance": {
       "K": 0,
       "gate": "0E-100",
       "n": 9253,
       "note": "dégénérée p_co ∈ {0,1} — sans pouvoir de test (§5.4)",
       "p_co": "0E-51",
       "queue": null,
       "z": null
      },
      "delta": {
       "best_corr": "0.54694507583643756843389170215310117046166504518444",
       "best_lag": 0,
       "n_jumps_a": 53,
       "n_jumps_b": 49,
       "note": "lag=0 (>0 : okx_index précède bitfinex)"
      },
      "is_peg_usdt_usd": false,
      "rho_raw": {
       "n": 9237,
       "note": "ok",
       "rho": "0.85721816591219177115998009030139135561921640280641",
       "sufficient": true
      },
      "rho_resid": {
       "n": 9253,
       "note": "ok",
       "rho": "-0.20021771091621905984768362984811437563490475576704",
       "sufficient": true
      },
      "tick": {
       "T": "0.0014049497460283151410353398897654814654706581649195",
       "T_delta": "0.0015146597425078437736665584766850589635399761982040",
       "exact_copy_merge": false,
       "n_common": 9253,
       "n_shift": 9243,
       "non_constant": true,
       "sufficient": true
      }
     },
     "okx_index×bitstamp": {
      "basis_doc_triggered": false,
      "coaberrance": {
       "K": 0,
       "gate": "0E-102",
       "n": 9252,
       "note": "dégénérée p_co ∈ {0,1} — sans pouvoir de test (§5.4)",
       "p_co": "0E-53",
       "queue": null,
       "z": null
      },
      "delta": {
       "best_corr": "0.86975909683443719559132299055048260469528963153130",
       "best_lag": 0,
       "n_jumps_a": 53,
       "n_jumps_b": 55,
       "note": "lag=0 (>0 : okx_index précède bitstamp)"
      },
      "is_peg_usdt_usd": false,
      "rho_raw": {
       "n": 9235,
       "note": "ok",
       "rho": "0.98226927172396064509289686747448166413078222396794",
       "sufficient": true
      },
      "rho_resid": {
       "n": 9252,
       "note": "ok",
       "rho": "0.88570697184947722056901257657525400599911556369458",
       "sufficient": true
      },
      "tick": {
       "T": "0.00075659316904453091223519239083441418071768266320796",
       "T_delta": "0",
       "exact_copy_merge": false,
       "n_common": 9252,
       "n_shift": 9242,
       "non_constant": true,
       "sufficient": true
      }
     },
     "okx_index×chainlink": {
      "basis_doc_triggered": false,
      "coaberrance": {
       "K": 0,
       "gate": "0E-99",
       "n": 9253,
       "note": "dégénérée p_co ∈ {0,1} — sans pouvoir de test (§5.4)",
       "p_co": "0E-50",
       "queue": null,
       "z": null
      },
      "delta": {
       "best_corr": "0.11970866595673228312012332048025476544654110000909",
       "best_lag": 1,
       "n_jumps_a": 53,
       "n_jumps_b": 119,
       "note": "lag=1 (>0 : okx_index précède chainlink)"
      },
      "is_peg_usdt_usd": false,
      "rho_raw": {
       "n": 9237,
       "note": "ok",
       "rho": "0.075750178689949888969033774441445643433094815568158",
       "sufficient": true
      },
      "rho_resid": {
       "n": 9253,
       "note": "ok",
       "rho": "-0.14280918174647635873940285936470817222642264132153",
       "sufficient": true
      },
      "tick": {
       "T": "0",
       "T_delta": "0",
       "exact_copy_merge": false,
       "n_common": 9253,
       "n_shift": 9244,
       "non_constant": true,
       "sufficient": true
      }
     },
     "okx_index×coingecko": {
      "basis_doc_triggered": false,
      "coaberrance": {
       "K": 0,
       "gate": "0E-100",
       "n": 9252,
       "note": "dégénérée p_co ∈ {0,1} — sans pouvoir de test (§5.4)",
       "p_co": "0E-51",
       "queue": null,
       "z": null
      },
      "delta": {
       "best_corr": "0.48317416124282383191356309693821333102477293897187",
       "best_lag": 2,
       "n_jumps_a": 53,
       "n_jumps_b": 55,
       "note": "lag=2 (>0 : okx_index précède coingecko)"
      },
      "is_peg_usdt_usd": false,
      "rho_raw": {
       "n": 9235,
       "note": "ok",
       "rho": "0.016275288558157088314741077959312356968588008517398",
       "sufficient": true
      },
      "rho_resid": {
       "n": 9252,
       "note": "ok",
       "rho": "-0.19022062010897991510849346809601713353476511044345",
       "sufficient": true
      },
      "tick": {
       "T": "0.0015131863380890618244703847816688283614353653264159",
       "T_delta": "0.0017312270071413114044579095433888768664791170742264",
       "exact_copy_merge": false,
       "n_common": 9252,
       "n_shift": 9242,
       "non_constant": true,
       "sufficient": true
      }
     },
     "okx_index×defillama": {
      "basis_doc_triggered": false,
      "coaberrance": {
       "K": 0,
       "gate": "0E-99",
       "n": 9253,
       "note": "dégénérée p_co ∈ {0,1} — sans pouvoir de test (§5.4)",
       "p_co": "0E-50",
       "queue": null,
       "z": null
      },
      "delta": {
       "best_corr": "0.11536184979390443654752834077991126742141718604880",
       "best_lag": 2,
       "n_jumps_a": 53,
       "n_jumps_b": 127,
       "note": "lag=2 (>0 : okx_index précède defillama)"
      },
      "is_peg_usdt_usd": false,
      "rho_raw": {
       "n": 9237,
       "note": "ok",
       "rho": "-0.014385465767878990025168212114299132791285126376351",
       "sufficient": true
      },
      "rho_resid": {
       "n": 9253,
       "note": "ok",
       "rho": "-0.24409064793929141626904831299067903335457792575893",
       "sufficient": true
      },
      "tick": {
       "T": "0",
       "T_delta": "0",
       "exact_copy_merge": false,
       "n_common": 9253,
       "n_shift": 9244,
       "non_constant": true,
       "sufficient": true
      }
     },
     "okx_index×gemini": {
      "basis_doc_triggered": false,
      "coaberrance": {
       "K": 0,
       "gate": "0E-101",
       "n": 9248,
       "note": "dégénérée p_co ∈ {0,1} — sans pouvoir de test (§5.4)",
       "p_co": "0E-52",
       "queue": null,
       "z": null
      },
      "delta": {
       "best_corr": "0.72071260104782925173745551689506010741964069807329",
       "best_lag": 0,
       "n_jumps_a": 53,
       "n_jumps_b": 56,
       "note": "lag=0 (>0 : okx_index précède gemini)"
      },
      "is_peg_usdt_usd": false,
      "rho_raw": {
       "n": 9227,
       "note": "ok",
       "rho": "0.91880270744015047548303955508623376457624065770268",
       "sufficient": true
      },
      "rho_resid": {
       "n": 9248,
       "note": "ok",
       "rho": "0.67596498713112248779770943865112998056239563212604",
       "sufficient": true
      },
      "tick": {
       "T": "0.00043252595155709342560553633217993079584775086505190",
       "T_delta": "0",
       "exact_copy_merge": false,
       "n_common": 9248,
       "n_shift": 9238,
       "non_constant": true,
       "sufficient": true
      }
     },
     "okx_ticker×bitfinex": {
      "basis_doc_triggered": false,
      "coaberrance": {
       "K": 125,
       "gate": "34.065791404814873773504625516093778026580894338631",
       "n": 9255,
       "note": "z co-aberrance (seuil 2.33, unilatéral)",
       "p_co": "0.0036944475820303595731832428978918633203364309332698",
       "queue": null,
       "z": "15.558378470476184105435668877298935833399517123368"
      },
      "delta": {
       "best_corr": "0.55439244516657484406904673044154742008005268600363",
       "best_lag": 0,
       "n_jumps_a": 48,
       "n_jumps_b": 49,
       "note": "lag=0 (>0 : okx_ticker précède bitfinex)"
      },
      "is_peg_usdt_usd": true,
      "rho_raw": {
       "n": 9242,
       "note": "ok",
       "rho": "0.83625131700946390012468798561778211620233768303068",
       "sufficient": true
      },
      "rho_resid": {
       "n": 9255,
       "note": "ok",
       "rho": "0.74203554991889754488915347673370445401232417058987",
       "sufficient": true
      },
      "tick": {
       "T": "0.0016207455429497568881685575364667747163695299837925",
       "T_delta": "0.0016224986479177934018388318009734991887506760411033",
       "exact_copy_merge": false,
       "n_common": 9255,
       "n_shift": 9245,
       "non_constant": true,
       "sufficient": true
      }
     },
     "okx_ticker×bitstamp": {
      "basis_doc_triggered": false,
      "coaberrance": {
       "K": 0,
       "gate": "0.11584034803088430733132617307407873295495551743902",
       "n": 9254,
       "note": "garde §5.4 (n·p·(1−p) < 10) : queue exacte P(K≥K_obs|Bin(n,p_co))",
       "p_co": "0.000012518024437145481257084302682281002650785092658370",
       "queue": "1",
       "z": null
      },
      "delta": {
       "best_corr": "0.89469983639847062531895608322168656232028157426009",
       "best_lag": 0,
       "n_jumps_a": 48,
       "n_jumps_b": 55,
       "note": "lag=0 (>0 : okx_ticker précède bitstamp)"
      },
      "is_peg_usdt_usd": true,
      "rho_raw": {
       "n": 9240,
       "note": "ok",
       "rho": "0.96814465072281406913559129936756535460905010403403",
       "sufficient": true
      },
      "rho_resid": {
       "n": 9254,
       "note": "ok",
       "rho": "0.038907340562290877849785730753170692239619637846400",
       "sufficient": true
      },
      "tick": {
       "T": "0.00021612275772638858871839204668251566889993516317268",
       "T_delta": "0.00021635655560363479013414106447425356988316745997404",
       "exact_copy_merge": false,
       "n_common": 9254,
       "n_shift": 9244,
       "non_constant": true,
       "sufficient": true
      }
     },
     "okx_ticker×chainlink": {
      "basis_doc_triggered": false,
      "coaberrance": {
       "K": 29,
       "gate": "45.060137109827532293770075302019389084625952149354",
       "n": 9255,
       "note": "z co-aberrance (seuil 2.33, unilatéral)",
       "p_co": "0.0048926726715683055372408098649203593134203159709545",
       "queue": null,
       "z": "-2.4255102214867975058159212032988883252379586331119"
      },
      "delta": {
       "best_corr": "0.11326193443430897414525233348723646645750252541733",
       "best_lag": 1,
       "n_jumps_a": 48,
       "n_jumps_b": 119,
       "note": "lag=1 (>0 : okx_ticker précède chainlink)"
      },
      "is_peg_usdt_usd": true,
      "rho_raw": {
       "n": 9242,
       "note": "ok",
       "rho": "0.075622664852972436737889888713265111722147488092119",
       "sufficient": true
      },
      "rho_resid": {
       "n": 9255,
       "note": "ok",
       "rho": "-0.13714750539229512320361447673782008726794240712424",
       "sufficient": true
      },
      "tick": {
       "T": "0",
       "T_delta": "0",
       "exact_copy_merge": false,
       "n_common": 9255,
       "n_shift": 9246,
       "non_constant": true,
       "sufficient": true
      }
     },
     "okx_ticker×coingecko": {
      "basis_doc_triggered": false,
      "coaberrance": {
       "K": 0,
       "gate": "13.130656455138588731149461291803304048140769715341",
       "n": 9254,
       "note": "z co-aberrance (seuil 2.33, unilatéral)",
       "p_co": "0.0014209359007552339004543342234987700807445272528368",
       "queue": null,
       "z": "-3.6287810326762016245888889560986885234348816999445"
      },
      "delta": {
       "best_corr": "0.48890075019013147973425030621572986684301455508554",
       "best_lag": 2,
       "n_jumps_a": 48,
       "n_jumps_b": 55,
       "note": "lag=2 (>0 : okx_ticker précède coingecko)"
      },
      "is_peg_usdt_usd": true,
      "rho_raw": {
       "n": 9240,
       "note": "ok",
       "rho": "0.013579321300147112994650182439488594499548810363418",
       "sufficient": true
      },
      "rho_resid": {
       "n": 9254,
       "note": "ok",
       "rho": "-0.088091034869053050240571414925127084169612077925360",
       "sufficient": true
      },
      "tick": {
       "T": "0.0015128593040847201210287443267776096822995461422088",
       "T_delta": "0.0014063176114236261358719169190826482042405884898312",
       "exact_copy_merge": false,
       "n_common": 9254,
       "n_shift": 9244,
       "non_constant": true,
       "sufficient": true
      }
     },
     "okx_ticker×defillama": {
      "basis_doc_triggered": false,
      "coaberrance": {
       "K": 10,
       "gate": "21.070233628546230946026287674866314245643492448504",
       "n": 9255,
       "note": "z co-aberrance (seuil 2.33, unilatéral)",
       "p_co": "0.0022818392732942404721731153542947421940510787312244",
       "queue": null,
       "z": "-2.4221916164268931198247986197857251294421888708519"
      },
      "delta": {
       "best_corr": "0.12221378513739748350919435235933473868986203846517",
       "best_lag": 2,
       "n_jumps_a": 48,
       "n_jumps_b": 127,
       "note": "lag=2 (>0 : okx_ticker précède defillama)"
      },
      "is_peg_usdt_usd": true,
      "rho_raw": {
       "n": 9242,
       "note": "ok",
       "rho": "-0.014783557578020215594232859272433282868087408933755",
       "sufficient": true
      },
      "rho_resid": {
       "n": 9255,
       "note": "ok",
       "rho": "-0.095254333611027477699133249663692384025255471924072",
       "sufficient": true
      },
      "tick": {
       "T": "0",
       "T_delta": "0",
       "exact_copy_merge": false,
       "n_common": 9255,
       "n_shift": 9246,
       "non_constant": true,
       "sufficient": true
      }
     },
     "okx_ticker×gemini": {
      "basis_doc_triggered": false,
      "coaberrance": {
       "K": 1,
       "gate": "0.78047467637454839792312400055278068426351844905533",
       "n": 9250,
       "note": "garde §5.4 (n·p·(1−p) < 10) : queue exacte P(K≥K_obs|Bin(n,p_co))",
       "p_co": "0.000084382761139517896274653031409788166544923301680057",
       "queue": "0.54185679747775422459048487226542548271972413964120",
       "z": null
      },
      "delta": {
       "best_corr": "0.67941114252037046449949402949131966377378176054268",
       "best_lag": 0,
       "n_jumps_a": 48,
       "n_jumps_b": 56,
       "note": "lag=0 (>0 : okx_ticker précède gemini)"
      },
      "is_peg_usdt_usd": true,
      "rho_raw": {
       "n": 9232,
       "note": "ok",
       "rho": "0.90359957248495715658193007463591417399321210543154",
       "sufficient": true
      },
      "rho_resid": {
       "n": 9250,
       "note": "ok",
       "rho": "0.21239429290769940308290495946014996574295229649706",
       "sufficient": true
      },
      "tick": {
       "T": "0.00010810810810810810810810810810810810810810810810811",
       "T_delta": "0.00021645021645021645021645021645021645021645021645022",
       "exact_copy_merge": false,
       "n_common": 9250,
       "n_shift": 9240,
       "non_constant": true,
       "sufficient": true
      }
     },
     "okx_ticker×okx_index": {
      "basis_doc_triggered": false,
      "coaberrance": {
       "K": 0,
       "gate": "0E-102",
       "n": 9254,
       "note": "dégénérée p_co ∈ {0,1} — sans pouvoir de test (§5.4)",
       "p_co": "0E-53",
       "queue": null,
       "z": null
      },
      "delta": {
       "best_corr": "0.93146783500634525954101479674318493005162433293994",
       "best_lag": 0,
       "n_jumps_a": 48,
       "n_jumps_b": 53,
       "note": "lag=0 (>0 : okx_ticker précède okx_index)"
      },
      "is_peg_usdt_usd": true,
      "rho_raw": {
       "n": 9241,
       "note": "ok",
       "rho": "0.98575390390035123369588385237761926338888107533684",
       "sufficient": true
      },
      "rho_resid": {
       "n": 9254,
       "note": "ok",
       "rho": "0.26467517558234924736024471592958989293801506482608",
       "sufficient": true
      },
      "tick": {
       "T": "0.0025934730927166630646207045601901880267992219580722",
       "T_delta": "0.0023799221116399826914755517092167892687148420597144",
       "exact_copy_merge": false,
       "n_common": 9254,
       "n_shift": 9244,
       "non_constant": true,
       "sufficient": true
      }
     }
    },
    "peg_pairs": [
     "binance×coinbase",
     "binance×kraken",
     "binance×okx_index",
     "binance×bitstamp",
     "binance×gemini",
     "binance×bitfinex",
     "binance×coingecko",
     "binance×defillama",
     "binance×chainlink",
     "coinbase×okx_ticker",
     "kraken×okx_ticker",
     "okx_ticker×okx_index",
     "okx_ticker×bitstamp",
     "okx_ticker×gemini",
     "okx_ticker×bitfinex",
     "okx_ticker×coingecko",
     "okx_ticker×defillama",
     "okx_ticker×chainlink"
    ]
   },
   "drapeau_2": {
    "etat": "non_evaluable",
    "k_eff": 4,
    "k_nominal": 10,
    "k_nominal_strates": {
     "calme": 11,
     "stress": 11
    },
    "r1_discrimine": "NON ÉVALUABLE",
    "raison": "« R1 discrimine » NON ÉVALUABLE (règle SHOGEN-CRITERE-R1-1, bloc 3) — co-défaillance non qualifiable ; ni levé ni éteint",
    "rejette": []
   },
   "method_edges": [
    {
     "basis": "doc",
     "doc_fetched": "2026-08-05",
     "doc_url": "coingecko.com/en/methodology",
     "estimator": "filtre d'outliers par bornes MAD, puis VWAP des tickers restants",
     "kind": "estimator",
     "node": "coingecko",
     "panel_declared": "familles BTC/USD, USDT, USDC, EUR"
    },
    {
     "basis": "doc",
     "doc_fetched": "2026-08-05",
     "doc_url": "coingecko.com/en/exchanges/binance",
     "from": "binance",
     "kind": "upstream",
     "relation": "intégration (table des marchés spot, 1372 paires au 2026-08-05 — chiffre daté) ; granularité « intégration », pas « ticker-set » (§3.2)",
     "to": "coingecko"
    },
    {
     "basis": "doc",
     "doc_fetched": "2026-08-05",
     "doc_url": "docs.pyth.network/price-feeds/how-pyth-works/price-aggregation",
     "estimator": "médiane non pondérée des votes des publishers (p, p+c, p−c) ; « a hybrid between a mean and a median » (PAS « médiane pondérée par la confiance », formulation inexacte à ne pas réintroduire, §4.3)",
     "kind": "estimator",
     "node": "pyth",
     "panel_declared": "publishers déclarés"
    },
    {
     "basis": "doc",
     "doc_fetched": "2026-08-05",
     "doc_url": "pyth.network/publishers",
     "from": "coinbase",
     "kind": "upstream",
     "relation": "Coinbase nommé publisher au NIVEAU RÉSEAU ; l'attribution au feed BTC/USD précis N'EST PAS établie (dette 10 §10.3) ; granularité « réseau »",
     "to": "pyth"
    },
    {
     "basis": "doc",
     "doc_fetched": "2026-08-05",
     "doc_url": "docs.llama.fi/llms-full.txt",
     "from": "coingecko",
     "kind": "upstream",
     "relation": "« Almost all tokens are priced using CoinGecko's API » ; BTC majeur → coins.llama.fi n'est PAS un chemin d'amont distinct de coingecko",
     "to": "defillama"
    }
   ],
   "partition": {
    "asn_divergences": [],
    "asn_measured": true,
    "asn_states": {
     "api-pub.bitfinex.com": {
      "asn": 13335,
      "attributed": true,
      "holder": "CLOUDFLARENET - Cloudflare, Inc.",
      "kind": "concordant",
      "reason": "AS13335 cross-confirmé (RIPEstat=Cymru)"
     },
     "api.binance.com": {
      "asn": 16509,
      "attributed": true,
      "holder": "AMAZON-02 - Amazon.com, Inc.",
      "kind": "concordant",
      "reason": "AS16509 cross-confirmé (RIPEstat=Cymru)"
     },
     "api.coingecko.com": {
      "asn": 13335,
      "attributed": true,
      "holder": "CLOUDFLARENET - Cloudflare, Inc.",
      "kind": "concordant",
      "reason": "AS13335 cross-confirmé (RIPEstat=Cymru)"
     },
     "api.exchange.coinbase.com": {
      "asn": 13335,
      "attributed": true,
      "holder": "CLOUDFLARENET - Cloudflare, Inc.",
      "kind": "concordant",
      "reason": "AS13335 cross-confirmé (RIPEstat=Cymru)"
     },
     "api.gemini.com": {
      "asn": 14618,
      "attributed": true,
      "holder": "AMAZON-AES - Amazon.com, Inc.",
      "kind": "concordant",
      "reason": "AS14618 cross-confirmé (RIPEstat=Cymru)"
     },
     "api.kraken.com": {
      "asn": 13335,
      "attributed": true,
      "holder": "CLOUDFLARENET - Cloudflare, Inc.",
      "kind": "concordant",
      "reason": "AS13335 cross-confirmé (RIPEstat=Cymru)"
     },
     "coins.llama.fi": {
      "asn": 13335,
      "attributed": true,
      "holder": "CLOUDFLARENET - Cloudflare, Inc.",
      "kind": "concordant",
      "reason": "AS13335 cross-confirmé (RIPEstat=Cymru)"
     },
     "ethereum-rpc.publicnode.com": {
      "asn": 13335,
      "attributed": true,
      "holder": "CLOUDFLARENET - Cloudflare, Inc.",
      "kind": "concordant",
      "reason": "AS13335 cross-confirmé (RIPEstat=Cymru)"
     },
     "www.bitstamp.net": {
      "asn": 19551,
      "attributed": true,
      "holder": "INCAPSULA - Incapsula Inc",
      "kind": "concordant",
      "reason": "AS19551 cross-confirmé (RIPEstat=Cymru)"
     },
     "www.okx.com": {
      "asn": 13335,
      "attributed": true,
      "holder": "CLOUDFLARENET - Cloudflare, Inc.",
      "kind": "concordant",
      "reason": "AS13335 cross-confirmé (RIPEstat=Cymru)"
     }
    },
    "attribution_by_host": {
     "api-pub.bitfinex.com": {
      "asn_cymru": 13335,
      "asn_ripestat": 13335,
      "cname_chain": [],
      "flux": [
       "bitfinex"
      ],
      "holder": "CLOUDFLARENET - Cloudflare, Inc.",
      "host": "api-pub.bitfinex.com",
      "ip": "104.16.165.90",
      "ip_secondary": [
       "104.16.166.90",
       "104.16.168.90",
       "104.16.164.90",
       "104.16.167.90"
      ],
      "prefix": "104.16.160.0/20",
      "record": "asn_attribution",
      "resolver": "cloudflare-dns.com",
      "resolvers": [
       "cloudflare-dns.com"
      ],
      "status": "ok",
      "ts": 1788479814.5634034
     },
     "api.binance.com": {
      "asn_cymru": 16509,
      "asn_ripestat": 16509,
      "cname_chain": [
       "d3h36i1mno13q3.cloudfront.net."
      ],
      "flux": [
       "binance"
      ],
      "holder": "AMAZON-02 - Amazon.com, Inc.",
      "host": "api.binance.com",
      "ip": "18.172.233.90",
      "ip_secondary": [],
      "prefix": "18.172.232.0/22",
      "record": "asn_attribution",
      "resolver": "cloudflare-dns.com",
      "resolvers": [
       "cloudflare-dns.com"
      ],
      "status": "ok",
      "ts": 1788479815.4996865
     },
     "api.coingecko.com": {
      "asn_cymru": 13335,
      "asn_ripestat": 13335,
      "cname_chain": [],
      "flux": [
       "coingecko"
      ],
      "holder": "CLOUDFLARENET - Cloudflare, Inc.",
      "host": "api.coingecko.com",
      "ip": "172.66.172.219",
      "ip_secondary": [
       "104.20.41.132"
      ],
      "prefix": "172.66.160.0/20",
      "record": "asn_attribution",
      "resolver": "cloudflare-dns.com",
      "resolvers": [
       "cloudflare-dns.com"
      ],
      "status": "ok",
      "ts": 1788479816.217085
     },
     "api.exchange.coinbase.com": {
      "asn_cymru": 13335,
      "asn_ripestat": 13335,
      "cname_chain": [],
      "flux": [
       "coinbase"
      ],
      "holder": "CLOUDFLARENET - Cloudflare, Inc.",
      "host": "api.exchange.coinbase.com",
      "ip": "172.64.151.78",
      "ip_secondary": [
       "104.18.36.178"
      ],
      "prefix": "172.64.151.0/24",
      "record": "asn_attribution",
      "resolver": "cloudflare-dns.com",
      "resolvers": [
       "cloudflare-dns.com"
      ],
      "status": "ok",
      "ts": 1788479820.3095798
     },
     "api.gemini.com": {
      "asn_cymru": 14618,
      "asn_ripestat": 14618,
      "cname_chain": [
       "prod-dc-alb-backup-2004476785.us-east-1.elb.amazonaws.com."
      ],
      "flux": [
       "gemini"
      ],
      "holder": "AMAZON-AES - Amazon.com, Inc.",
      "host": "api.gemini.com",
      "ip": "3.211.8.137",
      "ip_secondary": [
       "52.204.235.169",
       "32.196.54.226",
       "54.158.66.150",
       "52.204.189.170",
       "35.169.53.110"
      ],
      "prefix": "3.208.0.0/12",
      "record": "asn_attribution",
      "resolver": "cloudflare-dns.com",
      "resolvers": [
       "cloudflare-dns.com"
      ],
      "status": "ok",
      "ts": 1788479821.0883477
     },
     "api.kraken.com": {
      "asn_cymru": 13335,
      "asn_ripestat": 13335,
      "cname_chain": [],
      "flux": [
       "kraken"
      ],
      "holder": "CLOUDFLARENET - Cloudflare, Inc.",
      "host": "api.kraken.com",
      "ip": "104.17.187.205",
      "ip_secondary": [
       "104.17.189.205",
       "104.17.185.205",
       "104.17.186.205",
       "104.17.188.205"
      ],
      "prefix": "104.17.176.0/20",
      "record": "asn_attribution",
      "resolver": "cloudflare-dns.com",
      "resolvers": [
       "cloudflare-dns.com"
      ],
      "status": "ok",
      "ts": 1788479821.9519777
     },
     "coins.llama.fi": {
      "asn_cymru": 13335,
      "asn_ripestat": 13335,
      "cname_chain": [],
      "flux": [
       "defillama"
      ],
      "holder": "CLOUDFLARENET - Cloudflare, Inc.",
      "host": "coins.llama.fi",
      "ip": "104.20.34.56",
      "ip_secondary": [
       "172.66.169.196"
      ],
      "prefix": "104.20.32.0/20",
      "record": "asn_attribution",
      "resolver": "cloudflare-dns.com",
      "resolvers": [
       "cloudflare-dns.com"
      ],
      "status": "ok",
      "ts": 1788479822.7889829
     },
     "ethereum-rpc.publicnode.com": {
      "asn_cymru": 13335,
      "asn_ripestat": 13335,
      "cname_chain": [],
      "flux": [
       "chainlink"
      ],
      "holder": "CLOUDFLARENET - Cloudflare, Inc.",
      "host": "ethereum-rpc.publicnode.com",
      "ip": "104.20.24.117",
      "ip_secondary": [
       "172.66.150.162"
      ],
      "prefix": "104.20.16.0/20",
      "record": "asn_attribution",
      "resolver": "cloudflare-dns.com",
      "resolvers": [
       "cloudflare-dns.com"
      ],
      "status": "ok",
      "ts": 1788479823.551348
     },
     "hermes.pyth.network": {
      "asn_cymru": 13335,
      "asn_ripestat": 13335,
      "cname_chain": [],
      "flux": [
       "pyth"
      ],
      "holder": "CLOUDFLARENET - Cloudflare, Inc.",
      "host": "hermes.pyth.network",
      "ip": "172.66.151.6",
      "ip_secondary": [
       "104.20.36.70"
      ],
      "prefix": "172.66.144.0/20",
      "record": "asn_attribution",
      "resolver": "cloudflare-dns.com",
      "resolvers": [
       "cloudflare-dns.com"
      ],
      "status": "ok",
      "ts": 1788479824.4650452
     },
     "www.bitstamp.net": {
      "asn_cymru": 19551,
      "asn_ripestat": 19551,
      "cname_chain": [
       "qgjb4.x.incapdns.net."
      ],
      "flux": [
       "bitstamp"
      ],
      "holder": "INCAPSULA - Incapsula Inc",
      "host": "www.bitstamp.net",
      "ip": "107.154.132.13",
      "ip_secondary": [],
      "prefix": "107.154.132.0/24",
      "record": "asn_attribution",
      "resolver": "cloudflare-dns.com",
      "resolvers": [
       "cloudflare-dns.com"
      ],
      "status": "ok",
      "ts": 1788479825.2417457
     },
     "www.okx.com": {
      "asn_cymru": 13335,
      "asn_ripestat": 13335,
      "cname_chain": [
       "www.okx.com.cdn.cloudflare.net."
      ],
      "flux": [
       "okx_index",
       "okx_ticker"
      ],
      "holder": "CLOUDFLARENET - Cloudflare, Inc.",
      "host": "www.okx.com",
      "ip": "104.18.43.174",
      "ip_secondary": [
       "172.64.144.82"
      ],
      "prefix": "104.18.43.0/24",
      "record": "asn_attribution",
      "resolver": "cloudflare-dns.com",
      "resolvers": [
       "cloudflare-dns.com"
      ],
      "status": "ok",
      "ts": 1788479826.0524206
     }
    },
    "clusters": [
     {
      "asns": [
       13335
      ],
      "caveats": [
       "chemin de LECTURE ≠ amont (§3.2) : l'ASN mesuré est celui du fournisseur RPC (ethereum-rpc.publicnode.com), une infrastructure de lecture, pas l'amont du feed"
      ],
      "declared_upstreams": [
       {
        "basis": "doc",
        "doc_fetched": "2026-08-05",
        "doc_url": "coingecko.com/en/exchanges/binance",
        "from": "binance",
        "kind": "upstream",
        "relation": "intégration (table des marchés spot, 1372 paires au 2026-08-05 — chiffre daté) ; granularité « intégration », pas « ticker-set » (§3.2)",
        "to": "coingecko"
       },
       {
        "basis": "doc",
        "doc_fetched": "2026-08-05",
        "doc_url": "pyth.network/publishers",
        "from": "coinbase",
        "kind": "upstream",
        "relation": "Coinbase nommé publisher au NIVEAU RÉSEAU ; l'attribution au feed BTC/USD précis N'EST PAS établie (dette 10 §10.3) ; granularité « réseau »",
        "to": "pyth"
       },
       {
        "basis": "doc",
        "doc_fetched": "2026-08-05",
        "doc_url": "docs.llama.fi/llms-full.txt",
        "from": "coingecko",
        "kind": "upstream",
        "relation": "« Almost all tokens are priced using CoinGecko's API » ; BTC majeur → coins.llama.fi n'est PAS un chemin d'amont distinct de coingecko",
        "to": "defillama"
       }
      ],
      "flux": [
       "bitfinex",
       "chainlink",
       "coinbase",
       "coingecko",
       "defillama",
       "kraken",
       "okx_index",
       "okx_ticker"
      ],
      "holders": [
       "CLOUDFLARENET - Cloudflare, Inc."
      ],
      "hosts": [
       "api-pub.bitfinex.com",
       "api.coingecko.com",
       "api.exchange.coinbase.com",
       "api.kraken.com",
       "coins.llama.fi",
       "ethereum-rpc.publicnode.com",
       "www.okx.com"
      ],
      "merge_axes": [
       "asn_measured"
      ],
      "n_members_flux": 8,
      "name": "{api-pub.bitfinex.com, api.coingecko.com, api.exchange.coinbase.com, api.kraken.com, coins.llama.fi, ethereum-rpc.publicnode.com, www.okx.com} via AS13335 CLOUDFLARENET - Cloudflare, Inc. [fusion ASN partagé AS13335 CLOUDFLARENET - Cloudflare, Inc. — côté livraison (§4.1, résidu 1)]"
     },
     {
      "asns": [
       16509
      ],
      "caveats": [],
      "declared_upstreams": [
       {
        "basis": "doc",
        "doc_fetched": "2026-08-05",
        "doc_url": "coingecko.com/en/exchanges/binance",
        "from": "binance",
        "kind": "upstream",
        "relation": "intégration (table des marchés spot, 1372 paires au 2026-08-05 — chiffre daté) ; granularité « intégration », pas « ticker-set » (§3.2)",
        "to": "coingecko"
       }
      ],
      "flux": [
       "binance"
      ],
      "holders": [
       "AMAZON-02 - Amazon.com, Inc."
      ],
      "hosts": [
       "api.binance.com"
      ],
      "merge_axes": [],
      "n_members_flux": 1,
      "name": "{api.binance.com} via AS16509 AMAZON-02 - Amazon.com, Inc."
     },
     {
      "asns": [
       14618
      ],
      "caveats": [],
      "declared_upstreams": [],
      "flux": [
       "gemini"
      ],
      "holders": [
       "AMAZON-AES - Amazon.com, Inc."
      ],
      "hosts": [
       "api.gemini.com"
      ],
      "merge_axes": [],
      "n_members_flux": 1,
      "name": "{api.gemini.com} via AS14618 AMAZON-AES - Amazon.com, Inc."
     },
     {
      "asns": [
       19551
      ],
      "caveats": [],
      "declared_upstreams": [],
      "flux": [
       "bitstamp"
      ],
      "holders": [
       "INCAPSULA - Incapsula Inc"
      ],
      "hosts": [
       "www.bitstamp.net"
      ],
      "merge_axes": [],
      "n_members_flux": 1,
      "name": "{www.bitstamp.net} via AS19551 INCAPSULA - Incapsula Inc"
     }
    ],
    "flux_by_host": {
     "api-pub.bitfinex.com": [
      "bitfinex"
     ],
     "api.binance.com": [
      "binance"
     ],
     "api.coingecko.com": [
      "coingecko"
     ],
     "api.exchange.coinbase.com": [
      "coinbase"
     ],
     "api.gemini.com": [
      "gemini"
     ],
     "api.kraken.com": [
      "kraken"
     ],
     "coins.llama.fi": [
      "defillama"
     ],
     "ethereum-rpc.publicnode.com": [
      "chainlink"
     ],
     "www.bitstamp.net": [
      "bitstamp"
     ],
     "www.okx.com": [
      "okx_index",
      "okx_ticker"
     ]
    },
    "hosts": [
     "api-pub.bitfinex.com",
     "api.binance.com",
     "api.coingecko.com",
     "api.exchange.coinbase.com",
     "api.gemini.com",
     "api.kraken.com",
     "coins.llama.fi",
     "ethereum-rpc.publicnode.com",
     "www.bitstamp.net",
     "www.okx.com"
    ],
    "k_eff": 4,
    "k_eff_is_upper_bound": false,
    "k_eff_note": "k_eff = nombre de classes de la partition R2 measured (§5.6)",
    "k_nominal": 10,
    "merge_reasons": [
     {
      "asn": 13335,
      "axis": "asn_measured",
      "holder": "CLOUDFLARENET - Cloudflare, Inc.",
      "hosts": [
       "api-pub.bitfinex.com",
       "api.coingecko.com",
       "api.exchange.coinbase.com",
       "api.kraken.com",
       "coins.llama.fi",
       "ethereum-rpc.publicnode.com",
       "www.okx.com"
      ]
     }
    ],
    "n_unattributed": 0,
    "unattributed": []
   },
   "pool": [
    "binance",
    "coinbase",
    "kraken",
    "okx_ticker",
    "okx_index",
    "bitstamp",
    "gemini",
    "bitfinex",
    "coingecko",
    "defillama",
    "chainlink"
   ],
   "residus_asn": [
    "1. Fronting CDN/anycast : l'IP observée est la couche de LIVRAISON, pas l'origine. Côté origine, le regroupement peut être un faux positif ; côté livraison, le mode commun est réel (une panne du CDN partagé co-interrompt les chemins). Le certificat dit laquelle il compte — k_eff ici est « côté livraison ».",
    "2. Même ASN ≠ même opérateur ; ASN distincts ≠ opérateurs distincts.",
    "3. Mono-vantage : re-mesure depuis un seul point d'observation. v0 : UN résolveur par relevé (Cloudflare DoH-JSON, `cloudflare-dns.com` = le résolveur 1.1.1.1 de §4.1) — le résolveur EXACT est journalisé par enregistrement (champ `resolver`, auditable). La sonde MULTI-résolveurs de familles distinctes et multi-vantage prescrite par 10 §4.1 reste DUE au lancement de campagne (endpoints par famille à établir sur pièce — Google = dns.google/resolve, Quad9 dédié — plan §2 [C3]) ; écart au design nommé, jamais prétendu comblé.",
    "4. Instantanéité : TTL court ; l'attribution est un instantané daté, re-mesuré à chaque quorum (une divergence d'ASN entre deux relevés du même hôte est publiée, jamais écrasée en silence).",
    "5. Le chemin de mesure appartient à la classe mesurée : la résolution passe par un résolveur (Cloudflare `cloudflare-dns.com`) pour mesurer une dépendance à Cloudflare. Atténuation v0 : attribution croisée sur 2 bases BGP — la jambe RIPEstat va en HTTPS DIRECT vers stat.ripe.net (hors-résolveur). Les résolveurs de familles distinctes sont DUS à la campagne (résidu 3, plan §2 [C3]). En v0 les DEUX étapes DNS (A et Cymru TXT) transitent par le résolveur Cloudflare — le résidu est à son MAXIMUM, publié.",
    "6. RIPEstat et Team Cymru sont eux-mêmes des témoins (vues BGP, registres) ; leur concordance est une observation, pas une décharge — portée par A(asn-attribution) au registre (08 §8).",
    "7. La chaîne CNAME est un fait daté : un CNAME déterministe aujourd'hui peut changer demain."
   ]
  },
  "segment": {
   "t0": 1787770800,
   "t_fin": 1788480060
  }
 },
 "j28": {
  "d5": {
   "bornes_censure": {
    "calme": {
     "s": 5701,
     "z_bas": "17.556689997555283653681146237762934756839540547496",
     "z_bloc_bas": "1.8196629136861220471711460494461585204157608817430",
     "z_bloc_haut": "93.850742908789397830496314603025603356370670497401",
     "z_haut": "905.50199539544630203447432173216643843074844907832"
    },
    "stress": {
     "s": 2094,
     "z_bas": "25.473078564141066684303998709584385344769540455886",
     "z_bloc_bas": "1.6982937424929091779945784909896792520918497568624",
     "z_bloc_haut": "33.109062569066257260750656346574928093519208266497",
     "z_haut": "496.61005684969625124835679931557781942595489865145"
    }
   },
   "fenetres_sautees": {
    "calme": 5701,
    "stress": 2094
   },
   "fenetres_sautees_vivant": {
    "calme": 17,
    "stress": 150
   }
  },
  "etiquette": "segment confirmatoire de la règle SHOGEN-CRITERE-R1-1 (D2 pt 6) ; la section [SENSIBILITÉ] (plage incluse) est hors décision, biaisée vers le haut par construction ; hors décision aussi (§1 bis.1 pt 9) : L&M (bloc 4), queues exactes, strate poolée, diagnostic de runs et drapeau « run maximal ≥ ℓ »",
  "lm": {
   "N": 11,
   "pool": [
    "binance",
    "coinbase",
    "kraken",
    "okx_ticker",
    "okx_index",
    "bitstamp",
    "gemini",
    "bitfinex",
    "coingecko",
    "defillama",
    "chainlink"
   ],
   "strates": {
    "calme": {
     "E_theta": "0.0053654297705548468208626841939837668940780594227818",
     "E_theta2": "0.00058498345258564904690591084733854715550871743672239",
     "N": 11,
     "Var_theta": "0.00055619561596289281070470998663090781236412718685660",
     "caveat_non_eval": "m_j ne compte que les vrais écarts (panne ∨ staleness ∨ hors-env) ; NON_EVAL hors-env compté 0 comme dans p̂ (fail-closed de publication, 10 §5.2)",
     "n": 24585,
     "pair_phi": {
      "binance×bitfinex": {
       "n00": 24194,
       "n01": 19,
       "n10": 359,
       "n11": 13,
       "phi": "0.11566603960692513097613377689666932375748661820650",
       "signe": "+"
      },
      "binance×bitstamp": {
       "n00": 23790,
       "n01": 423,
       "n10": 320,
       "n11": 52,
       "phi": "0.10847509833108362918259591106802162184159185904700",
       "signe": "+"
      },
      "binance×chainlink": {
       "n00": 24159,
       "n01": 54,
       "n10": 355,
       "n11": 17,
       "phi": "0.098886347480718537383948739421285605729521224862316",
       "signe": "+"
      },
      "binance×coinbase": {
       "n00": 24179,
       "n01": 34,
       "n10": 350,
       "n11": 22,
       "phi": "0.14784456823676934683763686887453574875883816035062",
       "signe": "+"
      },
      "binance×coingecko": {
       "n00": 24172,
       "n01": 41,
       "n10": 357,
       "n11": 15,
       "phi": "0.098918699414285565375468494738485633800600006205076",
       "signe": "+"
      },
      "binance×defillama": {
       "n00": 24072,
       "n01": 141,
       "n10": 354,
       "n11": 18,
       "phi": "0.064820325740443859199392508708973814698614457123642",
       "signe": "+"
      },
      "binance×gemini": {
       "n00": 24165,
       "n01": 48,
       "n10": 352,
       "n11": 20,
       "phi": "0.12035894590128557980983967111642447373272429106910",
       "signe": "+"
      },
      "binance×kraken": {
       "n00": 24194,
       "n01": 19,
       "n10": 357,
       "n11": 15,
       "phi": "0.12987784638683185720219848860978612186132162905118",
       "signe": "+"
      },
      "binance×okx_index": {
       "n00": 24167,
       "n01": 46,
       "n10": 354,
       "n11": 18,
       "phi": "0.11137069582547775647138551867768853142015768901115",
       "signe": "+"
      },
      "binance×okx_ticker": {
       "n00": 24167,
       "n01": 46,
       "n10": 354,
       "n11": 18,
       "phi": "0.11137069582547775647138551867768853142015768901115",
       "signe": "+"
      },
      "bitfinex×chainlink": {
       "n00": 24492,
       "n01": 61,
       "n10": 22,
       "n11": 10,
       "phi": "0.20829292748562164613175571190648089677310137439010",
       "signe": "+"
      },
      "bitfinex×coingecko": {
       "n00": 24508,
       "n01": 45,
       "n10": 21,
       "n11": 11,
       "phi": "0.25859154593686264694777725706774587462972020905533",
       "signe": "+"
      },
      "bitfinex×defillama": {
       "n00": 24405,
       "n01": 148,
       "n10": 21,
       "n11": 11,
       "phi": "0.15190153840538359534434214213127523403522429302344",
       "signe": "+"
      },
      "bitstamp×bitfinex": {
       "n00": 24089,
       "n01": 21,
       "n10": 464,
       "n11": 11,
       "phi": "0.085087849447664506799592670431591179508955453554165",
       "signe": "+"
      },
      "bitstamp×chainlink": {
       "n00": 24058,
       "n01": 52,
       "n10": 456,
       "n11": 19,
       "phi": "0.097072722718381183847005912140880518511982897355263",
       "signe": "+"
      },
      "bitstamp×coingecko": {
       "n00": 24068,
       "n01": 42,
       "n10": 461,
       "n11": 14,
       "phi": "0.080073253360786628648918963748985876858835461619340",
       "signe": "+"
      },
      "bitstamp×defillama": {
       "n00": 23966,
       "n01": 144,
       "n10": 460,
       "n11": 15,
       "phi": "0.043971154875105890536976514560497160782627312806133",
       "signe": "+"
      },
      "bitstamp×gemini": {
       "n00": 24063,
       "n01": 47,
       "n10": 454,
       "n11": 21,
       "phi": "0.11076393395917706370581636186843800964431146805970",
       "signe": "+"
      },
      "coinbase×bitfinex": {
       "n00": 24508,
       "n01": 21,
       "n10": 45,
       "n11": 11,
       "phi": "0.25859154593686264694777725706774587462972020905533",
       "signe": "+"
      },
      "coinbase×bitstamp": {
       "n00": 24076,
       "n01": 453,
       "n10": 34,
       "n11": 22,
       "phi": "0.12966173999764394192285511347079872443147867642866",
       "signe": "+"
      },
      "coinbase×chainlink": {
       "n00": 24469,
       "n01": 60,
       "n10": 45,
       "n11": 11,
       "phi": "0.17232972434838670199404331311821047526906551811685",
       "signe": "+"
      },
      "coinbase×coingecko": {
       "n00": 24484,
       "n01": 45,
       "n10": 45,
       "n11": 11,
       "phi": "0.19459400825844627059515558842885680506455915155821",
       "signe": "+"
      },
      "coinbase×defillama": {
       "n00": 24381,
       "n01": 148,
       "n10": 45,
       "n11": 11,
       "phi": "0.11323078045320951494137880122035600155449673472868",
       "signe": "+"
      },
      "coinbase×gemini": {
       "n00": 24472,
       "n01": 57,
       "n10": 45,
       "n11": 11,
       "phi": "0.17619033088582661061835537402227460539581493931134",
       "signe": "+"
      },
      "coinbase×kraken": {
       "n00": 24508,
       "n01": 21,
       "n10": 43,
       "n11": 13,
       "phi": "0.29669525108273952689599281183385006672158334145274",
       "signe": "+"
      },
      "coinbase×okx_index": {
       "n00": 24479,
       "n01": 50,
       "n10": 42,
       "n11": 14,
       "phi": "0.23198466812841305785172599933937104682893151196162",
       "signe": "+"
      },
      "coinbase×okx_ticker": {
       "n00": 24479,
       "n01": 50,
       "n10": 42,
       "n11": 14,
       "phi": "0.23198466812841305785172599933937104682893151196162",
       "signe": "+"
      },
      "coingecko×chainlink": {
       "n00": 24469,
       "n01": 60,
       "n10": 45,
       "n11": 11,
       "phi": "0.17232972434838670199404331311821047526906551811685",
       "signe": "+"
      },
      "coingecko×defillama": {
       "n00": 24380,
       "n01": 149,
       "n10": 46,
       "n11": 10,
       "phi": "0.10258661690302939891370407880503065848534890053960",
       "signe": "+"
      },
      "defillama×chainlink": {
       "n00": 24367,
       "n01": 59,
       "n10": 147,
       "n11": 12,
       "phi": "0.10913040952131614325415716541018068296993158874630",
       "signe": "+"
      },
      "gemini×bitfinex": {
       "n00": 24496,
       "n01": 21,
       "n10": 57,
       "n11": 11,
       "phi": "0.23438990897089134174199419998561145565913598249823",
       "signe": "+"
      },
      "gemini×chainlink": {
       "n00": 24457,
       "n01": 60,
       "n10": 57,
       "n11": 11,
       "phi": "0.15592477693984718391460467744262347952953091017757",
       "signe": "+"
      },
      "gemini×coingecko": {
       "n00": 24472,
       "n01": 45,
       "n10": 57,
       "n11": 11,
       "phi": "0.17619033088582661061835537402227460539581493931134",
       "signe": "+"
      },
      "gemini×defillama": {
       "n00": 24370,
       "n01": 147,
       "n10": 56,
       "n11": 12,
       "phi": "0.11169235295047075736996020072926077669482169464802",
       "signe": "+"
      },
      "kraken×bitfinex": {
       "n00": 24534,
       "n01": 17,
       "n10": 19,
       "n11": 15,
       "phi": "0.45402205745307519100672370871607458321102615031281",
       "signe": "+"
      },
      "kraken×bitstamp": {
       "n00": 24091,
       "n01": 460,
       "n10": 19,
       "n11": 15,
       "phi": "0.11404956613725582679634757252379354849633388117071",
       "signe": "+"
      },
      "kraken×chainlink": {
       "n00": 24490,
       "n01": 61,
       "n10": 24,
       "n11": 10,
       "phi": "0.20196424316342347539677154892296299680310425328644",
       "signe": "+"
      },
      "kraken×coingecko": {
       "n00": 24508,
       "n01": 43,
       "n10": 21,
       "n11": 13,
       "phi": "0.29669525108273952689599281183385006672158334145274",
       "signe": "+"
      },
      "kraken×defillama": {
       "n00": 24404,
       "n01": 147,
       "n10": 22,
       "n11": 12,
       "phi": "0.16084988757951905584798561573699438132775860516204",
       "signe": "+"
      },
      "kraken×gemini": {
       "n00": 24496,
       "n01": 55,
       "n10": 21,
       "n11": 13,
       "phi": "0.26896657913425810142113626577347798255392092797665",
       "signe": "+"
      },
      "kraken×okx_index": {
       "n00": 24500,
       "n01": 51,
       "n10": 21,
       "n11": 13,
       "phi": "0.27734061458813974387874331272473832685362878958243",
       "signe": "+"
      },
      "kraken×okx_ticker": {
       "n00": 24500,
       "n01": 51,
       "n10": 21,
       "n11": 13,
       "phi": "0.27734061458813974387874331272473832685362878958243",
       "signe": "+"
      },
      "okx_index×bitfinex": {
       "n00": 24500,
       "n01": 21,
       "n10": 53,
       "n11": 11,
       "phi": "0.24169915335709593679935774259224577659125901475093",
       "signe": "+"
      },
      "okx_index×bitstamp": {
       "n00": 24063,
       "n01": 458,
       "n10": 47,
       "n11": 17,
       "phi": "0.091415039752355861799394334343007494492777193257822",
       "signe": "+"
      },
      "okx_index×chainlink": {
       "n00": 24462,
       "n01": 59,
       "n10": 52,
       "n11": 12,
       "phi": "0.17575792416547731480821165470199813045155996767708",
       "signe": "+"
      },
      "okx_index×coingecko": {
       "n00": 24477,
       "n01": 44,
       "n10": 52,
       "n11": 12,
       "phi": "0.19849528117729044094371684099360827584844801359943",
       "signe": "+"
      },
      "okx_index×defillama": {
       "n00": 24371,
       "n01": 150,
       "n10": 55,
       "n11": 9,
       "phi": "0.085503085727648533179589062704746907944987390137376",
       "signe": "+"
      },
      "okx_index×gemini": {
       "n00": 24462,
       "n01": 59,
       "n10": 55,
       "n11": 9,
       "phi": "0.13410296659867159288759314114589246437702929074284",
       "signe": "+"
      },
      "okx_ticker×bitfinex": {
       "n00": 24500,
       "n01": 21,
       "n10": 53,
       "n11": 11,
       "phi": "0.24169915335709593679935774259224577659125901475093",
       "signe": "+"
      },
      "okx_ticker×bitstamp": {
       "n00": 24063,
       "n01": 458,
       "n10": 47,
       "n11": 17,
       "phi": "0.091415039752355861799394334343007494492777193257822",
       "signe": "+"
      },
      "okx_ticker×chainlink": {
       "n00": 24462,
       "n01": 59,
       "n10": 52,
       "n11": 12,
       "phi": "0.17575792416547731480821165470199813045155996767708",
       "signe": "+"
      },
      "okx_ticker×coingecko": {
       "n00": 24477,
       "n01": 44,
       "n10": 52,
       "n11": 12,
       "phi": "0.19849528117729044094371684099360827584844801359943",
       "signe": "+"
      },
      "okx_ticker×defillama": {
       "n00": 24372,
       "n01": 149,
       "n10": 54,
       "n11": 10,
       "phi": "0.095461413080633478810200781489696397173831692713670",
       "signe": "+"
      },
      "okx_ticker×gemini": {
       "n00": 24463,
       "n01": 58,
       "n10": 54,
       "n11": 10,
       "phi": "0.14930224665025144799605357171055095066742804560268",
       "signe": "+"
      },
      "okx_ticker×okx_index": {
       "n00": 24486,
       "n01": 35,
       "n10": 35,
       "n11": 29,
       "phi": "0.45169765201256066228946617185269768769626034827291",
       "signe": "+"
      }
     },
     "renvoi_m1c_clusters": "corrélations entre CLUSTERS R2 (≥2 membres, analogue L&M éq. 35, séries (Θ̂_A,j, Θ̂_B,j)) — RÉALISÉ M1c (r2.cluster_lm_correlations, bloc 5) ; requièrent la partition R2 (10 §5.5 pt 4). Ici (bloc 4) : φ par paire de FLUX, base commune.",
     "renvoi_m1c_flux_source": "agrégation d'indicatrices flux→source (ex. okx_ticker+okx_index) — RÉALISÉ M1c : les deux flux okx partagent l'hôte www.okx.com → un seul nœud de partition (r2.build_flux_hosts, bloc 5). Ici (bloc 4) : φ par paire de FLUX (10 §5.5).",
     "sum_m": 1451
    },
    "stress": {
     "E_theta": "0.0055277704659120821268754935509344564359041853119242",
     "E_theta2": "0.0011262932031555353482176330294256064195521947561954",
     "N": 11,
     "Var_theta": "0.0010957369568317254707066076636531337727625164483380",
     "caveat_non_eval": "m_j ne compte que les vrais écarts (panne ∨ staleness ∨ hors-env) ; NON_EVAL hors-env compté 0 comme dans p̂ (fail-closed de publication, 10 §5.2)",
     "n": 11397,
     "pair_phi": {
      "binance×bitfinex": {
       "n00": 11301,
       "n01": 50,
       "n10": 45,
       "n11": 1,
       "phi": "0.016466227430052158323489005670025164306830352961468",
       "signe": "+"
      },
      "binance×bitstamp": {
       "n00": 11316,
       "n01": 35,
       "n10": 42,
       "n11": 4,
       "phi": "0.091061625968168214579556752802535961836177686365615",
       "signe": "+"
      },
      "binance×chainlink": {
       "n00": 11239,
       "n01": 112,
       "n10": 45,
       "n11": 1,
       "phi": "0.0075972234168004188312833533040511166978901013036339",
       "signe": "+"
      },
      "binance×coinbase": {
       "n00": 11343,
       "n01": 8,
       "n10": 43,
       "n11": 3,
       "phi": "0.13172209872357375775784626410630601331839676170687",
       "signe": "+"
      },
      "binance×coingecko": {
       "n00": 11225,
       "n01": 126,
       "n10": 45,
       "n11": 1,
       "phi": "0.0064257565427099732924468800194280148982964670154218",
       "signe": "+"
      },
      "binance×defillama": {
       "n00": 11126,
       "n01": 225,
       "n10": 45,
       "n11": 1,
       "phi": "0.00087184213548831530775535809387614233522022781635566",
       "signe": "+"
      },
      "binance×gemini": {
       "n00": 11333,
       "n01": 18,
       "n10": 43,
       "n11": 3,
       "phi": "0.094072908790429061895721354843595547904877588394058",
       "signe": "+"
      },
      "binance×kraken": {
       "n00": 11307,
       "n01": 44,
       "n10": 44,
       "n11": 2,
       "phi": "0.039601950412336779368222681012590348293389205318053",
       "signe": "+"
      },
      "binance×okx_index": {
       "n00": 11344,
       "n01": 7,
       "n10": 46,
       "n11": 0,
       "phi": "-0.0015781526611036896775681579337924834990994015862849",
       "signe": "−"
      },
      "binance×okx_ticker": {
       "n00": 11345,
       "n01": 6,
       "n10": 46,
       "n11": 0,
       "phi": "-0.0014610213194247981988649535282613109247472142148968",
       "signe": "−"
      },
      "bitfinex×chainlink": {
       "n00": 11276,
       "n01": 70,
       "n10": 8,
       "n11": 43,
       "phi": "0.56382509897333322377504903653509159412432270558443",
       "signe": "+"
      },
      "bitfinex×coingecko": {
       "n00": 11268,
       "n01": 78,
       "n10": 2,
       "n11": 49,
       "phi": "0.60652666511579079913581099571597057926032724378194",
       "signe": "+"
      },
      "bitfinex×defillama": {
       "n00": 11167,
       "n01": 179,
       "n10": 4,
       "n11": 47,
       "phi": "0.43364543716552442308845976048424440861566940269438",
       "signe": "+"
      },
      "bitstamp×bitfinex": {
       "n00": 11310,
       "n01": 48,
       "n10": 36,
       "n11": 3,
       "phi": "0.063605274659062582096840433593216117559374932199129",
       "signe": "+"
      },
      "bitstamp×chainlink": {
       "n00": 11247,
       "n01": 111,
       "n10": 37,
       "n11": 2,
       "phi": "0.024465656837657459998417365141691339038016297233937",
       "signe": "+"
      },
      "bitstamp×coingecko": {
       "n00": 11234,
       "n01": 124,
       "n10": 36,
       "n11": 3,
       "phi": "0.036719825406791519689307300917166126574465075016540",
       "signe": "+"
      },
      "bitstamp×defillama": {
       "n00": 11134,
       "n01": 224,
       "n10": 37,
       "n11": 2,
       "phi": "0.013219763636991250531707451865222377896318678356591",
       "signe": "+"
      },
      "bitstamp×gemini": {
       "n00": 11340,
       "n01": 18,
       "n10": 36,
       "n11": 3,
       "phi": "0.10258752686577574340266708561888701645711988440463",
       "signe": "+"
      },
      "coinbase×bitfinex": {
       "n00": 11337,
       "n01": 49,
       "n10": 9,
       "n11": 2,
       "phi": "0.082586613492816608577701654558377641832387780322091",
       "signe": "+"
      },
      "coinbase×bitstamp": {
       "n00": 11348,
       "n01": 38,
       "n10": 10,
       "n11": 1,
       "phi": "0.046565285901244666676038153026736933348954993697856",
       "signe": "+"
      },
      "coinbase×chainlink": {
       "n00": 11275,
       "n01": 111,
       "n10": 9,
       "n11": 2,
       "phi": "0.053928052149844252288511075438747214146975670377683",
       "signe": "+"
      },
      "coinbase×coingecko": {
       "n00": 11260,
       "n01": 126,
       "n10": 10,
       "n11": 1,
       "phi": "0.023618605334223554457539317136109423749061769151847",
       "signe": "+"
      },
      "coinbase×defillama": {
       "n00": 11162,
       "n01": 224,
       "n10": 9,
       "n11": 2,
       "phi": "0.036114780275937445887994329692400264567721017934216",
       "signe": "+"
      },
      "coinbase×gemini": {
       "n00": 11366,
       "n01": 20,
       "n10": 10,
       "n11": 1,
       "phi": "0.064552230339267286886400134106564410575578538364884",
       "signe": "+"
      },
      "coinbase×kraken": {
       "n00": 11343,
       "n01": 43,
       "n10": 8,
       "n11": 3,
       "phi": "0.13172209872357375775784626410630601331839676170687",
       "signe": "+"
      },
      "coinbase×okx_index": {
       "n00": 11380,
       "n01": 6,
       "n10": 10,
       "n11": 1,
       "phi": "0.11328009706864635614587437079232079211095798700997",
       "signe": "+"
      },
      "coinbase×okx_ticker": {
       "n00": 11380,
       "n01": 6,
       "n10": 11,
       "n11": 0,
       "phi": "-0.00071335457701893867012941982083145510480825030354907",
       "signe": "−"
      },
      "coingecko×chainlink": {
       "n00": 11265,
       "n01": 5,
       "n10": 19,
       "n11": 108,
       "phi": "0.90050568573688958017851425598407295086792191635034",
       "signe": "+"
      },
      "coingecko×defillama": {
       "n00": 11161,
       "n01": 109,
       "n10": 10,
       "n11": 117,
       "phi": "0.68637624263315669217588159026189610460545726610591",
       "signe": "+"
      },
      "defillama×chainlink": {
       "n00": 11169,
       "n01": 2,
       "n10": 115,
       "n11": 111,
       "phi": "0.69085306071775600290212293290075251678250191493954",
       "signe": "+"
      },
      "gemini×bitfinex": {
       "n00": 11327,
       "n01": 49,
       "n10": 19,
       "n11": 2,
       "phi": "0.058426367419561852755029351632573151509679517085953",
       "signe": "+"
      },
      "gemini×chainlink": {
       "n00": 11264,
       "n01": 112,
       "n10": 20,
       "n11": 1,
       "phi": "0.016350230783127545307749893597512427995965717031275",
       "signe": "+"
      },
      "gemini×coingecko": {
       "n00": 11252,
       "n01": 124,
       "n10": 18,
       "n11": 3,
       "phi": "0.053910462946709319148626866048100634426885023642487",
       "signe": "+"
      },
      "gemini×defillama": {
       "n00": 11151,
       "n01": 225,
       "n10": 20,
       "n11": 1,
       "phi": "0.0085641105211399697599621952881562384469441578084937",
       "signe": "+"
      },
      "kraken×bitfinex": {
       "n00": 11337,
       "n01": 14,
       "n10": 9,
       "n11": 37,
       "phi": "0.76289881882668900981624683512157358036892726791744",
       "signe": "+"
      },
      "kraken×bitstamp": {
       "n00": 11315,
       "n01": 36,
       "n10": 43,
       "n11": 3,
       "phi": "0.067363645624760141748502080662733651998142405470768",
       "signe": "+"
      },
      "kraken×chainlink": {
       "n00": 11276,
       "n01": 75,
       "n10": 8,
       "n11": 38,
       "phi": "0.52440082809612802272627383103142833063829644565403",
       "signe": "+"
      },
      "kraken×coingecko": {
       "n00": 11267,
       "n01": 84,
       "n10": 3,
       "n11": 43,
       "phi": "0.56013279296487986632371921960893037375107109386331",
       "signe": "+"
      },
      "kraken×defillama": {
       "n00": 11166,
       "n01": 185,
       "n10": 5,
       "n11": 41,
       "phi": "0.39793017652750947664592983145676901724051239257182",
       "signe": "+"
      },
      "kraken×gemini": {
       "n00": 11332,
       "n01": 19,
       "n10": 44,
       "n11": 2,
       "phi": "0.061803565179156826578173235019593788402337637305207",
       "signe": "+"
      },
      "kraken×okx_index": {
       "n00": 11346,
       "n01": 5,
       "n10": 44,
       "n11": 2,
       "phi": "0.11013741180224259141090573008753009065764519393477",
       "signe": "+"
      },
      "kraken×okx_ticker": {
       "n00": 11346,
       "n01": 5,
       "n10": 45,
       "n11": 1,
       "phi": "0.058869630772910075252091116622442169543890468419810",
       "signe": "+"
      },
      "okx_index×bitfinex": {
       "n00": 11341,
       "n01": 49,
       "n10": 5,
       "n11": 2,
       "phi": "0.10445937624822859669221070504887176937373061044189",
       "signe": "+"
      },
      "okx_index×bitstamp": {
       "n00": 11353,
       "n01": 37,
       "n10": 5,
       "n11": 2,
       "phi": "0.11983772419080877150103130739800435912163404578320",
       "signe": "+"
      },
      "okx_index×chainlink": {
       "n00": 11278,
       "n01": 112,
       "n10": 6,
       "n11": 1,
       "phi": "0.033263655965471867388336775715669184427826467005351",
       "signe": "+"
      },
      "okx_index×coingecko": {
       "n00": 11265,
       "n01": 125,
       "n10": 5,
       "n11": 2,
       "phi": "0.064843814835390761267291483007264167382481618955350",
       "signe": "+"
      },
      "okx_index×defillama": {
       "n00": 11165,
       "n01": 225,
       "n10": 6,
       "n11": 1,
       "phi": "0.021876567274749585572286363861836391213514947026392",
       "signe": "+"
      },
      "okx_index×gemini": {
       "n00": 11370,
       "n01": 20,
       "n10": 6,
       "n11": 1,
       "phi": "0.081514937770787415740385196663149717697841919399174",
       "signe": "+"
      },
      "okx_ticker×bitfinex": {
       "n00": 11341,
       "n01": 50,
       "n10": 5,
       "n11": 1,
       "phi": "0.055770903024889869384971176207492856753330410932031",
       "signe": "+"
      },
      "okx_ticker×bitstamp": {
       "n00": 11353,
       "n01": 38,
       "n10": 5,
       "n11": 1,
       "phi": "0.064156570103927691419063216414532383401808359731167",
       "signe": "+"
      },
      "okx_ticker×chainlink": {
       "n00": 11278,
       "n01": 113,
       "n10": 6,
       "n11": 0,
       "phi": "-0.0022966900148915489693631623844799573489623967565708",
       "signe": "−"
      },
      "okx_ticker×coingecko": {
       "n00": 11265,
       "n01": 126,
       "n10": 5,
       "n11": 1,
       "phi": "0.034002991322044814170122199836407510713516963416491",
       "signe": "+"
      },
      "okx_ticker×defillama": {
       "n00": 11165,
       "n01": 226,
       "n10": 6,
       "n11": 0,
       "phi": "-0.0032643964202086158780928399270064838827894862563422",
       "signe": "−"
      },
      "okx_ticker×gemini": {
       "n00": 11371,
       "n01": 20,
       "n10": 5,
       "n11": 1,
       "phi": "0.088206676663204124135862013650234052643508048146135",
       "signe": "+"
      },
      "okx_ticker×okx_index": {
       "n00": 11386,
       "n01": 5,
       "n10": 4,
       "n11": 2,
       "phi": "0.30821384677756653069283551877852448675999519045535",
       "signe": "+"
      }
     },
     "renvoi_m1c_clusters": "corrélations entre CLUSTERS R2 (≥2 membres, analogue L&M éq. 35, séries (Θ̂_A,j, Θ̂_B,j)) — RÉALISÉ M1c (r2.cluster_lm_correlations, bloc 5) ; requièrent la partition R2 (10 §5.5 pt 4). Ici (bloc 4) : φ par paire de FLUX, base commune.",
     "renvoi_m1c_flux_source": "agrégation d'indicatrices flux→source (ex. okx_ticker+okx_index) — RÉALISÉ M1c : les deux flux okx partagent l'hôte www.okx.com → un seul nœud de partition (r2.build_flux_hosts, bloc 5). Ici (bloc 4) : φ par paire de FLUX (10 §5.5).",
     "sum_m": 693
    }
   }
  },
  "plages": [
   [
    1790273880,
    1790435280
   ]
  ],
  "r1": {
   "A_window_stationarity": "A(window-stationarity) engagée par le test agrégé (10 §5.3 ; ancre Eckhardt & Lee TM-86369 p. fichier 2, hyp. (ii) « stationary input series ») — écrite dans chaque sortie R1 ; décharge = stratification ex ante (08)",
   "pool": [
    "binance",
    "coinbase",
    "kraken",
    "okx_ticker",
    "okx_index",
    "bitstamp",
    "gemini",
    "bitfinex",
    "coingecko",
    "defillama",
    "chainlink"
   ],
   "poolee": {
    "etiquette": "exploratoire, hors famille, hors décision",
    "motif": null,
    "numerateur": "236.77931489141074698973370238916004307092589875631",
    "strates": {
     "calme": {
      "K": 154,
      "N": 11,
      "P_more": "0.0013629504227977629135010363906355205959215005903986",
      "n": 24585,
      "pool": [
       "binance",
       "coinbase",
       "kraken",
       "okx_ticker",
       "okx_index",
       "bitstamp",
       "gemini",
       "bitfinex",
       "coingecko",
       "defillama",
       "chainlink"
      ]
     },
     "stress": {
      "K": 133,
      "N": 11,
      "P_more": "0.0014663989614904143004161900453685779659861375123928",
      "n": 11397,
      "pool": [
       "binance",
       "coinbase",
       "kraken",
       "okx_ticker",
       "okx_index",
       "bitstamp",
       "gemini",
       "bitfinex",
       "coingecko",
       "defillama",
       "chainlink"
      ]
     }
    },
    "variance": "50.150507915819141795538676919575811501998150245996",
    "z_pool": "33.435366780260737654814166344529336014557255168635"
   },
   "strates": {
    "calme": {
     "A_window_stationarity": "A(window-stationarity) engagée par le test agrégé (10 §5.3 ; ancre Eckhardt & Lee TM-86369 p. fichier 2, hyp. (ii) « stationary input series ») — écrite dans chaque sortie R1 ; décharge = stratification ex ante (08)",
     "K": 154,
     "P0": "0.94236061369788154146024296580093086828513938470018",
     "P1": "0.056276435879320695626255997808433611118939114709424",
     "P_more": "0.0013629504227977629135010363906355205959215005903986",
     "bloc": {
      "FIV": "114.67667682132543551816351669459307932477895917439",
      "FIV_motif": null,
      "FIV_serie": "25.075020282924108215938185508697612502356118056163",
      "FIV_serie_motif": null,
      "R_centrage": "4.5733433324247139833425606396397303313682246279750",
      "cv_theorique": "0.11408797792643129814123654880491384644099142081780",
      "ell": 240,
      "gamma0": "153.03534675615212527964205816554809843400447427293",
      "runs": {
       "longueur_moyenne": "1.2941176470588235294117647058823529411764705882353",
       "nombre": 119,
       "run_max": 6
      },
      "sigma2_bloc": "3837.3644239148386709307388556071047850697416032311",
      "z_bloc": "1.9450967130759827973431520036612640074344098711768",
      "z_bloc_motif": null
     },
     "decomposition_K": {
      "c": 9,
      "pt_0": 0,
      "pt_1": 1,
      "pt_2_plus": 153,
      "tous_hors_enveloppe": 0
     },
     "flag_historique_insuffisant": false,
     "gate_value": "33.462466216157713120610261901717310599417168320476",
     "n": 24585,
     "n_min_hors_enveloppe": 4,
     "per_source": {
      "binance": {
       "axes_evaluables": [
        "panne",
        "hors_enveloppe"
       ],
       "ecart": 372,
       "hors_enveloppe": 0,
       "non_eval_hors_env": 0,
       "ok_windows": 24213,
       "panne": 372,
       "pas_ecart": 24213,
       "phat": "0.015131177547284929835265405735204392922513727882855",
       "staleness": 0,
       "staleness_evaluable_windows": 0,
       "staleness_fail_open": true
      },
      "bitfinex": {
       "axes_evaluables": [
        "panne",
        "hors_enveloppe"
       ],
       "ecart": 32,
       "hors_enveloppe": 2,
       "non_eval_hors_env": 0,
       "ok_windows": 24555,
       "panne": 30,
       "pas_ecart": 24553,
       "phat": "0.0013016066707341875127110026438885499288183851942241",
       "staleness": 0,
       "staleness_evaluable_windows": 0,
       "staleness_fail_open": true
      },
      "bitstamp": {
       "axes_evaluables": [
        "panne",
        "staleness",
        "hors_enveloppe"
       ],
       "ecart": 475,
       "hors_enveloppe": 0,
       "non_eval_hors_env": 0,
       "ok_windows": 24110,
       "panne": 475,
       "pas_ecart": 24110,
       "phat": "0.019320724018710595891803945495220663005897905226764",
       "staleness": 0,
       "staleness_evaluable_windows": 24110,
       "staleness_fail_open": false
      },
      "chainlink": {
       "axes_evaluables": [
        "panne",
        "staleness",
        "hors_enveloppe"
       ],
       "ecart": 71,
       "hors_enveloppe": 2,
       "non_eval_hors_env": 0,
       "ok_windows": 24516,
       "panne": 69,
       "pas_ecart": 24514,
       "phat": "0.0028879398006914785438275371161277201545657921496848",
       "staleness": 0,
       "staleness_evaluable_windows": 24516,
       "staleness_fail_open": false
      },
      "coinbase": {
       "axes_evaluables": [
        "panne",
        "staleness",
        "hors_enveloppe"
       ],
       "ecart": 56,
       "hors_enveloppe": 0,
       "non_eval_hors_env": 0,
       "ok_windows": 24529,
       "panne": 56,
       "pas_ecart": 24529,
       "phat": "0.0022778116737848281472442546268049623754321740898922",
       "staleness": 0,
       "staleness_evaluable_windows": 24529,
       "staleness_fail_open": false
      },
      "coingecko": {
       "axes_evaluables": [
        "panne",
        "staleness",
        "hors_enveloppe"
       ],
       "ecart": 56,
       "hors_enveloppe": 0,
       "non_eval_hors_env": 0,
       "ok_windows": 24529,
       "panne": 56,
       "pas_ecart": 24529,
       "phat": "0.0022778116737848281472442546268049623754321740898922",
       "staleness": 0,
       "staleness_evaluable_windows": 24529,
       "staleness_fail_open": false
      },
      "defillama": {
       "axes_evaluables": [
        "panne",
        "staleness",
        "hors_enveloppe"
       ],
       "ecart": 159,
       "hors_enveloppe": 0,
       "non_eval_hors_env": 0,
       "ok_windows": 24427,
       "panne": 158,
       "pas_ecart": 24426,
       "phat": "0.0064673581452104942037827943868212324588163514338011",
       "staleness": 1,
       "staleness_evaluable_windows": 24427,
       "staleness_fail_open": false
      },
      "gemini": {
       "axes_evaluables": [
        "panne",
        "staleness",
        "hors_enveloppe"
       ],
       "ecart": 68,
       "hors_enveloppe": 0,
       "non_eval_hors_env": 0,
       "ok_windows": 24520,
       "panne": 65,
       "pas_ecart": 24517,
       "phat": "0.0027659141753101484645108806182631685987390685377263",
       "staleness": 3,
       "staleness_evaluable_windows": 24520,
       "staleness_fail_open": false
      },
      "kraken": {
       "axes_evaluables": [
        "panne",
        "hors_enveloppe"
       ],
       "ecart": 34,
       "hors_enveloppe": 0,
       "non_eval_hors_env": 0,
       "ok_windows": 24551,
       "panne": 34,
       "pas_ecart": 24551,
       "phat": "0.0013829570876550742322554403091315842993695342688631",
       "staleness": 0,
       "staleness_evaluable_windows": 0,
       "staleness_fail_open": true
      },
      "okx_index": {
       "axes_evaluables": [
        "panne",
        "staleness",
        "hors_enveloppe"
       ],
       "ecart": 64,
       "hors_enveloppe": 0,
       "non_eval_hors_env": 0,
       "ok_windows": 24521,
       "panne": 64,
       "pas_ecart": 24521,
       "phat": "0.0026032133414683750254220052877770998576367703884482",
       "staleness": 0,
       "staleness_evaluable_windows": 24521,
       "staleness_fail_open": false
      },
      "okx_ticker": {
       "axes_evaluables": [
        "panne",
        "staleness",
        "hors_enveloppe"
       ],
       "ecart": 64,
       "hors_enveloppe": 0,
       "non_eval_hors_env": 0,
       "ok_windows": 24521,
       "panne": 64,
       "pas_ecart": 24521,
       "phat": "0.0026032133414683750254220052877770998576367703884482",
       "staleness": 0,
       "staleness_evaluable_windows": 24521,
       "staleness_fail_open": false
      }
     },
     "queue_binomiale_P_K_ge_Kobs": null,
     "queue_exacte_applicable": false,
     "queue_note": null,
     "residu_staleness_fail_open": [
      "binance",
      "kraken",
      "bitfinex"
     ],
     "seuil_historique": "10",
     "seuil_z": "2.33",
     "z": "20.829495417808173515660354538360738280133057485734"
    },
    "stress": {
     "A_window_stationarity": "A(window-stationarity) engagée par le test agrégé (10 §5.3 ; ancre Eckhardt & Lee TM-86369 p. fichier 2, hyp. (ii) « stationary input series ») — écrite dans chaque sortie R1 ; décharge = stratification ex ante (08)",
     "K": 133,
     "P0": "0.94068072247707197570660265774160717593176388308751",
     "P1": "0.057852878561437609992981152213024246102249979400096",
     "P_more": "0.0014663989614904143004161900453685779659861375123928",
     "bloc": {
      "FIV": "266.31206692493364443057277635430175333060222847741",
      "FIV_motif": null,
      "FIV_serie": "33.809791075822184156289564915103491737231918165960",
      "FIV_serie_motif": null,
      "R_centrage": "7.8767735159232268649296718039283324323387017357003",
      "cv_theorique": "0.16756361261114975367661284639462247100481161298594",
      "ell": 240,
      "gamma0": "131.44792489251557427393173642186540317627445819075",
      "runs": {
       "longueur_moyenne": "1.0230769230769230769230769230769230769230769230769",
       "nombre": 130,
       "run_max": 2
      },
      "sigma2_bloc": "4444.2268779663177986090438425985366511755710614584",
      "z_bloc": "1.7443544612798118150330419847751992092506597257981",
      "z_bloc_motif": null
     },
     "decomposition_K": {
      "c": 0,
      "pt_0": 0,
      "pt_1": 0,
      "pt_2_plus": 133,
      "tous_hors_enveloppe": 0
     },
     "flag_historique_insuffisant": false,
     "gate_value": "16.688041699661428674928415017858500902580981925520",
     "n": 11397,
     "n_min_hors_enveloppe": 4,
     "per_source": {
      "binance": {
       "axes_evaluables": [
        "panne",
        "hors_enveloppe"
       ],
       "ecart": 46,
       "hors_enveloppe": 0,
       "non_eval_hors_env": 0,
       "ok_windows": 11351,
       "panne": 46,
       "pas_ecart": 11351,
       "phat": "0.0040361498639992980608932175133807142230411511801351",
       "staleness": 0,
       "staleness_evaluable_windows": 0,
       "staleness_fail_open": true
      },
      "bitfinex": {
       "axes_evaluables": [
        "panne",
        "hors_enveloppe"
       ],
       "ecart": 51,
       "hors_enveloppe": 0,
       "non_eval_hors_env": 0,
       "ok_windows": 11346,
       "panne": 51,
       "pas_ecart": 11346,
       "phat": "0.0044748618057383521979468281126612266385891023953672",
       "staleness": 0,
       "staleness_evaluable_windows": 0,
       "staleness_fail_open": true
      },
      "bitstamp": {
       "axes_evaluables": [
        "panne",
        "staleness",
        "hors_enveloppe"
       ],
       "ecart": 39,
       "hors_enveloppe": 0,
       "non_eval_hors_env": 0,
       "ok_windows": 11358,
       "panne": 39,
       "pas_ecart": 11358,
       "phat": "0.0034219531455646222690181626743879968412740194788102",
       "staleness": 0,
       "staleness_evaluable_windows": 11358,
       "staleness_fail_open": false
      },
      "chainlink": {
       "axes_evaluables": [
        "panne",
        "staleness",
        "hors_enveloppe"
       ],
       "ecart": 113,
       "hors_enveloppe": 0,
       "non_eval_hors_env": 0,
       "ok_windows": 11284,
       "panne": 113,
       "pas_ecart": 11284,
       "phat": "0.0099148898833026234974115995437395805913836974642450",
       "staleness": 0,
       "staleness_evaluable_windows": 11284,
       "staleness_fail_open": false
      },
      "coinbase": {
       "axes_evaluables": [
        "panne",
        "staleness",
        "hors_enveloppe"
       ],
       "ecart": 11,
       "hors_enveloppe": 0,
       "non_eval_hors_env": 0,
       "ok_windows": 11386,
       "panne": 11,
       "pas_ecart": 11386,
       "phat": "0.00096516627182591910151794331841712731420549267351057",
       "staleness": 0,
       "staleness_evaluable_windows": 11386,
       "staleness_fail_open": false
      },
      "coingecko": {
       "axes_evaluables": [
        "panne",
        "staleness",
        "hors_enveloppe"
       ],
       "ecart": 127,
       "hors_enveloppe": 0,
       "non_eval_hors_env": 1,
       "ok_windows": 11270,
       "panne": 127,
       "pas_ecart": 11269,
       "phat": "0.011143283320171975081161709221725015354917960866895",
       "staleness": 0,
       "staleness_evaluable_windows": 11270,
       "staleness_fail_open": false
      },
      "defillama": {
       "axes_evaluables": [
        "panne",
        "staleness",
        "hors_enveloppe"
       ],
       "ecart": 226,
       "hors_enveloppe": 0,
       "non_eval_hors_env": 0,
       "ok_windows": 11171,
       "panne": 226,
       "pas_ecart": 11171,
       "phat": "0.019829779766605246994823199087479161182767394928490",
       "staleness": 0,
       "staleness_evaluable_windows": 11171,
       "staleness_fail_open": false
      },
      "gemini": {
       "axes_evaluables": [
        "panne",
        "staleness",
        "hors_enveloppe"
       ],
       "ecart": 21,
       "hors_enveloppe": 0,
       "non_eval_hors_env": 0,
       "ok_windows": 11378,
       "panne": 19,
       "pas_ecart": 11376,
       "phat": "0.0018425901553040273756251645169781521453013951039747",
       "staleness": 2,
       "staleness_evaluable_windows": 11378,
       "staleness_fail_open": false
      },
      "kraken": {
       "axes_evaluables": [
        "panne",
        "hors_enveloppe"
       ],
       "ecart": 46,
       "hors_enveloppe": 0,
       "non_eval_hors_env": 0,
       "ok_windows": 11351,
       "panne": 46,
       "pas_ecart": 11351,
       "phat": "0.0040361498639992980608932175133807142230411511801351",
       "staleness": 0,
       "staleness_evaluable_windows": 0,
       "staleness_fail_open": true
      },
      "okx_index": {
       "axes_evaluables": [
        "panne",
        "staleness",
        "hors_enveloppe"
       ],
       "ecart": 7,
       "hors_enveloppe": 0,
       "non_eval_hors_env": 1,
       "ok_windows": 11390,
       "panne": 7,
       "pas_ecart": 11389,
       "phat": "0.00061419671843467579187505483899271738176713170132491",
       "staleness": 0,
       "staleness_evaluable_windows": 11390,
       "staleness_fail_open": false
      },
      "okx_ticker": {
       "axes_evaluables": [
        "panne",
        "staleness",
        "hors_enveloppe"
       ],
       "ecart": 6,
       "hors_enveloppe": 0,
       "non_eval_hors_env": 1,
       "ok_windows": 11391,
       "panne": 6,
       "pas_ecart": 11390,
       "phat": "0.00052645433008686496446433271913661489865754145827849",
       "staleness": 0,
       "staleness_evaluable_windows": 11391,
       "staleness_fail_open": false
      }
     },
     "queue_binomiale_P_K_ge_Kobs": null,
     "queue_exacte_applicable": false,
     "queue_note": null,
     "residu_staleness_fail_open": [
      "binance",
      "kraken",
      "bitfinex"
     ],
     "seuil_historique": "10",
     "seuil_z": "2.33",
     "z": "28.466243694685921454102240881955034913016073716310"
    }
   },
   "tau_observe": {
    "agregateur": {
     "N": 71395,
     "P99": "0.0029870446819581321147177994146356252452815395638463",
     "max": "0.017649908208186827670019929236496737002324764533848",
     "tau_classe": "0.026"
    },
    "oracle_chainlink": {
     "N": 35800,
     "P99": "0.0045133817598667881395689083527158792588820593853894",
     "max": "0.017842859661860400175061719273882056236385914669308",
     "tau_classe": "0.0165"
    },
    "oracle_pyth": {
     "N": 0,
     "P99": null,
     "max": null,
     "tau_classe": "0.0015"
    },
    "place_horodatee": {
     "N": 179097,
     "P99": "0.00084986241659292805372128990214331880618269790009557",
     "max": "0.0031005971796576586758169290273558058198265570013814",
     "tau_classe": "0.0045"
    },
    "sans_horodatage": {
     "N": 107367,
     "P99": "0.0016680227037502354455795456531406013037374194387754",
     "max": "0.0084293722922191923975621436933888192128120065521140",
     "tau_classe": "0.0045"
    }
   }
  },
  "r2": {
   "cluster_correlations": {
    "cluster_pairs": {},
    "convention": "corrélations Θ̂ entre clusters à ≥ 2 flux (analogue L&M éq. 35) ; singletons → φ par paire de flux (M1b, bloc 4). Signées (Cov<0 possible).",
    "n_multi_clusters": 1
   },
   "content": {
    "coab_staleness_note": "co-aberrance = |e_s(j)| > κ·MAD_j(pool) (§4.2 (2c)) ; le « ou staleness » du design est déjà porté par l'écart (ii) de R1 (§5.2) — non re-plombé ici, résidu nommé",
    "exact_copy_pairs": [],
    "grid_note": "grille §4.2 (w=1s places / 10s agrégats) REMPLACÉE par la décision budget §9 (w=60s, décision mainteneur 5 du 2026-08-05) — contenu calculé sur la grille du journal (w de run_params), sur toutes les fenêtres (hors stratification R1 §5.3)",
    "merge_criterion": "identité exacte T==1 sur ≥ N_min fenêtres communes, série non constante — SEUL critère de fusion contenu v0 (aucun seuil de corrélation sourcé : 04 §3 n'en fixe pas, le « 0,999 » de 04 §1 est un exemple ; ADR-0008 : basis:doc déclenche (b), ne fusionne pas). ρ_resid haut = corroboration publiée, désigne où mesurer.",
    "n_min": 300,
    "n_windows": 35982,
    "pairs": {
     "binance×bitfinex": {
      "basis_doc_triggered": false,
      "coaberrance": {
       "K": 853,
       "gate": "517.11819722389020333848584875389651550378765516722",
       "n": 35497,
       "note": "z co-aberrance (seuil 2.33, unilatéral)",
       "p_co": "0.014786583939138886038862371224209018451139795053432",
       "queue": null,
       "z": "14.429079500100903524459543899929332009407879515908"
      },
      "delta": {
       "best_corr": "0.59248584408301934357591621652326423884495082609291",
       "best_lag": 0,
       "n_jumps_a": 222,
       "n_jumps_b": 216,
       "note": "lag=0 (>0 : binance précède bitfinex)"
      },
      "is_peg_usdt_usd": true,
      "rho_raw": {
       "n": 34823,
       "note": "ok",
       "rho": "0.86290869656484494346260014887878920416850941711381",
       "sufficient": true
      },
      "rho_resid": {
       "n": 35497,
       "note": "ok",
       "rho": "0.27079224952721021031482948896956668650151262644655",
       "sufficient": true
      },
      "tick": {
       "T": "0.0010705130010986843958644392483871876496605346930727",
       "T_delta": "0.0010518535365021605640209233568342051398680918808278",
       "exact_copy_merge": false,
       "n_common": 35497,
       "n_shift": 35176,
       "non_constant": true,
       "sufficient": true
      }
     },
     "binance×bitstamp": {
      "basis_doc_triggered": false,
      "coaberrance": {
       "K": 0,
       "gate": "0.44154289964574224813934597152815478002144556725837",
       "n": 35106,
       "note": "garde §5.4 (n·p·(1−p) < 10) : queue exacte P(K≥K_obs|Bin(n,p_co))",
       "p_co": "0.000012577577999654010716748824759582773184434283520546",
       "queue": "1",
       "z": null
      },
      "delta": {
       "best_corr": "0.88070541738851744904993048662919991447703612620268",
       "best_lag": 0,
       "n_jumps_a": 222,
       "n_jumps_b": 226,
       "note": "lag=0 (>0 : binance précède bitstamp)"
      },
      "is_peg_usdt_usd": true,
      "rho_raw": {
       "n": 34099,
       "note": "ok",
       "rho": "0.97160355655129795201985107034641196805575423768076",
       "sufficient": true
      },
      "rho_resid": {
       "n": 35104,
       "note": "ok",
       "rho": "0.12099303662907583762176771721365013984260890228848",
       "sufficient": true
      },
      "tick": {
       "T": "0.00022788127385632085683358969976642169429727112174557",
       "T_delta": "0.00023012311586698883902888045104130709929812449660568",
       "exact_copy_merge": false,
       "n_common": 35106,
       "n_shift": 34764,
       "non_constant": true,
       "sufficient": true
      }
     },
     "binance×chainlink": {
      "basis_doc_triggered": false,
      "coaberrance": {
       "K": 237,
       "gate": "404.22217104139708827383808759704055717766954066675",
       "n": 35400,
       "note": "z co-aberrance (seuil 2.33, unilatéral)",
       "p_co": "0.011552157745220083628586932235309138497877366018705",
       "queue": null,
       "z": "-8.5523010960236378362612341874407473877763688324180"
      },
      "delta": {
       "best_corr": "0.12999527742476775244171080343465069097955654041618",
       "best_lag": 1,
       "n_jumps_a": 222,
       "n_jumps_b": 372,
       "note": "lag=1 (>0 : binance précède chainlink)"
      },
      "is_peg_usdt_usd": true,
      "rho_raw": {
       "n": 34759,
       "note": "ok",
       "rho": "0.078780351562452698182657149462386223811699678062760",
       "sufficient": true
      },
      "rho_resid": {
       "n": 35399,
       "note": "ok",
       "rho": "-0.11574551860663638750674321278364084048894047178887",
       "sufficient": true
      },
      "tick": {
       "T": "0",
       "T_delta": "0",
       "exact_copy_merge": false,
       "n_common": 35400,
       "n_shift": 35140,
       "non_constant": true,
       "sufficient": true
      }
     },
     "binance×coinbase": {
      "basis_doc_triggered": false,
      "coaberrance": {
       "K": 0,
       "gate": "0.019255662102896092430003611299210022053680762607304",
       "n": 35522,
       "note": "garde §5.4 (n·p·(1−p) < 10) : queue exacte P(K≥K_obs|Bin(n,p_co))",
       "p_co": "5.4207737573786756099331792631083209349512189483142E-7",
       "queue": "1",
       "z": null
      },
      "delta": {
       "best_corr": "0.90588341389715152526545861116897617397433824790745",
       "best_lag": 0,
       "n_jumps_a": 222,
       "n_jumps_b": 200,
       "note": "lag=0 (>0 : binance précède coinbase)"
      },
      "is_peg_usdt_usd": true,
      "rho_raw": {
       "n": 34793,
       "note": "ok",
       "rho": "0.97999519883055297147718570030848888643408985729558",
       "sufficient": true
      },
      "rho_resid": {
       "n": 35519,
       "note": "ok",
       "rho": "0.16446068743881998298988429102210886394772452627984",
       "sufficient": true
      },
      "tick": {
       "T": "0.00036597038455041945836383086537920162153031923878160",
       "T_delta": "0.00028442219630819989191956540288404107056514690406439",
       "exact_copy_merge": false,
       "n_common": 35522,
       "n_shift": 35159,
       "non_constant": true,
       "sufficient": true
      }
     },
     "binance×coingecko": {
      "basis_doc_triggered": true,
      "coaberrance": {
       "K": 51,
       "gate": "99.380278270794071028457878852811425094786635842569",
       "n": 35397,
       "note": "z co-aberrance (seuil 2.33, unilatéral)",
       "p_co": "0.0028155175640707894914064200109742976491844680155337",
       "queue": null,
       "z": "-4.8812360680083747072415197232706401531105662896079"
      },
      "delta": {
       "best_corr": "0.48716592424561043469320231555886677880051166757692",
       "best_lag": 2,
       "n_jumps_a": 222,
       "n_jumps_b": 241,
       "note": "lag=2 (>0 : binance précède coingecko)"
      },
      "is_peg_usdt_usd": true,
      "rho_raw": {
       "n": 34766,
       "note": "ok",
       "rho": "-0.0053627587142818865543954375003782455018857510069540",
       "sufficient": true
      },
      "rho_resid": {
       "n": 35397,
       "note": "ok",
       "rho": "-0.051983051785644242134415100884764806169923880628016",
       "sufficient": true
      },
      "tick": {
       "T": "0.0021188236291211119586405627595558945673362149334689",
       "T_delta": "0.0014512962067101106969067471045217836714948350929114",
       "exact_copy_merge": false,
       "n_common": 35397,
       "n_shift": 35141,
       "non_constant": true,
       "sufficient": true
      }
     },
     "binance×defillama": {
      "basis_doc_triggered": false,
      "coaberrance": {
       "K": 88,
       "gate": "171.06820405891351249983435163594270236281473778241",
       "n": 35199,
       "note": "z co-aberrance (seuil 2.33, unilatéral)",
       "p_co": "0.0048838825384546299292132511328661727189543853868939",
       "queue": null,
       "z": "-6.4153091624306948895391799610959491438528682425635"
      },
      "delta": {
       "best_corr": "0.10193761359246138340317435018324402300554106992021",
       "best_lag": 3,
       "n_jumps_a": 222,
       "n_jumps_b": 421,
       "note": "lag=3 (>0 : binance précède defillama)"
      },
      "is_peg_usdt_usd": true,
      "rho_raw": {
       "n": 34367,
       "note": "ok",
       "rho": "-0.018726429375456662066332497202710759738436142529841",
       "sufficient": true
      },
      "rho_resid": {
       "n": 35198,
       "note": "ok",
       "rho": "-0.076001783359296976372910007969870676679596011157628",
       "sufficient": true
      },
      "tick": {
       "T": "0",
       "T_delta": "0",
       "exact_copy_merge": false,
       "n_common": 35199,
       "n_shift": 34940,
       "non_constant": true,
       "sufficient": true
      }
     },
     "binance×gemini": {
      "basis_doc_triggered": false,
      "coaberrance": {
       "K": 39,
       "gate": "7.8181519748959485098122325369316544060467571726752",
       "n": 35503,
       "note": "garde §5.4 (n·p·(1−p) < 10) : queue exacte P(K≥K_obs|Bin(n,p_co))",
       "p_co": "0.00022025953797744492159071365496930660025422451727022",
       "queue": "1.6486858466973511365740083596987276293138601949893E-15",
       "z": null
      },
      "delta": {
       "best_corr": "0.70262399416098718656625697680788908355066747473277",
       "best_lag": 0,
       "n_jumps_a": 222,
       "n_jumps_b": 252,
       "note": "lag=0 (>0 : binance précède gemini)"
      },
      "is_peg_usdt_usd": true,
      "rho_raw": {
       "n": 34764,
       "note": "ok",
       "rho": "0.89820578392118838769705522469840152100227446824015",
       "sufficient": true
      },
      "rho_resid": {
       "n": 35500,
       "note": "ok",
       "rho": "0.16257801546221355400488008745487427609597476940954",
       "sufficient": true
      },
      "tick": {
       "T": "0.00030983297186153282821170041968284370334901275948511",
       "T_delta": "0.00031301576461214501166695122645267770758636389505435",
       "exact_copy_merge": false,
       "n_common": 35503,
       "n_shift": 35142,
       "non_constant": true,
       "sufficient": true
      }
     },
     "binance×kraken": {
      "basis_doc_triggered": false,
      "coaberrance": {
       "K": 0,
       "gate": "2.0778480054701962918108325459839187802384007119611",
       "n": 35501,
       "note": "garde §5.4 (n·p·(1−p) < 10) : queue exacte P(K≥K_obs|Bin(n,p_co))",
       "p_co": "0.000058532707097213561388556120711663044008896904829089",
       "queue": "1",
       "z": null
      },
      "delta": {
       "best_corr": "0.84517997073011057785939060701341304861609690507297",
       "best_lag": 0,
       "n_jumps_a": 222,
       "n_jumps_b": 220,
       "note": "lag=0 (>0 : binance précède kraken)"
      },
      "is_peg_usdt_usd": true,
      "rho_raw": {
       "n": 34821,
       "note": "ok",
       "rho": "0.95823801222773098128648627765623343523522118856142",
       "sufficient": true
      },
      "rho_resid": {
       "n": 35501,
       "note": "ok",
       "rho": "0.10099061720619774696884686430167312174802000506782",
       "sufficient": true
      },
      "tick": {
       "T": "0.00042252330920255767443170614912255992788935522943016",
       "T_delta": "0.00036960168310920308190941915673954453700281465897137",
       "exact_copy_merge": false,
       "n_common": 35501,
       "n_shift": 35173,
       "non_constant": true,
       "sufficient": true
      }
     },
     "binance×okx_index": {
      "basis_doc_triggered": false,
      "coaberrance": {
       "K": 0,
       "gate": "0.044718481604358269036481332186659684085995626369472",
       "n": 35511,
       "note": "garde §5.4 (n·p·(1−p) < 10) : queue exacte P(K≥K_obs|Bin(n,p_co))",
       "p_co": "0.0000012592869228641344530306798035002658748816080963318",
       "queue": "1",
       "z": null
      },
      "delta": {
       "best_corr": "0.90770482303210077130417272662375721391847987300272",
       "best_lag": 0,
       "n_jumps_a": 222,
       "n_jumps_b": 225,
       "note": "lag=0 (>0 : binance précède okx_index)"
      },
      "is_peg_usdt_usd": true,
      "rho_raw": {
       "n": 34775,
       "note": "ok",
       "rho": "0.98272759265638415514365505489602547142662599994728",
       "sufficient": true
      },
      "rho_resid": {
       "n": 35509,
       "note": "ok",
       "rho": "0.21039918305361096164632933525514543198159238889268",
       "sufficient": true
      },
      "tick": {
       "T": "0.00019712201852946974177015572639463828109599842302385",
       "T_delta": "0.00036981196483941626603703809063237845987540181492334",
       "exact_copy_merge": false,
       "n_common": 35511,
       "n_shift": 35153,
       "non_constant": true,
       "sufficient": true
      }
     },
     "binance×okx_ticker": {
      "basis_doc_triggered": false,
      "coaberrance": {
       "K": 1373,
       "gate": "75.211229512319180702832835519142387189907057725954",
       "n": 35512,
       "note": "z co-aberrance (seuil 2.33, unilatéral)",
       "p_co": "0.0021224149151870762341674363214784923876871943530690",
       "queue": null,
       "z": "149.62671187302560839836373605105087841098754833042"
      },
      "delta": {
       "best_corr": "0.92873413249144186073401549296886914658370491457087",
       "best_lag": 0,
       "n_jumps_a": 222,
       "n_jumps_b": 216,
       "note": "lag=0 (>0 : binance précède okx_ticker)"
      },
      "is_peg_usdt_usd": false,
      "rho_raw": {
       "n": 34783,
       "note": "ok",
       "rho": "0.97843921007684921632434345328367333095813498444038",
       "sufficient": true
      },
      "rho_resid": {
       "n": 35509,
       "note": "ok",
       "rho": "0.95074452233388418334898885125970792815759126311825",
       "sufficient": true
      },
      "tick": {
       "T": "0.0029285875197116467672899301644514530299617030862807",
       "T_delta": "0.00056882821387940841865756541524459613196814562002275",
       "exact_copy_merge": false,
       "n_common": 35512,
       "n_shift": 35160,
       "non_constant": true,
       "sufficient": true
      }
     },
     "bitfinex×chainlink": {
      "basis_doc_triggered": false,
      "coaberrance": {
       "K": 3456,
       "gate": "3400.2717655989750180528419515449845441875090797280",
       "n": 35772,
       "note": "z co-aberrance (seuil 2.33, unilatéral)",
       "p_co": "0.10636819509758331397470298084396476302904592279737",
       "queue": null,
       "z": "-5.9851141643402390272337528240947867847940491022130"
      },
      "delta": {
       "best_corr": "0.10993977975237599713172765836135634678999730217735",
       "best_lag": 1,
       "n_jumps_a": 216,
       "n_jumps_b": 372,
       "note": "lag=1 (>0 : bitfinex précède chainlink)"
      },
      "is_peg_usdt_usd": false,
      "rho_raw": {
       "n": 35424,
       "note": "ok",
       "rho": "0.10994862462363185219882468868304939367689403251341",
       "sufficient": true
      },
      "rho_resid": {
       "n": 35771,
       "note": "ok",
       "rho": "-0.020916913446002282602973777699597390619376493850421",
       "sufficient": true
      },
      "tick": {
       "T": "0.000027954825002795482500279548250027954825002795482500",
       "T_delta": "0.000028177745216827749443489531967651948491081743638874",
       "exact_copy_merge": false,
       "n_common": 35772,
       "n_shift": 35489,
       "non_constant": true,
       "sufficient": true
      }
     },
     "bitfinex×coingecko": {
      "basis_doc_triggered": false,
      "coaberrance": {
       "K": 687,
       "gate": "949.76371057926557607731462302012518346404538819699",
       "n": 35778,
       "note": "z co-aberrance (seuil 2.33, unilatéral)",
       "p_co": "0.027290814333185212762945299905500757256690042380682",
       "queue": null,
       "z": "-9.3908927510705811935498565838884586558112079131655"
      },
      "delta": {
       "best_corr": "0.45332255625288260848815908010854135953094383498833",
       "best_lag": 2,
       "n_jumps_a": 216,
       "n_jumps_b": 241,
       "note": "lag=2 (>0 : bitfinex précède coingecko)"
      },
      "is_peg_usdt_usd": false,
      "rho_raw": {
       "n": 35443,
       "note": "ok",
       "rho": "0.000090102524233597468717240209947111226977572964510834",
       "sufficient": true
      },
      "rho_resid": {
       "n": 35776,
       "note": "ok",
       "rho": "0.045665953484201672880512627930646301222723767387770",
       "sufficient": true
      },
      "tick": {
       "T": "0.0046117725976857286600704343451282911286265302699983",
       "T_delta": "0.0060565086340460294656187498239387024986619341389898",
       "exact_copy_merge": false,
       "n_common": 35778,
       "n_shift": 35499,
       "non_constant": true,
       "sufficient": true
      }
     },
     "bitfinex×defillama": {
      "basis_doc_triggered": false,
      "coaberrance": {
       "K": 1228,
       "gate": "1557.1010215561969350945033195227892197715628364030",
       "n": 35575,
       "note": "z co-aberrance (seuil 2.33, unilatéral)",
       "p_co": "0.045873948963148831391125318467956160438217833810468",
       "queue": null,
       "z": "-10.237316579416674754589351044296115348585388164516"
      },
      "delta": {
       "best_corr": "0.11257979844751510621194500167473577944942980445284",
       "best_lag": 2,
       "n_jumps_a": 216,
       "n_jumps_b": 421,
       "note": "lag=2 (>0 : bitfinex précède defillama)"
      },
      "is_peg_usdt_usd": false,
      "rho_raw": {
       "n": 35027,
       "note": "ok",
       "rho": "-0.026590422323484291554367434712931778801695085294699",
       "sufficient": true
      },
      "rho_resid": {
       "n": 35574,
       "note": "ok",
       "rho": "0.028795878976081474061842236203504162877186361102889",
       "sufficient": true
      },
      "tick": {
       "T": "0",
       "T_delta": "0",
       "exact_copy_merge": false,
       "n_common": 35575,
       "n_shift": 35293,
       "non_constant": true,
       "sufficient": true
      }
     },
     "bitstamp×bitfinex": {
      "basis_doc_triggered": false,
      "coaberrance": {
       "K": 8,
       "gate": "5.4328260596674125594247395162839992309992664092422",
       "n": 35401,
       "note": "garde §5.4 (n·p·(1−p) < 10) : queue exacte P(K≥K_obs|Bin(n,p_co))",
       "p_co": "0.00015348888636196230864900359243564426246494718892566",
       "queue": "0.18238555196902695400762238773409766180055749919831",
       "z": null
      },
      "delta": {
       "best_corr": "0.59169333302698130646642984942553769258943660481270",
       "best_lag": 0,
       "n_jumps_a": 226,
       "n_jumps_b": 216,
       "note": "lag=0 (>0 : bitstamp précède bitfinex)"
      },
      "is_peg_usdt_usd": false,
      "rho_raw": {
       "n": 34656,
       "note": "ok",
       "rho": "0.86649432123976873160174031502342317111823487621825",
       "sufficient": true
      },
      "rho_resid": {
       "n": 35401,
       "note": "ok",
       "rho": "-0.047436225026722206094804866230069645095831795268566",
       "sufficient": true
      },
      "tick": {
       "T": "0.00028247789610462981271715488263043416852631281602215",
       "T_delta": "0.00025651256911588667844724391495183263979935016815824",
       "exact_copy_merge": false,
       "n_common": 35401,
       "n_shift": 35086,
       "non_constant": true,
       "sufficient": true
      }
     },
     "bitstamp×chainlink": {
      "basis_doc_triggered": false,
      "coaberrance": {
       "K": 12,
       "gate": "12.521259431880099173841210668460055707567574564050",
       "n": 35307,
       "note": "z co-aberrance (seuil 2.33, unilatéral)",
       "p_co": "0.00035476543230412660219646333747314979911959404197478",
       "queue": null,
       "z": "-0.14856501331373727100131876696681958706142175916764"
      },
      "delta": {
       "best_corr": "0.12885728916675520466867706171328089040472723724549",
       "best_lag": 1,
       "n_jumps_a": 226,
       "n_jumps_b": 372,
       "note": "lag=1 (>0 : bitstamp précède chainlink)"
      },
      "is_peg_usdt_usd": false,
      "rho_raw": {
       "n": 34598,
       "note": "ok",
       "rho": "0.082716316851946501654591533027133391938133897623445",
       "sufficient": true
      },
      "rho_resid": {
       "n": 35307,
       "note": "ok",
       "rho": "-0.034390851348260836658378840092957087336728592765940",
       "sufficient": true
      },
      "tick": {
       "T": "0",
       "T_delta": "0.000028533926839011584774296638703418364435313587855961",
       "exact_copy_merge": false,
       "n_common": 35307,
       "n_shift": 35046,
       "non_constant": true,
       "sufficient": true
      }
     },
     "bitstamp×coingecko": {
      "basis_doc_triggered": false,
      "coaberrance": {
       "K": 4,
       "gate": "3.8013865035320828765493841574527823042882099097686",
       "n": 35302,
       "note": "garde §5.4 (n·p·(1−p) < 10) : queue exacte P(K≥K_obs|Bin(n,p_co))",
       "p_co": "0.00010769349986521441650565507746666885737840985724508",
       "queue": "0.52689134379982616107042898260513647000821590967805",
       "z": null
      },
      "delta": {
       "best_corr": "0.47071621742753025936916253518019700560204512883048",
       "best_lag": 2,
       "n_jumps_a": 226,
       "n_jumps_b": 241,
       "note": "lag=2 (>0 : bitstamp précède coingecko)"
      },
      "is_peg_usdt_usd": false,
      "rho_raw": {
       "n": 34600,
       "note": "ok",
       "rho": "0.0022215197229904746344173184455498164258992146489025",
       "sufficient": true
      },
      "rho_resid": {
       "n": 35302,
       "note": "ok",
       "rho": "-0.093288890262670912754024612688216309923542128606262",
       "sufficient": true
      },
      "tick": {
       "T": "0.00039657809755821199932015183275735085830831114384454",
       "T_delta": "0.00059910989387196165696679219445395412529955494693598",
       "exact_copy_merge": false,
       "n_common": 35302,
       "n_shift": 35052,
       "non_constant": true,
       "sufficient": true
      }
     },
     "bitstamp×defillama": {
      "basis_doc_triggered": false,
      "coaberrance": {
       "K": 4,
       "gate": "5.7899907393793751304269417537283784509750798057647",
       "n": 35101,
       "note": "garde §5.4 (n·p·(1−p) < 10) : queue exacte P(K≥K_obs|Bin(n,p_co))",
       "p_co": "0.00016497951986812261095655736456396477715982711420910",
       "queue": "0.82916655781301772393751561538757312979874995368956",
       "z": null
      },
      "delta": {
       "best_corr": "0.095885728874196126891690677705677527023957792226889",
       "best_lag": 3,
       "n_jumps_a": 226,
       "n_jumps_b": 421,
       "note": "lag=3 (>0 : bitstamp précède defillama)"
      },
      "is_peg_usdt_usd": false,
      "rho_raw": {
       "n": 34189,
       "note": "ok",
       "rho": "-0.013403349986896702237466983962177287991183259722132",
       "sufficient": true
      },
      "rho_resid": {
       "n": 35101,
       "note": "ok",
       "rho": "-0.13377938279563237212866997707855974343897808054628",
       "sufficient": true
      },
      "tick": {
       "T": "0",
       "T_delta": "0",
       "exact_copy_merge": false,
       "n_common": 35101,
       "n_shift": 34848,
       "non_constant": true,
       "sufficient": true
      }
     },
     "bitstamp×gemini": {
      "basis_doc_triggered": false,
      "coaberrance": {
       "K": 2,
       "gate": "0.11827796007203731754786674769639401012327192460356",
       "n": 35408,
       "note": "garde §5.4 (n·p·(1−p) < 10) : queue exacte P(K≥K_obs|Bin(n,p_co))",
       "p_co": "0.0000033404415717908942536288362179774487076632371381450",
       "queue": "0.0064668788129843796382979238167340865478717796780175",
       "z": null
      },
      "delta": {
       "best_corr": "0.70475908035806837805566424227818237061588489167939",
       "best_lag": 0,
       "n_jumps_a": 226,
       "n_jumps_b": 252,
       "note": "lag=0 (>0 : bitstamp précède gemini)"
      },
      "is_peg_usdt_usd": false,
      "rho_raw": {
       "n": 34597,
       "note": "ok",
       "rho": "0.90461217054946447142369670984862455009178335185890",
       "sufficient": true
      },
      "rho_resid": {
       "n": 35406,
       "note": "ok",
       "rho": "0.63092139552408437255504821536796245855076285466268",
       "sufficient": true
      },
      "tick": {
       "T": "0.00067781292363307727067329417080885675553547220967013",
       "T_delta": "0.00031381946821864658222070067328540454182357640077599",
       "exact_copy_merge": false,
       "n_common": 35408,
       "n_shift": 35052,
       "non_constant": true,
       "sufficient": true
      }
     },
     "coinbase×bitfinex": {
      "basis_doc_triggered": false,
      "coaberrance": {
       "K": 4,
       "gate": "1.3270912126119553890422832952372427630835547173611",
       "n": 35847,
       "note": "garde §5.4 (n·p·(1−p) < 10) : queue exacte P(K≥K_obs|Bin(n,p_co))",
       "p_co": "0.000037022354631419872225810645112008066250768208605714",
       "queue": "0.045848679793318151993291556395451729933058711998951",
       "z": null
      },
      "delta": {
       "best_corr": "0.58244043414025570806604438908660675495668174020500",
       "best_lag": 0,
       "n_jumps_a": 200,
       "n_jumps_b": 216,
       "note": "lag=0 (>0 : coinbase précède bitfinex)"
      },
      "is_peg_usdt_usd": false,
      "rho_raw": {
       "n": 35446,
       "note": "ok",
       "rho": "0.85218901827113920592711903054175663575025109105476",
       "sufficient": true
      },
      "rho_resid": {
       "n": 35846,
       "note": "ok",
       "rho": "-0.033812060135056701758671878647770580183477252182591",
       "sufficient": true
      },
      "tick": {
       "T": "0.00033475604653109046782157502719892878065110051050297",
       "T_delta": "0.000084495141529362061681453316434305027460920997042670",
       "exact_copy_merge": false,
       "n_common": 35847,
       "n_shift": 35505,
       "non_constant": true,
       "sufficient": true
      }
     },
     "coinbase×bitstamp": {
      "basis_doc_triggered": false,
      "coaberrance": {
       "K": 2,
       "gate": "0.016768284745493464874168868597272131753639566933048",
       "n": 35424,
       "note": "garde §5.4 (n·p·(1−p) < 10) : queue exacte P(K≥K_obs|Bin(n,p_co))",
       "p_co": "4.7335966245841320201819904377905567673562914490933E-7",
       "queue": "0.00013902220909221828337954489393886320349726067575262",
       "z": null
      },
      "delta": {
       "best_corr": "0.83836293893909404053013801711015757739564922715381",
       "best_lag": 0,
       "n_jumps_a": 200,
       "n_jumps_b": 226,
       "note": "lag=0 (>0 : coinbase précède bitstamp)"
      },
      "is_peg_usdt_usd": false,
      "rho_raw": {
       "n": 34622,
       "note": "ok",
       "rho": "0.96535413001315895270169947719502642679895570630925",
       "sufficient": true
      },
      "rho_resid": {
       "n": 35423,
       "note": "ok",
       "rho": "0.81921489570596015192714132965695234030249552212070",
       "sufficient": true
      },
      "tick": {
       "T": "0.00079042457091237579042457091237579042457091237579042",
       "T_delta": "0.00022818026240730176839703365658870507701083856246435",
       "exact_copy_merge": false,
       "n_common": 35424,
       "n_shift": 35060,
       "non_constant": true,
       "sufficient": true
      }
     },
     "coinbase×chainlink": {
      "basis_doc_triggered": false,
      "coaberrance": {
       "K": 3,
       "gate": "5.5875557952220423383751453013849197360493994780487",
       "n": 35746,
       "note": "garde §5.4 (n·p·(1−p) < 10) : queue exacte P(K≥K_obs|Bin(n,p_co))",
       "p_co": "0.00015633719785784511945123273810425860104005855747000",
       "queue": "0.91695459389975093744576004752564696849857030243055",
       "z": null
      },
      "delta": {
       "best_corr": "0.14085211905309842471781551352724461582704643134081",
       "best_lag": 1,
       "n_jumps_a": 200,
       "n_jumps_b": 372,
       "note": "lag=1 (>0 : coinbase précède chainlink)"
      },
      "is_peg_usdt_usd": false,
      "rho_raw": {
       "n": 35374,
       "note": "ok",
       "rho": "0.080783134283064661016891003778717089137782780414034",
       "sufficient": true
      },
      "rho_resid": {
       "n": 35745,
       "note": "ok",
       "rho": "-0.14310976568245662766538793987503165618521864788890",
       "sufficient": true
      },
      "tick": {
       "T": "0.000027975158059643036983158954848094891736138309181447",
       "T_delta": "0.000084597597428233038181715639275844566014325193164514",
       "exact_copy_merge": false,
       "n_common": 35746,
       "n_shift": 35462,
       "non_constant": true,
       "sufficient": true
      }
     },
     "coinbase×coingecko": {
      "basis_doc_triggered": false,
      "coaberrance": {
       "K": 0,
       "gate": "1.7604325361452963280590147006489267904607678783966",
       "n": 35744,
       "note": "garde §5.4 (n·p·(1−p) < 10) : queue exacte P(K≥K_obs|Bin(n,p_co))",
       "p_co": "0.000049253559981694156155901029823938497494167216349587",
       "queue": "1",
       "z": null
      },
      "delta": {
       "best_corr": "0.47842268867812734815409856550129375366337897979088",
       "best_lag": 2,
       "n_jumps_a": 200,
       "n_jumps_b": 241,
       "note": "lag=2 (>0 : coinbase précède coingecko)"
      },
      "is_peg_usdt_usd": false,
      "rho_raw": {
       "n": 35381,
       "note": "ok",
       "rho": "-0.0059518285112519491647266723227045821834909446842300",
       "sufficient": true
      },
      "rho_resid": {
       "n": 35743,
       "note": "ok",
       "rho": "-0.22142370702542030991908697126257949977950491249004",
       "sufficient": true
      },
      "tick": {
       "T": "0.00039167412712623097582811101163831692032229185317816",
       "T_delta": "0.00056385678037778404285311530871158725683676346208063",
       "exact_copy_merge": false,
       "n_common": 35744,
       "n_shift": 35470,
       "non_constant": true,
       "sufficient": true
      }
     },
     "coinbase×defillama": {
      "basis_doc_triggered": false,
      "coaberrance": {
       "K": 1,
       "gate": "2.6245529682723995895143200018104108432103421510472",
       "n": 35544,
       "note": "garde §5.4 (n·p·(1−p) < 10) : queue exacte P(K≥K_obs|Bin(n,p_co))",
       "p_co": "0.000073845003170932646290327948750798432177831191491050",
       "queue": "0.92754892044935933664674094953532081524940605425417",
       "z": null
      },
      "delta": {
       "best_corr": "0.10087945176256994602046449188165122595973911542163",
       "best_lag": 3,
       "n_jumps_a": 200,
       "n_jumps_b": 421,
       "note": "lag=3 (>0 : coinbase précède defillama)"
      },
      "is_peg_usdt_usd": false,
      "rho_raw": {
       "n": 34975,
       "note": "ok",
       "rho": "-0.020065681945750456019114339856790179864481984458774",
       "sufficient": true
      },
      "rho_resid": {
       "n": 35543,
       "note": "ok",
       "rho": "-0.26750449553657344896324462774343926046107655551686",
       "sufficient": true
      },
      "tick": {
       "T": "0",
       "T_delta": "0",
       "exact_copy_merge": false,
       "n_common": 35544,
       "n_shift": 35266,
       "non_constant": true,
       "sufficient": true
      }
     },
     "coinbase×gemini": {
      "basis_doc_triggered": false,
      "coaberrance": {
       "K": 1,
       "gate": "0.041179541451370403822592700024800147106413177003282",
       "n": 35843,
       "note": "garde §5.4 (n·p·(1−p) < 10) : queue exacte P(K≥K_obs|Bin(n,p_co))",
       "p_co": "0.0000011488878933711292749681646939886618106346012346222",
       "queue": "0.040343251801188769188225840499603965521012961056620",
       "z": null
      },
      "delta": {
       "best_corr": "0.69716807639954285920158006218445480958060807177699",
       "best_lag": 0,
       "n_jumps_a": 200,
       "n_jumps_b": 252,
       "note": "lag=0 (>0 : coinbase précède gemini)"
      },
      "is_peg_usdt_usd": false,
      "rho_raw": {
       "n": 35359,
       "note": "ok",
       "rho": "0.89304219944255364383656128592329281167404154922459",
       "sufficient": true
      },
      "rho_resid": {
       "n": 35841,
       "note": "ok",
       "rho": "0.62825195889869059695336439831215297795682805511593",
       "sufficient": true
      },
      "tick": {
       "T": "0.00033479340456992997237954412298077727868760985408587",
       "T_delta": "0.00025377847958493119783442364087525377847958493119783",
       "exact_copy_merge": false,
       "n_common": 35843,
       "n_shift": 35464,
       "non_constant": true,
       "sufficient": true
      }
     },
     "coinbase×kraken": {
      "basis_doc_triggered": false,
      "coaberrance": {
       "K": 0,
       "gate": "0.0095394803212816036133483126438238109545159906578634",
       "n": 35851,
       "note": "garde §5.4 (n·p·(1−p) < 10) : queue exacte P(K≥K_obs|Bin(n,p_co))",
       "p_co": "2.6608693926566622702750372091657791584480975962950E-7",
       "queue": "1",
       "z": null
      },
      "delta": {
       "best_corr": "0.83809451570268788939779550502609506644769532498814",
       "best_lag": 0,
       "n_jumps_a": 200,
       "n_jumps_b": 220,
       "note": "lag=0 (>0 : coinbase précède kraken)"
      },
      "is_peg_usdt_usd": false,
      "rho_raw": {
       "n": 35442,
       "note": "ok",
       "rho": "0.95462623205285939253777548319923093581611169651322",
       "sufficient": true
      },
      "rho_resid": {
       "n": 35851,
       "note": "ok",
       "rho": "0.80244559619406915125074533216310689212397578766196",
       "sufficient": true
      },
      "tick": {
       "T": "0.00075311706786421578198655546567738696270675852835346",
       "T_delta": "0.00030983297186153282821170041968284370334901275948511",
       "exact_copy_merge": false,
       "n_common": 35851,
       "n_shift": 35503,
       "non_constant": true,
       "sufficient": true
      }
     },
     "coinbase×okx_index": {
      "basis_doc_triggered": false,
      "coaberrance": {
       "K": 0,
       "gate": "0E-103",
       "n": 35859,
       "note": "dégénérée p_co ∈ {0,1} — sans pouvoir de test (§5.4)",
       "p_co": "0E-54",
       "queue": null,
       "z": null
      },
      "delta": {
       "best_corr": "0.87133635970410778147516926096598355313015360319498",
       "best_lag": 0,
       "n_jumps_a": 200,
       "n_jumps_b": 225,
       "note": "lag=0 (>0 : coinbase précède okx_index)"
      },
      "is_peg_usdt_usd": false,
      "rho_raw": {
       "n": 35395,
       "note": "ok",
       "rho": "0.98308637384897737251461252312173132463880924757489",
       "sufficient": true
      },
      "rho_resid": {
       "n": 35857,
       "note": "ok",
       "rho": "0.93000652996761178840945397246055758059340963780647",
       "sufficient": true
      },
      "tick": {
       "T": "0.00078083605231601550517303884659360272177138235868262",
       "T_delta": "0.00028184098531608466503198895183337560948113074603309",
       "exact_copy_merge": false,
       "n_common": 35859,
       "n_shift": 35481,
       "non_constant": true,
       "sufficient": true
      }
     },
     "coinbase×okx_ticker": {
      "basis_doc_triggered": false,
      "coaberrance": {
       "K": 0,
       "gate": "0.014557009065877883050535775189957452245903346560917",
       "n": 35859,
       "note": "garde §5.4 (n·p·(1−p) < 10) : queue exacte P(K≥K_obs|Bin(n,p_co))",
       "p_co": "4.0595150381549968896065769295002711091124920943570E-7",
       "queue": "1",
       "z": null
      },
      "delta": {
       "best_corr": "0.89636806959921694482673606979036423702088143236972",
       "best_lag": 0,
       "n_jumps_a": 200,
       "n_jumps_b": 216,
       "note": "lag=0 (>0 : coinbase précède okx_ticker)"
      },
      "is_peg_usdt_usd": true,
      "rho_raw": {
       "n": 35401,
       "note": "ok",
       "rho": "0.97968081783867238673317958762459979547722517938726",
       "sufficient": true
      },
      "rho_resid": {
       "n": 35856,
       "note": "ok",
       "rho": "0.19926855804101095856721176604183837336985359841398",
       "sufficient": true
      },
      "tick": {
       "T": "0.00030675702055272037703226526116177249783875735519674",
       "T_delta": "0.00025359970695144974499140578770886753641973569274987",
       "exact_copy_merge": false,
       "n_common": 35859,
       "n_shift": 35489,
       "non_constant": true,
       "sufficient": true
      }
     },
     "coingecko×chainlink": {
      "basis_doc_triggered": false,
      "coaberrance": {
       "K": 2917,
       "gate": "1556.1000778088319817618897630412960331846430023190",
       "n": 35736,
       "note": "z co-aberrance (seuil 2.33, unilatéral)",
       "p_co": "0.045626065038599356753395256481014993969406471024561",
       "queue": null,
       "z": "32.613196791151473439814589768850198232956261334170"
      },
      "delta": {
       "best_corr": "0.11623579431251017161064208091458856386179404659181",
       "best_lag": -1,
       "n_jumps_a": 241,
       "n_jumps_b": 372,
       "note": "lag=-1 (>0 : coingecko précède chainlink)"
      },
      "is_peg_usdt_usd": false,
      "rho_raw": {
       "n": 35371,
       "note": "ok",
       "rho": "0.10021545165486408493288054688861640013223696508338",
       "sufficient": true
      },
      "rho_resid": {
       "n": 35735,
       "note": "ok",
       "rho": "0.37694433309802397024054270210788728980522289943542",
       "sufficient": true
      },
      "tick": {
       "T": "0.000055965972688605327960599955227221849115737631520036",
       "T_delta": "0.000056393627520090229804032144367686451430988298322290",
       "exact_copy_merge": false,
       "n_common": 35736,
       "n_shift": 35465,
       "non_constant": true,
       "sufficient": true
      }
     },
     "coingecko×defillama": {
      "basis_doc_triggered": true,
      "coaberrance": {
       "K": 4200,
       "gate": "720.65501789728465604658499468082601143708655381781",
       "n": 35542,
       "note": "z co-aberrance (seuil 2.33, unilatéral)",
       "p_co": "0.020704843193219145146281888013246612366513661362205",
       "queue": null,
       "z": "129.04101608688446566129880465587776014648427587446"
      },
      "delta": {
       "best_corr": "0.11577565868780750344403584462126542162286111688263",
       "best_lag": 1,
       "n_jumps_a": 241,
       "n_jumps_b": 421,
       "note": "lag=1 (>0 : coingecko précède defillama)"
      },
      "is_peg_usdt_usd": false,
      "rho_raw": {
       "n": 34972,
       "note": "ok",
       "rho": "0.19092257676106578913146188129185647171470335839401",
       "sufficient": true
      },
      "rho_resid": {
       "n": 35541,
       "note": "ok",
       "rho": "0.78080047111808119348848007499658732880099669139451",
       "sufficient": true
      },
      "tick": {
       "T": "0",
       "T_delta": "0",
       "exact_copy_merge": false,
       "n_common": 35542,
       "n_shift": 35266,
       "non_constant": true,
       "sufficient": true
      }
     },
     "defillama×chainlink": {
      "basis_doc_triggered": false,
      "coaberrance": {
       "K": 4840,
       "gate": "2371.3444855495408045356989794891510016288385740233",
       "n": 35539,
       "note": "z co-aberrance (seuil 2.33, unilatéral)",
       "p_co": "0.071893859593117410639442809179820127403931547047285",
       "queue": null,
       "z": "46.922599221741254922874320291890166707297423308971"
      },
      "delta": {
       "best_corr": "0.092841209259819595286740644313348741248037124904084",
       "best_lag": -3,
       "n_jumps_a": 421,
       "n_jumps_b": 372,
       "note": "lag=-3 (>0 : defillama précède chainlink)"
      },
      "is_peg_usdt_usd": false,
      "rho_raw": {
       "n": 34963,
       "note": "ok",
       "rho": "0.054627856736627285742904788752977647629585767913546",
       "sufficient": true
      },
      "rho_resid": {
       "n": 35537,
       "note": "ok",
       "rho": "0.44050507522742858792713888247909276037322946982506",
       "sufficient": true
      },
      "tick": {
       "T": "0",
       "T_delta": "0",
       "exact_copy_merge": false,
       "n_common": 35539,
       "n_shift": 35258,
       "non_constant": true,
       "sufficient": true
      }
     },
     "gemini×bitfinex": {
      "basis_doc_triggered": false,
      "coaberrance": {
       "K": 91,
       "gate": "63.855480846643526253820000200739784925023553694594",
       "n": 35830,
       "note": "z co-aberrance (seuil 2.33, unilatéral)",
       "p_co": "0.0017853667374752967563436636661993260730015659116542",
       "queue": null,
       "z": "3.3826100387633213434999487435959310133999128086162"
      },
      "delta": {
       "best_corr": "0.58016920878824774741931052740525473461734548954324",
       "best_lag": 0,
       "n_jumps_a": 252,
       "n_jumps_b": 216,
       "note": "lag=0 (>0 : gemini précède bitfinex)"
      },
      "is_peg_usdt_usd": false,
      "rho_raw": {
       "n": 35412,
       "note": "ok",
       "rho": "0.83316412828057963175444055321130204847707339857744",
       "sufficient": true
      },
      "rho_resid": {
       "n": 35829,
       "note": "ok",
       "rho": "0.097097538173778172521862126179268903586721317471151",
       "sufficient": true
      },
      "tick": {
       "T": "0.00050237231370360033491487580240022327658386826681552",
       "T_delta": "0.00025363544132566790666215759215421034832600608725059",
       "exact_copy_merge": false,
       "n_common": 35830,
       "n_shift": 35484,
       "non_constant": true,
       "sufficient": true
      }
     },
     "gemini×chainlink": {
      "basis_doc_triggered": false,
      "coaberrance": {
       "K": 75,
       "gate": "69.117448637105200108128808175593712271700997211680",
       "n": 35728,
       "note": "z co-aberrance (seuil 2.33, unilatéral)",
       "p_co": "0.0019383027137015122869933932830608093514034184540848",
       "queue": null,
       "z": "0.69142827608392122748592380466815164795134344475585"
      },
      "delta": {
       "best_corr": "0.12842313858970000535844375609956230163655802186329",
       "best_lag": 1,
       "n_jumps_a": 252,
       "n_jumps_b": 372,
       "note": "lag=1 (>0 : gemini précède chainlink)"
      },
      "is_peg_usdt_usd": false,
      "rho_raw": {
       "n": 35336,
       "note": "ok",
       "rho": "0.092936146706252452594823058781958616242560601389341",
       "sufficient": true
      },
      "rho_resid": {
       "n": 35727,
       "note": "ok",
       "rho": "-0.086357980660003167334969173439956778793458511940975",
       "sufficient": true
      },
      "tick": {
       "T": "0",
       "T_delta": "0",
       "exact_copy_merge": false,
       "n_common": 35728,
       "n_shift": 35442,
       "non_constant": true,
       "sufficient": true
      }
     },
     "gemini×coingecko": {
      "basis_doc_triggered": false,
      "coaberrance": {
       "K": 44,
       "gate": "18.581442816445185429866932967943391776094705784810",
       "n": 35729,
       "note": "z co-aberrance (seuil 2.33, unilatéral)",
       "p_co": "0.00052033688208509816645793549391720973969164403109995",
       "queue": null,
       "z": "5.8944849895154196631456754620709245681000891667456"
      },
      "delta": {
       "best_corr": "0.45300660781500922913347779600326318885476961165796",
       "best_lag": 2,
       "n_jumps_a": 252,
       "n_jumps_b": 241,
       "note": "lag=2 (>0 : gemini précède coingecko)"
      },
      "is_peg_usdt_usd": false,
      "rho_raw": {
       "n": 35352,
       "note": "ok",
       "rho": "-0.0050998463843276326896619414610127917642566994016570",
       "sufficient": true
      },
      "rho_resid": {
       "n": 35728,
       "note": "ok",
       "rho": "-0.055661662755728908271118144720348261656711099679878",
       "sufficient": true
      },
      "tick": {
       "T": "0.00061574631251924207226622631475831957233619748663551",
       "T_delta": "0.00084621460002256572266726841927112715784723005754259",
       "exact_copy_merge": false,
       "n_common": 35729,
       "n_shift": 35452,
       "non_constant": true,
       "sufficient": true
      }
     },
     "gemini×defillama": {
      "basis_doc_triggered": false,
      "coaberrance": {
       "K": 45,
       "gate": "30.123568792838374527456605069456876866826909703027",
       "n": 35527,
       "note": "z co-aberrance (seuil 2.33, unilatéral)",
       "p_co": "0.00084862651404391911845497675531205092314636417074802",
       "queue": null,
       "z": "2.7058142439038514556717002369845355133721640520695"
      },
      "delta": {
       "best_corr": "0.11107614238223522253395991537597374719204453059367",
       "best_lag": 2,
       "n_jumps_a": 252,
       "n_jumps_b": 421,
       "note": "lag=2 (>0 : gemini précède defillama)"
      },
      "is_peg_usdt_usd": false,
      "rho_raw": {
       "n": 34939,
       "note": "ok",
       "rho": "-0.011512730124130871964455863405064848508413470712576",
       "sufficient": true
      },
      "rho_resid": {
       "n": 35526,
       "note": "ok",
       "rho": "-0.12443045620989899977872641926065797180258053139749",
       "sufficient": true
      },
      "tick": {
       "T": "0",
       "T_delta": "0",
       "exact_copy_merge": false,
       "n_common": 35527,
       "n_shift": 35244,
       "non_constant": true,
       "sufficient": true
      }
     },
     "kraken×bitfinex": {
      "basis_doc_triggered": false,
      "coaberrance": {
       "K": 10,
       "gate": "16.731380132230157140087501550664143420849756397625",
       "n": 35873,
       "note": "z co-aberrance (seuil 2.33, unilatéral)",
       "p_co": "0.00046662367337664207039485894406218817098959798825512",
       "queue": null,
       "z": "-1.6475624460890623352897722797681176509889145038947"
      },
      "delta": {
       "best_corr": "0.61058220816794813056863678424028923848723644171395",
       "best_lag": 0,
       "n_jumps_a": 220,
       "n_jumps_b": 216,
       "note": "lag=0 (>0 : kraken précède bitfinex)"
      },
      "is_peg_usdt_usd": false,
      "rho_raw": {
       "n": 35503,
       "note": "ok",
       "rho": "0.87703345502214742637147691587635845336265155686267",
       "sufficient": true
      },
      "rho_resid": {
       "n": 35873,
       "note": "ok",
       "rho": "0.052998809195587819959284951323270048561655730898976",
       "sufficient": true
      },
      "tick": {
       "T": "0.0010035402670532155102723496780308309870933571209545",
       "T_delta": "0.00053474430778756578762207649658045087388477667389041",
       "exact_copy_merge": false,
       "n_common": 35873,
       "n_shift": 35531,
       "non_constant": true,
       "sufficient": true
      }
     },
     "kraken×bitstamp": {
      "basis_doc_triggered": false,
      "coaberrance": {
       "K": 0,
       "gate": "0.029401771889916228816728273654114890830105623356753",
       "n": 35406,
       "note": "garde §5.4 (n·p·(1−p) < 10) : queue exacte P(K≥K_obs|Bin(n,p_co))",
       "p_co": "8.3041846878243508044476696270438931825113430137248E-7",
       "queue": "1",
       "z": null
      },
      "delta": {
       "best_corr": "0.83047591277022154128982753923079454437391893756288",
       "best_lag": 0,
       "n_jumps_a": 220,
       "n_jumps_b": 226,
       "note": "lag=0 (>0 : kraken précède bitstamp)"
      },
      "is_peg_usdt_usd": false,
      "rho_raw": {
       "n": 34654,
       "note": "ok",
       "rho": "0.95395397303001305626496235814986754436045541318185",
       "sufficient": true
      },
      "rho_resid": {
       "n": 35406,
       "note": "ok",
       "rho": "0.75901124195058896544498002649407298729911231485038",
       "sufficient": true
      },
      "tick": {
       "T": "0.0012709710218607015760040671072699542450432130147433",
       "T_delta": "0.00037053927716337931820773001938205449777676433701972",
       "exact_copy_merge": false,
       "n_common": 35406,
       "n_shift": 35084,
       "non_constant": true,
       "sufficient": true
      }
     },
     "kraken×chainlink": {
      "basis_doc_triggered": false,
      "coaberrance": {
       "K": 18,
       "gate": "17.471551283714316097731894358369617900197017018431",
       "n": 35768,
       "note": "z co-aberrance (seuil 2.33, unilatéral)",
       "p_co": "0.00048870761403254783267160554203507671721851114273494",
       "queue": null,
       "z": "0.12438246145450780035261699131740427156421367493173"
      },
      "delta": {
       "best_corr": "0.11991590386197805987245150097615431393229661536903",
       "best_lag": 1,
       "n_jumps_a": 220,
       "n_jumps_b": 372,
       "note": "lag=1 (>0 : kraken précède chainlink)"
      },
      "is_peg_usdt_usd": false,
      "rho_raw": {
       "n": 35416,
       "note": "ok",
       "rho": "0.082897925470799871778238169613769645769584266299634",
       "sufficient": true
      },
      "rho_resid": {
       "n": 35768,
       "note": "ok",
       "rho": "-0.083758559457724472570237447422380110116903746342127",
       "sufficient": true
      },
      "tick": {
       "T": "0.00019570565868933124580630731380004473272198613285618",
       "T_delta": "0.00019726089161923011892013751902158597756861861015612",
       "exact_copy_merge": false,
       "n_common": 35768,
       "n_shift": 35486,
       "non_constant": true,
       "sufficient": true
      }
     },
     "kraken×coingecko": {
      "basis_doc_triggered": false,
      "coaberrance": {
       "K": 10,
       "gate": "4.6533708037778860359837965632229672089939907713785",
       "n": 35775,
       "note": "garde §5.4 (n·p·(1−p) < 10) : queue exacte P(K≥K_obs|Bin(n,p_co))",
       "p_co": "0.00013009018142253905607148490473253470497777816844837",
       "queue": "0.020934278985704784578568398479904641673488371030380",
       "z": null
      },
      "delta": {
       "best_corr": "0.46548238222874744513278030789173470924318697682943",
       "best_lag": 2,
       "n_jumps_a": 220,
       "n_jumps_b": 241,
       "note": "lag=2 (>0 : kraken précède coingecko)"
      },
      "is_peg_usdt_usd": false,
      "rho_raw": {
       "n": 35435,
       "note": "ok",
       "rho": "0.00045104570969295466915111142515010136240391991907582",
       "sufficient": true
      },
      "rho_resid": {
       "n": 35775,
       "note": "ok",
       "rho": "-0.080691326481906937331364843811624500476518284231790",
       "sufficient": true
      },
      "tick": {
       "T": "0.0013137665967854647099930118798043326345213137665968",
       "T_delta": "0.0023947709472023440581506733532428016002704682481546",
       "exact_copy_merge": false,
       "n_common": 35775,
       "n_shift": 35494,
       "non_constant": true,
       "sufficient": true
      }
     },
     "kraken×defillama": {
      "basis_doc_triggered": false,
      "coaberrance": {
       "K": 14,
       "gate": "7.6511887243481643276469471745799903096967254750026",
       "n": 35571,
       "note": "garde §5.4 (n·p·(1−p) < 10) : queue exacte P(K≥K_obs|Bin(n,p_co))",
       "p_co": "0.00021514253674962695943502126234820013951185673551001",
       "queue": "0.024960669624530582230376683285540625312310876368215",
       "z": null
      },
      "delta": {
       "best_corr": "0.089092727324797795562771010001470153160692227904984",
       "best_lag": 3,
       "n_jumps_a": 220,
       "n_jumps_b": 421,
       "note": "lag=3 (>0 : kraken précède defillama)"
      },
      "is_peg_usdt_usd": false,
      "rho_raw": {
       "n": 35020,
       "note": "ok",
       "rho": "-0.017655182518907093139668921925511905660428033791736",
       "sufficient": true
      },
      "rho_resid": {
       "n": 35571,
       "note": "ok",
       "rho": "-0.15042902748793204743748595987396157975560857051341",
       "sufficient": true
      },
      "tick": {
       "T": "0",
       "T_delta": "0",
       "exact_copy_merge": false,
       "n_common": 35571,
       "n_shift": 35290,
       "non_constant": true,
       "sufficient": true
      }
     },
     "kraken×gemini": {
      "basis_doc_triggered": false,
      "coaberrance": {
       "K": 2,
       "gate": "0.26684700671488379443038110311181860816394100187633",
       "n": 35833,
       "note": "garde §5.4 (n·p·(1−p) < 10) : queue exacte P(K≥K_obs|Bin(n,p_co))",
       "p_co": "0.0000074470179427937854166421453883929786134783272451599",
       "queue": "0.029860796114518783712707367183909626191571511168338",
       "z": null
      },
      "delta": {
       "best_corr": "0.69730285775277362631511996057253303928229895800914",
       "best_lag": 0,
       "n_jumps_a": 220,
       "n_jumps_b": 252,
       "note": "lag=0 (>0 : kraken précède gemini)"
      },
      "is_peg_usdt_usd": false,
      "rho_raw": {
       "n": 35406,
       "note": "ok",
       "rho": "0.89309115472734475365911447454041992766938418478911",
       "sufficient": true
      },
      "rho_resid": {
       "n": 35833,
       "note": "ok",
       "rho": "0.61336754564827484477645881697250479394062499021250",
       "sufficient": true
      },
      "tick": {
       "T": "0.00047442301788853849803253983757988446404152596768342",
       "T_delta": "0.00028178539224526600541027953110910730387736699729486",
       "exact_copy_merge": false,
       "n_common": 35833,
       "n_shift": 35488,
       "non_constant": true,
       "sufficient": true
      }
     },
     "kraken×okx_index": {
      "basis_doc_triggered": false,
      "coaberrance": {
       "K": 0,
       "gate": "0.0012832672642198574645535385208958243319514541849331",
       "n": 35846,
       "note": "garde §5.4 (n·p·(1−p) < 10) : queue exacte P(K≥K_obs|Bin(n,p_co))",
       "p_co": "3.5799456289687257786521049586888438549714964884670E-8",
       "queue": "1",
       "z": null
      },
      "delta": {
       "best_corr": "0.86211039953623085516660844549985392567641755186044",
       "best_lag": 0,
       "n_jumps_a": 220,
       "n_jumps_b": 225,
       "note": "lag=0 (>0 : kraken précède okx_index)"
      },
      "is_peg_usdt_usd": false,
      "rho_raw": {
       "n": 35435,
       "note": "ok",
       "rho": "0.96651320780048420983511949439149321607485113013164",
       "sufficient": true
      },
      "rho_resid": {
       "n": 35846,
       "note": "ok",
       "rho": "0.86447147109410832701435072297747945806155853248863",
       "sufficient": true
      },
      "tick": {
       "T": "0.0064442336662389108966132901857947888188361323439156",
       "T_delta": "0.0018307796304641730509238395673726904010815682739973",
       "exact_copy_merge": false,
       "n_common": 35846,
       "n_shift": 35504,
       "non_constant": true,
       "sufficient": true
      }
     },
     "kraken×okx_ticker": {
      "basis_doc_triggered": false,
      "coaberrance": {
       "K": 2,
       "gate": "2.1839599882130333249321770498948141229055981423339",
       "n": 35846,
       "note": "garde §5.4 (n·p·(1−p) < 10) : queue exacte P(K≥K_obs|Bin(n,p_co))",
       "p_co": "0.000060929896355997936942706945504501798749907267734472",
       "queue": "0.64154434174381370796180351744421349282115761380877",
       "z": null
      },
      "delta": {
       "best_corr": "0.82464446018827737045209693481259494814599256070312",
       "best_lag": 0,
       "n_jumps_a": 220,
       "n_jumps_b": 216,
       "note": "lag=0 (>0 : kraken précède okx_ticker)"
      },
      "is_peg_usdt_usd": true,
      "rho_raw": {
       "n": 35441,
       "note": "ok",
       "rho": "0.94568604625068027080528173100350374038234098744863",
       "sufficient": true
      },
      "rho_resid": {
       "n": 35846,
       "note": "ok",
       "rho": "0.084869977896516028969757725234397362295103765494379",
       "sufficient": true
      },
      "tick": {
       "T": "0.0011158846175305473414048987334709591028287675054399",
       "T_delta": "0.0013235335529835825518853313057925713159302751260173",
       "exact_copy_merge": false,
       "n_common": 35846,
       "n_shift": 35511,
       "non_constant": true,
       "sufficient": true
      }
     },
     "okx_index×bitfinex": {
      "basis_doc_triggered": false,
      "coaberrance": {
       "K": 1,
       "gate": "0.33333953303822014172614969712915574974033979174324",
       "n": 35843,
       "note": "garde §5.4 (n·p·(1−p) < 10) : queue exacte P(K≥K_obs|Bin(n,p_co))",
       "p_co": "0.0000093000762533863499846338968589271892367630186661691",
       "queue": "0.28347646366446108064535499920978357238641581936645",
       "z": null
      },
      "delta": {
       "best_corr": "0.58531733944462512438128015010671971150758630427596",
       "best_lag": 0,
       "n_jumps_a": 225,
       "n_jumps_b": 216,
       "note": "lag=0 (>0 : okx_index précède bitfinex)"
      },
      "is_peg_usdt_usd": false,
      "rho_raw": {
       "n": 35438,
       "note": "ok",
       "rho": "0.86183581079167684166072256824663658641336426122468",
       "sufficient": true
      },
      "rho_resid": {
       "n": 35842,
       "note": "ok",
       "rho": "0.0061424582612303268540659080443877009116805330577980",
       "sufficient": true
      },
      "tick": {
       "T": "0.00075328516028234243785397427670674887704712217169322",
       "T_delta": "0.00084509422800642271613284881264260965097608383334742",
       "exact_copy_merge": false,
       "n_common": 35843,
       "n_shift": 35499,
       "non_constant": true,
       "sufficient": true
      }
     },
     "okx_index×bitstamp": {
      "basis_doc_triggered": false,
      "coaberrance": {
       "K": 0,
       "gate": "0.00025412242871644991801754751010732295092445192301895",
       "n": 35416,
       "note": "garde §5.4 (n·p·(1−p) < 10) : queue exacte P(K≥K_obs|Bin(n,p_co))",
       "p_co": "7.1753566337211708202265611522288456327067476007776E-9",
       "queue": "1",
       "z": null
      },
      "delta": {
       "best_corr": "0.90159146124052642786410864332797880866103537320517",
       "best_lag": 0,
       "n_jumps_a": 225,
       "n_jumps_b": 226,
       "note": "lag=0 (>0 : okx_index précède bitstamp)"
      },
      "is_peg_usdt_usd": false,
      "rho_raw": {
       "n": 34611,
       "note": "ok",
       "rho": "0.98240592444021359158028750591759662335850349698118",
       "sufficient": true
      },
      "rho_resid": {
       "n": 35415,
       "note": "ok",
       "rho": "0.89596129850759267463665659159781522938737836966539",
       "sufficient": true
      },
      "tick": {
       "T": "0.00067765981477298396205105037271289812514117912807770",
       "T_delta": "0.00017115472387037882245549977179370150616157005933364",
       "exact_copy_merge": false,
       "n_common": 35416,
       "n_shift": 35056,
       "non_constant": true,
       "sufficient": true
      }
     },
     "okx_index×chainlink": {
      "basis_doc_triggered": false,
      "coaberrance": {
       "K": 0,
       "gate": "0.25177484775706299838723540302749230939659504700962",
       "n": 35742,
       "note": "garde §5.4 (n·p·(1−p) < 10) : queue exacte P(K≥K_obs|Bin(n,p_co))",
       "p_co": "0.0000070442790370387424638543161873405430492087767780961",
       "queue": "1",
       "z": null
      },
      "delta": {
       "best_corr": "0.13265495406635951866038890142236636248913627889289",
       "best_lag": 1,
       "n_jumps_a": 225,
       "n_jumps_b": 372,
       "note": "lag=1 (>0 : okx_index précède chainlink)"
      },
      "is_peg_usdt_usd": false,
      "rho_raw": {
       "n": 35364,
       "note": "ok",
       "rho": "0.079358521496824434150707140719498689950734267253549",
       "sufficient": true
      },
      "rho_resid": {
       "n": 35742,
       "note": "ok",
       "rho": "-0.14201614671388598210860879479706603579672672631967",
       "sufficient": true
      },
      "tick": {
       "T": "0.000027978288847854065245369593195680152201891332326115",
       "T_delta": "0.000028203971119133574007220216606498194945848375451264",
       "exact_copy_merge": false,
       "n_common": 35742,
       "n_shift": 35456,
       "non_constant": true,
       "sufficient": true
      }
     },
     "okx_index×coingecko": {
      "basis_doc_triggered": false,
      "coaberrance": {
       "K": 0,
       "gate": "0.060768740057849995974786286944607955280713020431110",
       "n": 35742,
       "note": "garde §5.4 (n·p·(1−p) < 10) : queue exacte P(K≥K_obs|Bin(n,p_co))",
       "p_co": "0.0000017002082529667906024548921834541237362908615581759",
       "queue": "1",
       "z": null
      },
      "delta": {
       "best_corr": "0.47861910529440392240376338621149911135593217102660",
       "best_lag": 2,
       "n_jumps_a": 225,
       "n_jumps_b": 241,
       "note": "lag=2 (>0 : okx_index précède coingecko)"
      },
      "is_peg_usdt_usd": false,
      "rho_raw": {
       "n": 35377,
       "note": "ok",
       "rho": "0.00047866715725394142067406041221672464425757660789424",
       "sufficient": true
      },
      "rho_resid": {
       "n": 35740,
       "note": "ok",
       "rho": "-0.20648686400783458687734909690684647565531510591959",
       "sufficient": true
      },
      "tick": {
       "T": "0.0012870012870012870012870012870012870012870012870013",
       "T_delta": "0.0020866230543649898488608166027520866230543649898489",
       "exact_copy_merge": false,
       "n_common": 35742,
       "n_shift": 35464,
       "non_constant": true,
       "sufficient": true
      }
     },
     "okx_index×defillama": {
      "basis_doc_triggered": false,
      "coaberrance": {
       "K": 0,
       "gate": "0.10614257629192664373570042358927013342699942134985",
       "n": 35537,
       "note": "garde §5.4 (n·p·(1−p) < 10) : queue exacte P(K≥K_obs|Bin(n,p_co))",
       "p_co": "0.0000029868276253609661755161474303468729378482212327766",
       "queue": "1",
       "z": null
      },
      "delta": {
       "best_corr": "0.094800232828631916225981702653625565568342015040896",
       "best_lag": 3,
       "n_jumps_a": 225,
       "n_jumps_b": 421,
       "note": "lag=3 (>0 : okx_index précède defillama)"
      },
      "is_peg_usdt_usd": false,
      "rho_raw": {
       "n": 34959,
       "note": "ok",
       "rho": "-0.017147623602343859557483252747728108012353152934579",
       "sufficient": true
      },
      "rho_resid": {
       "n": 35537,
       "note": "ok",
       "rho": "-0.26470914858760352291190128668205607848640347486940",
       "sufficient": true
      },
      "tick": {
       "T": "0",
       "T_delta": "0",
       "exact_copy_merge": false,
       "n_common": 35537,
       "n_shift": 35258,
       "non_constant": true,
       "sufficient": true
      }
     },
     "okx_index×gemini": {
      "basis_doc_triggered": false,
      "coaberrance": {
       "K": 0,
       "gate": "0.0048553164725254782438674780778161708826481049765469",
       "n": 35837,
       "note": "garde §5.4 (n·p·(1−p) < 10) : queue exacte P(K≥K_obs|Bin(n,p_co))",
       "p_co": "1.3548335882858920223060518324183068886181317119055E-7",
       "queue": "1",
       "z": null
      },
      "delta": {
       "best_corr": "0.73185619247434796677582694767497224757267553818478",
       "best_lag": 0,
       "n_jumps_a": 225,
       "n_jumps_b": 252,
       "note": "lag=0 (>0 : okx_index précède gemini)"
      },
      "is_peg_usdt_usd": false,
      "rho_raw": {
       "n": 35349,
       "note": "ok",
       "rho": "0.90707966255064925201185147707562872027621313888278",
       "sufficient": true
      },
      "rho_resid": {
       "n": 35835,
       "note": "ok",
       "rho": "0.68370771104856424722788529865450789285288612940001",
       "sufficient": true
      },
      "tick": {
       "T": "0.00047437006445852052348131819069676591232525043948991",
       "T_delta": "0.00022561904224716566078176998138642901460883298550398",
       "exact_copy_merge": false,
       "n_common": 35837,
       "n_shift": 35458,
       "non_constant": true,
       "sufficient": true
      }
     },
     "okx_ticker×bitfinex": {
      "basis_doc_triggered": false,
      "coaberrance": {
       "K": 831,
       "gate": "556.79654336583512010392186044970462370957516992153",
       "n": 35843,
       "note": "z co-aberrance (seuil 2.33, unilatéral)",
       "p_co": "0.015783434333201878815602348117937037999612630185101",
       "queue": null,
       "z": "11.242088903748372675653021353379161805519643239952"
      },
      "delta": {
       "best_corr": "0.58820615620065349355737537837584671117082989177978",
       "best_lag": 0,
       "n_jumps_a": 216,
       "n_jumps_b": 216,
       "note": "lag=0 (>0 : okx_ticker précède bitfinex)"
      },
      "is_peg_usdt_usd": true,
      "rho_raw": {
       "n": 35443,
       "note": "ok",
       "rho": "0.84610061403999947776120195592420274836648911089048",
       "sufficient": true
      },
      "rho_resid": {
       "n": 35842,
       "note": "ok",
       "rho": "0.24950207171263866459847642778768165229517704901433",
       "sufficient": true
      },
      "tick": {
       "T": "0.00066958680913985994475908824596155455737521970817175",
       "T_delta": "0.00067611347437811646054596163056032904189086401667747",
       "exact_copy_merge": false,
       "n_common": 35843,
       "n_shift": 35497,
       "non_constant": true,
       "sufficient": true
      }
     },
     "okx_ticker×bitstamp": {
      "basis_doc_triggered": false,
      "coaberrance": {
       "K": 1,
       "gate": "0.45597447712678903813870641574508562183993878609518",
       "n": 35416,
       "note": "garde §5.4 (n·p·(1−p) < 10) : queue exacte P(K≥K_obs|Bin(n,p_co))",
       "p_co": "0.000012874981586440354175093192894149292013620140778329",
       "queue": "0.36617556751167804810674368959456508115862882326397",
       "z": null
      },
      "delta": {
       "best_corr": "0.88597119624454942622089979350258775967768044262365",
       "best_lag": 0,
       "n_jumps_a": 216,
       "n_jumps_b": 226,
       "note": "lag=0 (>0 : okx_ticker précède bitstamp)"
      },
      "is_peg_usdt_usd": true,
      "rho_raw": {
       "n": 34619,
       "note": "ok",
       "rho": "0.96812989760239588717341473242062803924396872775537",
       "sufficient": true
      },
      "rho_resid": {
       "n": 35414,
       "note": "ok",
       "rho": "0.14997915927075341882650914739650903879870251852522",
       "sufficient": true
      },
      "tick": {
       "T": "0.00014117912807770499209396882764852044273774565168286",
       "T_delta": "0.00019966911974442352672713788578926350618974271207713",
       "exact_copy_merge": false,
       "n_common": 35416,
       "n_shift": 35058,
       "non_constant": true,
       "sufficient": true
      }
     },
     "okx_ticker×chainlink": {
      "basis_doc_triggered": false,
      "coaberrance": {
       "K": 283,
       "gate": "428.19857756920040980396125491213713686503504409695",
       "n": 35742,
       "note": "z co-aberrance (seuil 2.33, unilatéral)",
       "p_co": "0.012127335760109770955615449853138797822071427840308",
       "queue": null,
       "z": "-7.2708417523375743566547499002132244843507698385005"
      },
      "delta": {
       "best_corr": "0.13227313914444391941939814557847271584789069968170",
       "best_lag": 1,
       "n_jumps_a": 216,
       "n_jumps_b": 372,
       "note": "lag=1 (>0 : okx_ticker précède chainlink)"
      },
      "is_peg_usdt_usd": true,
      "rho_raw": {
       "n": 35372,
       "note": "ok",
       "rho": "0.079083817649849733547311453440939968480279336505421",
       "sufficient": true
      },
      "rho_resid": {
       "n": 35742,
       "note": "ok",
       "rho": "-0.10059921872089141283706548590391162792703155629267",
       "sufficient": true
      },
      "tick": {
       "T": "0",
       "T_delta": "0",
       "exact_copy_merge": false,
       "n_common": 35742,
       "n_shift": 35455,
       "non_constant": true,
       "sufficient": true
      }
     },
     "okx_ticker×coingecko": {
      "basis_doc_triggered": false,
      "coaberrance": {
       "K": 50,
       "gate": "104.87778028515739569052067250139535725581711062462",
       "n": 35742,
       "note": "z co-aberrance (seuil 2.33, unilatéral)",
       "p_co": "0.0029429618550200109344995522017804900201204147602612",
       "queue": null,
       "z": "-5.3888703975277923103695220431880655173128885625211"
      },
      "delta": {
       "best_corr": "0.47554398867103639018670597418156427515924403323648",
       "best_lag": 2,
       "n_jumps_a": 216,
       "n_jumps_b": 241,
       "note": "lag=2 (>0 : okx_ticker précède coingecko)"
      },
      "is_peg_usdt_usd": true,
      "rho_raw": {
       "n": 35382,
       "note": "ok",
       "rho": "-0.0027202983704506763980499813917589738246459822931209",
       "sufficient": true
      },
      "rho_resid": {
       "n": 35740,
       "note": "ok",
       "rho": "-0.064718648375264692486452163399901639694592438728318",
       "sufficient": true
      },
      "tick": {
       "T": "0.0010631749762184544793240445414358457836718706283924",
       "T_delta": "0.0014099599571372173030285939879307427669054198860752",
       "exact_copy_merge": false,
       "n_common": 35742,
       "n_shift": 35462,
       "non_constant": true,
       "sufficient": true
      }
     },
     "okx_ticker×defillama": {
      "basis_doc_triggered": false,
      "coaberrance": {
       "K": 93,
       "gate": "180.91728231263426846937766770803224353981297247126",
       "n": 35538,
       "note": "z co-aberrance (seuil 2.33, unilatéral)",
       "p_co": "0.0051169957995563280837075217082086145643055526773724",
       "queue": null,
       "z": "-6.6055142662768307858960515210588527942702869161287"
      },
      "delta": {
       "best_corr": "0.097317707695687058452689541540701500077377001718678",
       "best_lag": 2,
       "n_jumps_a": 216,
       "n_jumps_b": 421,
       "note": "lag=2 (>0 : okx_ticker précède defillama)"
      },
      "is_peg_usdt_usd": true,
      "rho_raw": {
       "n": 34966,
       "note": "ok",
       "rho": "-0.017669420325276108517901555631451009814274383718798",
       "sufficient": true
      },
      "rho_resid": {
       "n": 35538,
       "note": "ok",
       "rho": "-0.079334294991285792918814053538016115266597504803351",
       "sufficient": true
      },
      "tick": {
       "T": "0",
       "T_delta": "0",
       "exact_copy_merge": false,
       "n_common": 35538,
       "n_shift": 35256,
       "non_constant": true,
       "sufficient": true
      }
     },
     "okx_ticker×gemini": {
      "basis_doc_triggered": false,
      "coaberrance": {
       "K": 35,
       "gate": "8.2368125147532836178935307496547303295647589056609",
       "n": 35839,
       "note": "garde §5.4 (n·p·(1−p) < 10) : queue exacte P(K≥K_obs|Bin(n,p_co))",
       "p_co": "0.00022988103566286926176562725642933249814102348049090",
       "queue": "3.7191972598702666662747900014241000874363013573982E-12",
       "z": null
      },
      "delta": {
       "best_corr": "0.69947759745076895326041809631380789733112492650288",
       "best_lag": 0,
       "n_jumps_a": 216,
       "n_jumps_b": 252,
       "note": "lag=0 (>0 : okx_ticker précède gemini)"
      },
      "is_peg_usdt_usd": true,
      "rho_raw": {
       "n": 35358,
       "note": "ok",
       "rho": "0.89351974281045429704247157588744259595711149047909",
       "sufficient": true
      },
      "rho_resid": {
       "n": 35836,
       "note": "ok",
       "rho": "0.17886473930301625711774249809317887784543509782447",
       "sufficient": true
      },
      "tick": {
       "T": "0.00013951282122827087809369681073690672172772677809091",
       "T_delta": "0.00022562540542065036523112502467777871788363369715430",
       "exact_copy_merge": false,
       "n_common": 35839,
       "n_shift": 35457,
       "non_constant": true,
       "sufficient": true
      }
     },
     "okx_ticker×okx_index": {
      "basis_doc_triggered": false,
      "coaberrance": {
       "K": 0,
       "gate": "0.047223399028342794664556101739644609872246109992613",
       "n": 35872,
       "note": "garde §5.4 (n·p·(1−p) < 10) : queue exacte P(K≥K_obs|Bin(n,p_co))",
       "p_co": "0.0000013164434989786263539069630865139685876873347280568",
       "queue": "1",
       "z": null
      },
      "delta": {
       "best_corr": "0.92489652805678910244505494963141494273395430211910",
       "best_lag": 0,
       "n_jumps_a": 216,
       "n_jumps_b": 225,
       "note": "lag=0 (>0 : okx_ticker précède okx_index)"
      },
      "is_peg_usdt_usd": true,
      "rho_raw": {
       "n": 35418,
       "note": "ok",
       "rho": "0.98697187969312152661602282174435069309669831835213",
       "sufficient": true
      },
      "rho_resid": {
       "n": 35868,
       "note": "ok",
       "rho": "0.27077434464085986669907794311087122460304051043651",
       "sufficient": true
      },
      "tick": {
       "T": "0.0014774754683318465655664585191793041926851025869759",
       "T_delta": "0.0015219842164599774520856820744081172491544532130778",
       "exact_copy_merge": false,
       "n_common": 35872,
       "n_shift": 35480,
       "non_constant": true,
       "sufficient": true
      }
     }
    },
    "peg_pairs": [
     "binance×coinbase",
     "binance×kraken",
     "binance×okx_index",
     "binance×bitstamp",
     "binance×gemini",
     "binance×bitfinex",
     "binance×coingecko",
     "binance×defillama",
     "binance×chainlink",
     "coinbase×okx_ticker",
     "kraken×okx_ticker",
     "okx_ticker×okx_index",
     "okx_ticker×bitstamp",
     "okx_ticker×gemini",
     "okx_ticker×bitfinex",
     "okx_ticker×coingecko",
     "okx_ticker×defillama",
     "okx_ticker×chainlink"
    ]
   },
   "drapeau_2": {
    "etat": "eteint",
    "k_eff": 4,
    "k_nominal": 10,
    "k_nominal_strates": {
     "calme": 11,
     "stress": 11
    },
    "localisation_inter_clusters": null,
    "r1_discrimine": "FAUX",
    "raison": "« R1 discrimine » FAUX : le modèle d'indépendance n'est rejeté dans aucune strate testée (bloc 3)",
    "rejette": []
   },
   "method_edges": [
    {
     "basis": "doc",
     "doc_fetched": "2026-08-05",
     "doc_url": "coingecko.com/en/methodology",
     "estimator": "filtre d'outliers par bornes MAD, puis VWAP des tickers restants",
     "kind": "estimator",
     "node": "coingecko",
     "panel_declared": "familles BTC/USD, USDT, USDC, EUR"
    },
    {
     "basis": "doc",
     "doc_fetched": "2026-08-05",
     "doc_url": "coingecko.com/en/exchanges/binance",
     "from": "binance",
     "kind": "upstream",
     "relation": "intégration (table des marchés spot, 1372 paires au 2026-08-05 — chiffre daté) ; granularité « intégration », pas « ticker-set » (§3.2)",
     "to": "coingecko"
    },
    {
     "basis": "doc",
     "doc_fetched": "2026-08-05",
     "doc_url": "docs.pyth.network/price-feeds/how-pyth-works/price-aggregation",
     "estimator": "médiane non pondérée des votes des publishers (p, p+c, p−c) ; « a hybrid between a mean and a median » (PAS « médiane pondérée par la confiance », formulation inexacte à ne pas réintroduire, §4.3)",
     "kind": "estimator",
     "node": "pyth",
     "panel_declared": "publishers déclarés"
    },
    {
     "basis": "doc",
     "doc_fetched": "2026-08-05",
     "doc_url": "pyth.network/publishers",
     "from": "coinbase",
     "kind": "upstream",
     "relation": "Coinbase nommé publisher au NIVEAU RÉSEAU ; l'attribution au feed BTC/USD précis N'EST PAS établie (dette 10 §10.3) ; granularité « réseau »",
     "to": "pyth"
    },
    {
     "basis": "doc",
     "doc_fetched": "2026-08-05",
     "doc_url": "docs.llama.fi/llms-full.txt",
     "from": "coingecko",
     "kind": "upstream",
     "relation": "« Almost all tokens are priced using CoinGecko's API » ; BTC majeur → coins.llama.fi n'est PAS un chemin d'amont distinct de coingecko",
     "to": "defillama"
    }
   ],
   "partition": {
    "asn_divergences": [],
    "asn_measured": true,
    "asn_states": {
     "api-pub.bitfinex.com": {
      "asn": 13335,
      "attributed": true,
      "holder": "CLOUDFLARENET - Cloudflare, Inc.",
      "kind": "concordant",
      "reason": "AS13335 cross-confirmé (RIPEstat=Cymru)"
     },
     "api.binance.com": {
      "asn": 16509,
      "attributed": true,
      "holder": "AMAZON-02 - Amazon.com, Inc.",
      "kind": "concordant",
      "reason": "AS16509 cross-confirmé (RIPEstat=Cymru)"
     },
     "api.coingecko.com": {
      "asn": 13335,
      "attributed": true,
      "holder": "CLOUDFLARENET - Cloudflare, Inc.",
      "kind": "concordant",
      "reason": "AS13335 cross-confirmé (RIPEstat=Cymru)"
     },
     "api.exchange.coinbase.com": {
      "asn": 13335,
      "attributed": true,
      "holder": "CLOUDFLARENET - Cloudflare, Inc.",
      "kind": "concordant",
      "reason": "AS13335 cross-confirmé (RIPEstat=Cymru)"
     },
     "api.gemini.com": {
      "asn": 14618,
      "attributed": true,
      "holder": "AMAZON-AES - Amazon.com, Inc.",
      "kind": "concordant",
      "reason": "AS14618 cross-confirmé (RIPEstat=Cymru)"
     },
     "api.kraken.com": {
      "asn": 13335,
      "attributed": true,
      "holder": "CLOUDFLARENET - Cloudflare, Inc.",
      "kind": "concordant",
      "reason": "AS13335 cross-confirmé (RIPEstat=Cymru)"
     },
     "coins.llama.fi": {
      "asn": 13335,
      "attributed": true,
      "holder": "CLOUDFLARENET - Cloudflare, Inc.",
      "kind": "concordant",
      "reason": "AS13335 cross-confirmé (RIPEstat=Cymru)"
     },
     "ethereum-rpc.publicnode.com": {
      "asn": 13335,
      "attributed": true,
      "holder": "CLOUDFLARENET - Cloudflare, Inc.",
      "kind": "concordant",
      "reason": "AS13335 cross-confirmé (RIPEstat=Cymru)"
     },
     "www.bitstamp.net": {
      "asn": 19551,
      "attributed": true,
      "holder": "INCAPSULA - Incapsula Inc",
      "kind": "concordant",
      "reason": "AS19551 cross-confirmé (RIPEstat=Cymru)"
     },
     "www.okx.com": {
      "asn": 13335,
      "attributed": true,
      "holder": "CLOUDFLARENET - Cloudflare, Inc.",
      "kind": "concordant",
      "reason": "AS13335 cross-confirmé (RIPEstat=Cymru)"
     }
    },
    "attribution_by_host": {
     "api-pub.bitfinex.com": {
      "asn_cymru": 13335,
      "asn_ripestat": 13335,
      "cname_chain": [],
      "flux": [
       "bitfinex"
      ],
      "holder": "CLOUDFLARENET - Cloudflare, Inc.",
      "host": "api-pub.bitfinex.com",
      "ip": "104.16.168.90",
      "ip_secondary": [
       "104.16.164.90",
       "104.16.167.90",
       "104.16.165.90",
       "104.16.166.90"
      ],
      "prefix": "104.16.160.0/20",
      "record": "asn_attribution",
      "resolver": "cloudflare-dns.com",
      "resolvers": [
       "cloudflare-dns.com"
      ],
      "status": "ok",
      "ts": 1790558275.4337332
     },
     "api.binance.com": {
      "asn_cymru": 16509,
      "asn_ripestat": 16509,
      "cname_chain": [
       "d3h36i1mno13q3.cloudfront.net."
      ],
      "flux": [
       "binance"
      ],
      "holder": "AMAZON-02 - Amazon.com, Inc.",
      "host": "api.binance.com",
      "ip": "108.157.106.107",
      "ip_secondary": [],
      "prefix": "108.157.104.0/21",
      "record": "asn_attribution",
      "resolver": "cloudflare-dns.com",
      "resolvers": [
       "cloudflare-dns.com"
      ],
      "status": "ok",
      "ts": 1790558276.0822508
     },
     "api.coingecko.com": {
      "asn_cymru": 13335,
      "asn_ripestat": 13335,
      "cname_chain": [],
      "flux": [
       "coingecko"
      ],
      "holder": "CLOUDFLARENET - Cloudflare, Inc.",
      "host": "api.coingecko.com",
      "ip": "104.20.41.132",
      "ip_secondary": [
       "172.66.172.219"
      ],
      "prefix": "104.20.32.0/20",
      "record": "asn_attribution",
      "resolver": "cloudflare-dns.com",
      "resolvers": [
       "cloudflare-dns.com"
      ],
      "status": "ok",
      "ts": 1790558277.4478488
     },
     "api.exchange.coinbase.com": {
      "asn_cymru": 13335,
      "asn_ripestat": 13335,
      "cname_chain": [],
      "flux": [
       "coinbase"
      ],
      "holder": "CLOUDFLARENET - Cloudflare, Inc.",
      "host": "api.exchange.coinbase.com",
      "ip": "104.18.36.178",
      "ip_secondary": [
       "172.64.151.78"
      ],
      "prefix": "104.18.36.0/24",
      "record": "asn_attribution",
      "resolver": "cloudflare-dns.com",
      "resolvers": [
       "cloudflare-dns.com"
      ],
      "status": "ok",
      "ts": 1790558278.0284057
     },
     "api.gemini.com": {
      "asn_cymru": 14618,
      "asn_ripestat": 14618,
      "cname_chain": [
       "prod-dc-alb-backup-2004476785.us-east-1.elb.amazonaws.com."
      ],
      "flux": [
       "gemini"
      ],
      "holder": "AMAZON-AES - Amazon.com, Inc.",
      "host": "api.gemini.com",
      "ip": "98.89.170.249",
      "ip_secondary": [
       "52.21.199.80",
       "184.194.52.144",
       "52.45.219.153",
       "44.194.176.85",
       "32.193.184.248"
      ],
      "prefix": "98.88.0.0/13",
      "record": "asn_attribution",
      "resolver": "cloudflare-dns.com",
      "resolvers": [
       "cloudflare-dns.com"
      ],
      "status": "ok",
      "ts": 1790558278.612014
     },
     "api.kraken.com": {
      "asn_cymru": 13335,
      "asn_ripestat": 13335,
      "cname_chain": [],
      "flux": [
       "kraken"
      ],
      "holder": "CLOUDFLARENET - Cloudflare, Inc.",
      "host": "api.kraken.com",
      "ip": "104.17.189.205",
      "ip_secondary": [
       "104.17.185.205",
       "104.17.188.205",
       "104.17.186.205",
       "104.17.187.205"
      ],
      "prefix": "104.17.176.0/20",
      "record": "asn_attribution",
      "resolver": "cloudflare-dns.com",
      "resolvers": [
       "cloudflare-dns.com"
      ],
      "status": "ok",
      "ts": 1790558279.2894733
     },
     "coins.llama.fi": {
      "asn_cymru": 13335,
      "asn_ripestat": 13335,
      "cname_chain": [],
      "flux": [
       "defillama"
      ],
      "holder": "CLOUDFLARENET - Cloudflare, Inc.",
      "host": "coins.llama.fi",
      "ip": "104.20.34.56",
      "ip_secondary": [
       "172.66.169.196"
      ],
      "prefix": "104.20.32.0/20",
      "record": "asn_attribution",
      "resolver": "cloudflare-dns.com",
      "resolvers": [
       "cloudflare-dns.com"
      ],
      "status": "ok",
      "ts": 1790558279.9134562
     },
     "ethereum-rpc.publicnode.com": {
      "asn_cymru": 13335,
      "asn_ripestat": 13335,
      "cname_chain": [],
      "flux": [
       "chainlink"
      ],
      "holder": "CLOUDFLARENET - Cloudflare, Inc.",
      "host": "ethereum-rpc.publicnode.com",
      "ip": "104.20.24.117",
      "ip_secondary": [
       "172.66.150.162"
      ],
      "prefix": "104.20.16.0/20",
      "record": "asn_attribution",
      "resolver": "cloudflare-dns.com",
      "resolvers": [
       "cloudflare-dns.com"
      ],
      "status": "ok",
      "ts": 1790558280.4801862
     },
     "hermes.pyth.network": {
      "asn_cymru": 13335,
      "asn_ripestat": 13335,
      "cname_chain": [],
      "flux": [
       "pyth"
      ],
      "holder": "CLOUDFLARENET - Cloudflare, Inc.",
      "host": "hermes.pyth.network",
      "ip": "104.20.36.70",
      "ip_secondary": [
       "172.66.151.6"
      ],
      "prefix": "104.20.32.0/20",
      "record": "asn_attribution",
      "resolver": "cloudflare-dns.com",
      "resolvers": [
       "cloudflare-dns.com"
      ],
      "status": "ok",
      "ts": 1790558281.1084282
     },
     "www.bitstamp.net": {
      "asn_cymru": 19551,
      "asn_ripestat": 19551,
      "cname_chain": [
       "qgjb4.x.incapdns.net."
      ],
      "flux": [
       "bitstamp"
      ],
      "holder": "INCAPSULA - Incapsula Inc",
      "host": "www.bitstamp.net",
      "ip": "107.154.132.13",
      "ip_secondary": [],
      "prefix": "107.154.132.0/24",
      "record": "asn_attribution",
      "resolver": "cloudflare-dns.com",
      "resolvers": [
       "cloudflare-dns.com"
      ],
      "status": "ok",
      "ts": 1790558281.706709
     },
     "www.okx.com": {
      "asn_cymru": 13335,
      "asn_ripestat": 13335,
      "cname_chain": [
       "www.okx.com.cdn.cloudflare.net."
      ],
      "flux": [
       "okx_index",
       "okx_ticker"
      ],
      "holder": "CLOUDFLARENET - Cloudflare, Inc.",
      "host": "www.okx.com",
      "ip": "104.18.43.174",
      "ip_secondary": [
       "172.64.144.82"
      ],
      "prefix": "104.18.43.0/24",
      "record": "asn_attribution",
      "resolver": "cloudflare-dns.com",
      "resolvers": [
       "cloudflare-dns.com"
      ],
      "status": "ok",
      "ts": 1790558282.5194278
     }
    },
    "clusters": [
     {
      "asns": [
       13335
      ],
      "caveats": [
       "chemin de LECTURE ≠ amont (§3.2) : l'ASN mesuré est celui du fournisseur RPC (ethereum-rpc.publicnode.com), une infrastructure de lecture, pas l'amont du feed"
      ],
      "declared_upstreams": [
       {
        "basis": "doc",
        "doc_fetched": "2026-08-05",
        "doc_url": "coingecko.com/en/exchanges/binance",
        "from": "binance",
        "kind": "upstream",
        "relation": "intégration (table des marchés spot, 1372 paires au 2026-08-05 — chiffre daté) ; granularité « intégration », pas « ticker-set » (§3.2)",
        "to": "coingecko"
       },
       {
        "basis": "doc",
        "doc_fetched": "2026-08-05",
        "doc_url": "pyth.network/publishers",
        "from": "coinbase",
        "kind": "upstream",
        "relation": "Coinbase nommé publisher au NIVEAU RÉSEAU ; l'attribution au feed BTC/USD précis N'EST PAS établie (dette 10 §10.3) ; granularité « réseau »",
        "to": "pyth"
       },
       {
        "basis": "doc",
        "doc_fetched": "2026-08-05",
        "doc_url": "docs.llama.fi/llms-full.txt",
        "from": "coingecko",
        "kind": "upstream",
        "relation": "« Almost all tokens are priced using CoinGecko's API » ; BTC majeur → coins.llama.fi n'est PAS un chemin d'amont distinct de coingecko",
        "to": "defillama"
       }
      ],
      "flux": [
       "bitfinex",
       "chainlink",
       "coinbase",
       "coingecko",
       "defillama",
       "kraken",
       "okx_index",
       "okx_ticker"
      ],
      "holders": [
       "CLOUDFLARENET - Cloudflare, Inc."
      ],
      "hosts": [
       "api-pub.bitfinex.com",
       "api.coingecko.com",
       "api.exchange.coinbase.com",
       "api.kraken.com",
       "coins.llama.fi",
       "ethereum-rpc.publicnode.com",
       "www.okx.com"
      ],
      "merge_axes": [
       "asn_measured"
      ],
      "n_members_flux": 8,
      "name": "{api-pub.bitfinex.com, api.coingecko.com, api.exchange.coinbase.com, api.kraken.com, coins.llama.fi, ethereum-rpc.publicnode.com, www.okx.com} via AS13335 CLOUDFLARENET - Cloudflare, Inc. [fusion ASN partagé AS13335 CLOUDFLARENET - Cloudflare, Inc. — côté livraison (§4.1, résidu 1)]"
     },
     {
      "asns": [
       16509
      ],
      "caveats": [],
      "declared_upstreams": [
       {
        "basis": "doc",
        "doc_fetched": "2026-08-05",
        "doc_url": "coingecko.com/en/exchanges/binance",
        "from": "binance",
        "kind": "upstream",
        "relation": "intégration (table des marchés spot, 1372 paires au 2026-08-05 — chiffre daté) ; granularité « intégration », pas « ticker-set » (§3.2)",
        "to": "coingecko"
       }
      ],
      "flux": [
       "binance"
      ],
      "holders": [
       "AMAZON-02 - Amazon.com, Inc."
      ],
      "hosts": [
       "api.binance.com"
      ],
      "merge_axes": [],
      "n_members_flux": 1,
      "name": "{api.binance.com} via AS16509 AMAZON-02 - Amazon.com, Inc."
     },
     {
      "asns": [
       14618
      ],
      "caveats": [],
      "declared_upstreams": [],
      "flux": [
       "gemini"
      ],
      "holders": [
       "AMAZON-AES - Amazon.com, Inc."
      ],
      "hosts": [
       "api.gemini.com"
      ],
      "merge_axes": [],
      "n_members_flux": 1,
      "name": "{api.gemini.com} via AS14618 AMAZON-AES - Amazon.com, Inc."
     },
     {
      "asns": [
       19551
      ],
      "caveats": [],
      "declared_upstreams": [],
      "flux": [
       "bitstamp"
      ],
      "holders": [
       "INCAPSULA - Incapsula Inc"
      ],
      "hosts": [
       "www.bitstamp.net"
      ],
      "merge_axes": [],
      "n_members_flux": 1,
      "name": "{www.bitstamp.net} via AS19551 INCAPSULA - Incapsula Inc"
     }
    ],
    "flux_by_host": {
     "api-pub.bitfinex.com": [
      "bitfinex"
     ],
     "api.binance.com": [
      "binance"
     ],
     "api.coingecko.com": [
      "coingecko"
     ],
     "api.exchange.coinbase.com": [
      "coinbase"
     ],
     "api.gemini.com": [
      "gemini"
     ],
     "api.kraken.com": [
      "kraken"
     ],
     "coins.llama.fi": [
      "defillama"
     ],
     "ethereum-rpc.publicnode.com": [
      "chainlink"
     ],
     "www.bitstamp.net": [
      "bitstamp"
     ],
     "www.okx.com": [
      "okx_index",
      "okx_ticker"
     ]
    },
    "hosts": [
     "api-pub.bitfinex.com",
     "api.binance.com",
     "api.coingecko.com",
     "api.exchange.coinbase.com",
     "api.gemini.com",
     "api.kraken.com",
     "coins.llama.fi",
     "ethereum-rpc.publicnode.com",
     "www.bitstamp.net",
     "www.okx.com"
    ],
    "k_eff": 4,
    "k_eff_is_upper_bound": false,
    "k_eff_note": "k_eff = nombre de classes de la partition R2 measured (§5.6)",
    "k_nominal": 10,
    "merge_reasons": [
     {
      "asn": 13335,
      "axis": "asn_measured",
      "holder": "CLOUDFLARENET - Cloudflare, Inc.",
      "hosts": [
       "api-pub.bitfinex.com",
       "api.coingecko.com",
       "api.exchange.coinbase.com",
       "api.kraken.com",
       "coins.llama.fi",
       "ethereum-rpc.publicnode.com",
       "www.okx.com"
      ]
     }
    ],
    "n_unattributed": 0,
    "unattributed": []
   },
   "pool": [
    "binance",
    "coinbase",
    "kraken",
    "okx_ticker",
    "okx_index",
    "bitstamp",
    "gemini",
    "bitfinex",
    "coingecko",
    "defillama",
    "chainlink"
   ],
   "residus_asn": [
    "1. Fronting CDN/anycast : l'IP observée est la couche de LIVRAISON, pas l'origine. Côté origine, le regroupement peut être un faux positif ; côté livraison, le mode commun est réel (une panne du CDN partagé co-interrompt les chemins). Le certificat dit laquelle il compte — k_eff ici est « côté livraison ».",
    "2. Même ASN ≠ même opérateur ; ASN distincts ≠ opérateurs distincts.",
    "3. Mono-vantage : re-mesure depuis un seul point d'observation. v0 : UN résolveur par relevé (Cloudflare DoH-JSON, `cloudflare-dns.com` = le résolveur 1.1.1.1 de §4.1) — le résolveur EXACT est journalisé par enregistrement (champ `resolver`, auditable). La sonde MULTI-résolveurs de familles distinctes et multi-vantage prescrite par 10 §4.1 reste DUE au lancement de campagne (endpoints par famille à établir sur pièce — Google = dns.google/resolve, Quad9 dédié — plan §2 [C3]) ; écart au design nommé, jamais prétendu comblé.",
    "4. Instantanéité : TTL court ; l'attribution est un instantané daté, re-mesuré à chaque quorum (une divergence d'ASN entre deux relevés du même hôte est publiée, jamais écrasée en silence).",
    "5. Le chemin de mesure appartient à la classe mesurée : la résolution passe par un résolveur (Cloudflare `cloudflare-dns.com`) pour mesurer une dépendance à Cloudflare. Atténuation v0 : attribution croisée sur 2 bases BGP — la jambe RIPEstat va en HTTPS DIRECT vers stat.ripe.net (hors-résolveur). Les résolveurs de familles distinctes sont DUS à la campagne (résidu 3, plan §2 [C3]). En v0 les DEUX étapes DNS (A et Cymru TXT) transitent par le résolveur Cloudflare — le résidu est à son MAXIMUM, publié.",
    "6. RIPEstat et Team Cymru sont eux-mêmes des témoins (vues BGP, registres) ; leur concordance est une observation, pas une décharge — portée par A(asn-attribution) au registre (08 §8).",
    "7. La chaîne CNAME est un fait daté : un CNAME déterministe aujourd'hui peut changer demain."
   ]
  },
  "segment": {
   "n_fixe": 38600,
   "t0": 1787770800
  }
 },
 "j28-incluse": {
  "d5": {
   "bornes_censure": {
    "calme": {
     "s": 5774,
     "z_bas": "25.009130481476508474146533923339207084992881822781",
     "z_bloc_bas": "2.3199579641058835585772643403782319434658412235788",
     "z_bloc_haut": "49.967984230190418440288903738880591966143736221352",
     "z_haut": "538.65451738510811440996680864630130492407596370057"
    },
    "stress": {
     "s": 2094,
     "z_bas": "26.068144018028822484693027809531546943387022498150",
     "z_bloc_bas": "1.7062577100963424862069262066739190767961614043799",
     "z_bloc_haut": "33.078397236362773067937291002467793497054133449462",
     "z_haut": "505.37056503286522862703468027335116736885687979589"
    }
   },
   "fenetres_sautees": {
    "calme": 5774,
    "stress": 2094
   },
   "fenetres_sautees_vivant": {
    "calme": 31,
    "stress": 150
   }
  },
  "etiquette": "sensibilité « plage incluse » de la liste fermée (D2 pt 7), hors décision, biaisée vers le haut par construction",
  "lm": {
   "N": 11,
   "pool": [
    "binance",
    "coinbase",
    "kraken",
    "okx_ticker",
    "okx_index",
    "bitstamp",
    "gemini",
    "bitfinex",
    "coingecko",
    "defillama",
    "chainlink"
   ],
   "strates": {
    "calme": {
     "E_theta": "0.0093038854353222650172524668607425129825677479134542",
     "E_theta2": "0.00090514946375598995968662052179204381227656499581726",
     "N": 11,
     "Var_theta": "0.00081858717956238818686106616676373419986554205371811",
     "caveat_non_eval": "m_j ne compte que les vrais écarts (panne ∨ staleness ∨ hors-env) ; NON_EVAL hors-env compté 0 comme dans p̂ (fail-closed de publication, 10 §5.2)",
     "n": 26294,
     "pair_phi": {
      "binance×bitfinex": {
       "n00": 25312,
       "n01": 19,
       "n10": 944,
       "n11": 19,
       "phi": "0.093848664268375613685685514797265113234062353026986",
       "signe": "+"
      },
      "binance×bitstamp": {
       "n00": 24798,
       "n01": 533,
       "n10": 828,
       "n11": 135,
       "phi": "0.14222905622840045214297458669611141953106929745931",
       "signe": "+"
      },
      "binance×chainlink": {
       "n00": 25230,
       "n01": 101,
       "n10": 894,
       "n11": 69,
       "phi": "0.15858127919431183910131982087828834177035207724284",
       "signe": "+"
      },
      "binance×coinbase": {
       "n00": 25274,
       "n01": 57,
       "n10": 923,
       "n11": 40,
       "phi": "0.12172302475581781199586701621681298766152205124989",
       "signe": "+"
      },
      "binance×coingecko": {
       "n00": 25250,
       "n01": 81,
       "n10": 912,
       "n11": 51,
       "phi": "0.13225536340137657826803044030076719483808134386036",
       "signe": "+"
      },
      "binance×defillama": {
       "n00": 25144,
       "n01": 187,
       "n10": 899,
       "n11": 64,
       "phi": "0.11412304346825542179180213377652171747952729519648",
       "signe": "+"
      },
      "binance×gemini": {
       "n00": 25217,
       "n01": 114,
       "n10": 936,
       "n11": 27,
       "phi": "0.060536809299878039103896593250704110144918749318718",
       "signe": "+"
      },
      "binance×kraken": {
       "n00": 25309,
       "n01": 22,
       "n10": 945,
       "n11": 18,
       "phi": "0.085900268226439859811913941656342340325975276326084",
       "signe": "+"
      },
      "binance×okx_index": {
       "n00": 25276,
       "n01": 55,
       "n10": 930,
       "n11": 33,
       "phi": "0.10438965217115807981470411650529178805730533548144",
       "signe": "+"
      },
      "binance×okx_ticker": {
       "n00": 25260,
       "n01": 71,
       "n10": 931,
       "n11": 32,
       "phi": "0.091495156424394339923594246540862121812013073271815",
       "signe": "+"
      },
      "bitfinex×chainlink": {
       "n00": 26098,
       "n01": 158,
       "n10": 26,
       "n11": 12,
       "phi": "0.14682623530311141124061749498319072571103836380441",
       "signe": "+"
      },
      "bitfinex×coingecko": {
       "n00": 26138,
       "n01": 118,
       "n10": 24,
       "n11": 14,
       "phi": "0.19561300848554923658403846578475780695877545780162",
       "signe": "+"
      },
      "bitfinex×defillama": {
       "n00": 26018,
       "n01": 238,
       "n10": 25,
       "n11": 13,
       "phi": "0.13011308777639206781589357460789976183849437252162",
       "signe": "+"
      },
      "bitstamp×bitfinex": {
       "n00": 25602,
       "n01": 24,
       "n10": 654,
       "n11": 14,
       "phi": "0.082931578738672126218799726838805650051988132809455",
       "signe": "+"
      },
      "bitstamp×chainlink": {
       "n00": 25490,
       "n01": 136,
       "n10": 634,
       "n11": 34,
       "phi": "0.089508515409886384730205120769121453054210677852277",
       "signe": "+"
      },
      "bitstamp×coingecko": {
       "n00": 25522,
       "n01": 104,
       "n10": 640,
       "n11": 28,
       "phi": "0.084287167111778878564874413076576164687287619740160",
       "signe": "+"
      },
      "bitstamp×defillama": {
       "n00": 25406,
       "n01": 220,
       "n10": 637,
       "n11": 31,
       "phi": "0.061205795055076792313089075333688255441828823807837",
       "signe": "+"
      },
      "bitstamp×gemini": {
       "n00": 25511,
       "n01": 115,
       "n10": 642,
       "n11": 26,
       "phi": "0.074191207125951593176801524495175325928701244886663",
       "signe": "+"
      },
      "coinbase×bitfinex": {
       "n00": 26172,
       "n01": 25,
       "n10": 84,
       "n11": 13,
       "phi": "0.21236047275633748553665329405402798247547817330429",
       "signe": "+"
      },
      "coinbase×bitstamp": {
       "n00": 25558,
       "n01": 639,
       "n10": 68,
       "n11": 29,
       "phi": "0.10579060656635247578034384628408097109215014920923",
       "signe": "+"
      },
      "coinbase×chainlink": {
       "n00": 26043,
       "n01": 154,
       "n10": 81,
       "n11": 16,
       "phi": "0.12032487131093998876680723386229449445560635954777",
       "signe": "+"
      },
      "coinbase×coingecko": {
       "n00": 26084,
       "n01": 113,
       "n10": 78,
       "n11": 19,
       "phi": "0.16432378403504734406724388131392096683095338628533",
       "signe": "+"
      },
      "coinbase×defillama": {
       "n00": 25965,
       "n01": 232,
       "n10": 78,
       "n11": 19,
       "phi": "0.11660523806949986753662305701168331107887126470004",
       "signe": "+"
      },
      "coinbase×gemini": {
       "n00": 26069,
       "n01": 128,
       "n10": 84,
       "n11": 13,
       "phi": "0.10719729604647469436640538890288778049592664775938",
       "signe": "+"
      },
      "coinbase×kraken": {
       "n00": 26173,
       "n01": 24,
       "n10": 81,
       "n11": 16,
       "phi": "0.25516043486121891864839548667822132082442471247820",
       "signe": "+"
      },
      "coinbase×okx_index": {
       "n00": 26128,
       "n01": 69,
       "n10": 78,
       "n11": 19,
       "phi": "0.20284876305578637161174929317123995264999969986642",
       "signe": "+"
      },
      "coinbase×okx_ticker": {
       "n00": 26114,
       "n01": 83,
       "n10": 77,
       "n11": 20,
       "phi": "0.19703798971287998257205963093613777884240087502869",
       "signe": "+"
      },
      "coingecko×chainlink": {
       "n00": 26014,
       "n01": 148,
       "n10": 110,
       "n11": 22,
       "phi": "0.14198090087932730806568194464476393153015124012223",
       "signe": "+"
      },
      "coingecko×defillama": {
       "n00": 25935,
       "n01": 227,
       "n10": 108,
       "n11": 24,
       "phi": "0.12584651210838498715728953793383572845770331348444",
       "signe": "+"
      },
      "defillama×chainlink": {
       "n00": 25894,
       "n01": 149,
       "n10": 230,
       "n11": 21,
       "phi": "0.094562932884433290398272690779814658196456465980885",
       "signe": "+"
      },
      "gemini×bitfinex": {
       "n00": 26129,
       "n01": 24,
       "n10": 127,
       "n11": 14,
       "phi": "0.18912137007976138865483975061315565588569718610853",
       "signe": "+"
      },
      "gemini×chainlink": {
       "n00": 25996,
       "n01": 157,
       "n10": 128,
       "n11": 13,
       "phi": "0.078543515717160589611659306497751993117401965060929",
       "signe": "+"
      },
      "gemini×coingecko": {
       "n00": 26036,
       "n01": 117,
       "n10": 126,
       "n11": 15,
       "phi": "0.10530808491480412001125526682068225309470293887705",
       "signe": "+"
      },
      "gemini×defillama": {
       "n00": 25917,
       "n01": 236,
       "n10": 126,
       "n11": 15,
       "phi": "0.073124810472902443319504778538432339809983784906300",
       "signe": "+"
      },
      "kraken×bitfinex": {
       "n00": 26233,
       "n01": 21,
       "n10": 23,
       "n11": 17,
       "phi": "0.43520356566531212965936087980770470766453949877957",
       "signe": "+"
      },
      "kraken×bitstamp": {
       "n00": 25603,
       "n01": 651,
       "n10": 23,
       "n11": 17,
       "phi": "0.099124333143217870047542860120009176732449192556484",
       "signe": "+"
      },
      "kraken×chainlink": {
       "n00": 26097,
       "n01": 157,
       "n10": 27,
       "n11": 13,
       "phi": "0.15513196464446655110827262546491190189026276425812",
       "signe": "+"
      },
      "kraken×coingecko": {
       "n00": 26139,
       "n01": 115,
       "n10": 23,
       "n11": 17,
       "phi": "0.23195029261071024637864475152524302135689639203023",
       "signe": "+"
      },
      "kraken×defillama": {
       "n00": 26018,
       "n01": 236,
       "n10": 25,
       "n11": 15,
       "phi": "0.14670313051266310531633081567343659659722552486829",
       "signe": "+"
      },
      "kraken×gemini": {
       "n00": 26128,
       "n01": 126,
       "n10": 25,
       "n11": 15,
       "phi": "0.19755803382281130149168569871371276995689035158928",
       "signe": "+"
      },
      "kraken×okx_index": {
       "n00": 26183,
       "n01": 71,
       "n10": 23,
       "n11": 17,
       "phi": "0.28497229485606659086344503673605678861321242206405",
       "signe": "+"
      },
      "kraken×okx_ticker": {
       "n00": 26167,
       "n01": 87,
       "n10": 24,
       "n11": 16,
       "phi": "0.24750284587130284898870627309736387729379241400552",
       "signe": "+"
      },
      "okx_index×bitfinex": {
       "n00": 26181,
       "n01": 25,
       "n10": 75,
       "n11": 13,
       "phi": "0.22314268864690165985597590711492799458130615976559",
       "signe": "+"
      },
      "okx_index×bitstamp": {
       "n00": 25559,
       "n01": 647,
       "n10": 67,
       "n11": 21,
       "phi": "0.078527179041939902480789233739910117096293887161817",
       "signe": "+"
      },
      "okx_index×chainlink": {
       "n00": 26051,
       "n01": 155,
       "n10": 73,
       "n11": 15,
       "phi": "0.11856828946062619191934967846046283659799438623450",
       "signe": "+"
      },
      "okx_index×coingecko": {
       "n00": 26093,
       "n01": 113,
       "n10": 69,
       "n11": 19,
       "phi": "0.17291353204487884574741023518184539667132234060251",
       "signe": "+"
      },
      "okx_index×defillama": {
       "n00": 25968,
       "n01": 238,
       "n10": 75,
       "n11": 13,
       "phi": "0.082350217448535302874176978150507456764820995956591",
       "signe": "+"
      },
      "okx_index×gemini": {
       "n00": 26077,
       "n01": 129,
       "n10": 76,
       "n11": 12,
       "phi": "0.10394475372672508743356770767618672811057967981042",
       "signe": "+"
      },
      "okx_ticker×bitfinex": {
       "n00": 26166,
       "n01": 25,
       "n10": 90,
       "n11": 13,
       "phi": "0.20596704633846216818742511200833967041545967257831",
       "signe": "+"
      },
      "okx_ticker×bitstamp": {
       "n00": 25550,
       "n01": 641,
       "n10": 76,
       "n11": 27,
       "phi": "0.094346439206131117274069352407705187511232153039391",
       "signe": "+"
      },
      "okx_ticker×chainlink": {
       "n00": 26038,
       "n01": 153,
       "n10": 86,
       "n11": 17,
       "phi": "0.12408294232800018544306418877421977327972895963296",
       "signe": "+"
      },
      "okx_ticker×coingecko": {
       "n00": 26077,
       "n01": 114,
       "n10": 85,
       "n11": 18,
       "phi": "0.15060994013452252418718134794787547599114025023567",
       "signe": "+"
      },
      "okx_ticker×defillama": {
       "n00": 25958,
       "n01": 233,
       "n10": 85,
       "n11": 18,
       "phi": "0.10655082503483255293199529405628160091415016612769",
       "signe": "+"
      },
      "okx_ticker×gemini": {
       "n00": 26063,
       "n01": 128,
       "n10": 90,
       "n11": 13,
       "phi": "0.10377188663554485869987177617778988286186052946485",
       "signe": "+"
      },
      "okx_ticker×okx_index": {
       "n00": 26138,
       "n01": 53,
       "n10": 68,
       "n11": 35,
       "phi": "0.36533370892289579699983842237268869185323585413610",
       "signe": "+"
      }
     },
     "renvoi_m1c_clusters": "corrélations entre CLUSTERS R2 (≥2 membres, analogue L&M éq. 35, séries (Θ̂_A,j, Θ̂_B,j)) — RÉALISÉ M1c (r2.cluster_lm_correlations, bloc 5) ; requièrent la partition R2 (10 §5.5 pt 4). Ici (bloc 4) : φ par paire de FLUX, base commune.",
     "renvoi_m1c_flux_source": "agrégation d'indicatrices flux→source (ex. okx_ticker+okx_index) — RÉALISÉ M1c : les deux flux okx partagent l'hôte www.okx.com → un seul nœud de partition (r2.build_flux_hosts, bloc 5). Ici (bloc 4) : φ par paire de FLUX (10 §5.5).",
     "sum_m": 2691
    },
    "stress": {
     "E_theta": "0.0052819762717373638875345359986998212254184950430684",
     "E_theta2": "0.0010430979714256164768110160601628178419987293707426",
     "N": 11,
     "Var_theta": "0.0010151986980904199342553728909839223130167529220347",
     "caveat_non_eval": "m_j ne compte que les vrais écarts (panne ∨ staleness ∨ hors-env) ; NON_EVAL hors-env compté 0 comme dans p̂ (fail-closed de publication, 10 §5.2)",
     "n": 12306,
     "pair_phi": {
      "binance×bitfinex": {
       "n00": 12209,
       "n01": 50,
       "n10": 46,
       "n11": 1,
       "phi": "0.016512454391659470534513833309104763310234233758868",
       "signe": "+"
      },
      "binance×bitstamp": {
       "n00": 12224,
       "n01": 35,
       "n10": 43,
       "n11": 4,
       "phi": "0.090264698366195653166681556900078707568800384152517",
       "signe": "+"
      },
      "binance×chainlink": {
       "n00": 12147,
       "n01": 112,
       "n10": 46,
       "n11": 1,
       "phi": "0.0078508514277217875981854966883078328588374070965316",
       "signe": "+"
      },
      "binance×coinbase": {
       "n00": 12251,
       "n01": 8,
       "n10": 44,
       "n11": 3,
       "phi": "0.13039959845177015161736310271261596424984864615083",
       "signe": "+"
      },
      "binance×coingecko": {
       "n00": 12133,
       "n01": 126,
       "n10": 46,
       "n11": 1,
       "phi": "0.0067127361921624978510431838342672327127164181419101",
       "signe": "+"
      },
      "binance×defillama": {
       "n00": 12013,
       "n01": 246,
       "n10": 46,
       "n11": 1,
       "phi": "0.00053204969969443615775361265552541062627717804208603",
       "signe": "+"
      },
      "binance×gemini": {
       "n00": 12241,
       "n01": 18,
       "n10": 44,
       "n11": 3,
       "phi": "0.093195646418801532498920838731541918710814955561395",
       "signe": "+"
      },
      "binance×kraken": {
       "n00": 12215,
       "n01": 44,
       "n10": 45,
       "n11": 2,
       "phi": "0.039383630020740795727288912722967404231433522925536",
       "signe": "+"
      },
      "binance×okx_index": {
       "n00": 12252,
       "n01": 7,
       "n10": 47,
       "n11": 0,
       "phi": "-0.0014771871656987719665380022756298115074194877283412",
       "signe": "−"
      },
      "binance×okx_ticker": {
       "n00": 12253,
       "n01": 6,
       "n10": 47,
       "n11": 0,
       "phi": "-0.0013675539741150426414077452152117447511936303130884",
       "signe": "−"
      },
      "bitfinex×chainlink": {
       "n00": 12185,
       "n01": 70,
       "n10": 8,
       "n11": 43,
       "phi": "0.56401845557417074900212885978933417076227626534763",
       "signe": "+"
      },
      "bitfinex×coingecko": {
       "n00": 12177,
       "n01": 78,
       "n10": 2,
       "n11": 49,
       "phi": "0.60669917374351083586509206808972694145595168759537",
       "signe": "+"
      },
      "bitfinex×defillama": {
       "n00": 12055,
       "n01": 200,
       "n10": 4,
       "n11": 47,
       "phi": "0.41467280958647634090731958442694652999452428110054",
       "signe": "+"
      },
      "bitstamp×bitfinex": {
       "n00": 12219,
       "n01": 48,
       "n10": 36,
       "n11": 3,
       "phi": "0.063876765991798662749161383161273890654724242295079",
       "signe": "+"
      },
      "bitstamp×chainlink": {
       "n00": 12156,
       "n01": 111,
       "n10": 37,
       "n11": 2,
       "phi": "0.024886444851771879363839093636747018319848306525000",
       "signe": "+"
      },
      "bitstamp×coingecko": {
       "n00": 12143,
       "n01": 124,
       "n10": 36,
       "n11": 3,
       "phi": "0.037159130814847978668353642173323192018993476344898",
       "signe": "+"
      },
      "bitstamp×defillama": {
       "n00": 12022,
       "n01": 245,
       "n10": 37,
       "n11": 2,
       "phi": "0.012548078022143589756539444367579667133995963235321",
       "signe": "+"
      },
      "bitstamp×gemini": {
       "n00": 12249,
       "n01": 18,
       "n10": 36,
       "n11": 3,
       "phi": "0.10275346065685492552753092646905277190358174780217",
       "signe": "+"
      },
      "coinbase×bitfinex": {
       "n00": 12246,
       "n01": 49,
       "n10": 9,
       "n11": 2,
       "phi": "0.082723858553262511196239895258866274405601658943838",
       "signe": "+"
      },
      "coinbase×bitstamp": {
       "n00": 12257,
       "n01": 38,
       "n10": 10,
       "n11": 1,
       "phi": "0.046692234845495373779891536445913025551146728947562",
       "signe": "+"
      },
      "coinbase×chainlink": {
       "n00": 12184,
       "n01": 111,
       "n10": 9,
       "n11": 2,
       "phi": "0.054135856318232851624100919962300140348859057770074",
       "signe": "+"
      },
      "coinbase×coingecko": {
       "n00": 12169,
       "n01": 126,
       "n10": 10,
       "n11": 1,
       "phi": "0.023851552739166265752549807707114837072157179831047",
       "signe": "+"
      },
      "coinbase×defillama": {
       "n00": 12050,
       "n01": 245,
       "n10": 9,
       "n11": 2,
       "phi": "0.034496911632352423498342551325041083590056707291208",
       "signe": "+"
      },
      "coinbase×gemini": {
       "n00": 12275,
       "n01": 20,
       "n10": 10,
       "n11": 1,
       "phi": "0.064644160896067005491290811015695779391238690706510",
       "signe": "+"
      },
      "coinbase×kraken": {
       "n00": 12252,
       "n01": 43,
       "n10": 8,
       "n11": 3,
       "phi": "0.13184381889743819300382452729870141271803873977682",
       "signe": "+"
      },
      "coinbase×okx_index": {
       "n00": 12289,
       "n01": 6,
       "n10": 10,
       "n11": 1,
       "phi": "0.11333039830504312424816243160403682596673906357636",
       "signe": "+"
      },
      "coinbase×okx_ticker": {
       "n00": 12289,
       "n01": 6,
       "n10": 11,
       "n11": 0,
       "phi": "-0.00066062521427215735963986468670768217141916090376263",
       "signe": "−"
      },
      "coingecko×chainlink": {
       "n00": 12174,
       "n01": 5,
       "n10": 19,
       "n11": 108,
       "phi": "0.90058246683795159850419195422394196723471433979564",
       "signe": "+"
      },
      "coingecko×defillama": {
       "n00": 12049,
       "n01": 130,
       "n10": 10,
       "n11": 117,
       "phi": "0.65618211987537959404926637022920703257871695228978",
       "signe": "+"
      },
      "defillama×chainlink": {
       "n00": 12057,
       "n01": 2,
       "n10": 136,
       "n11": 111,
       "phi": "0.66050381801259058354479975823756404370775289379100",
       "signe": "+"
      },
      "gemini×bitfinex": {
       "n00": 12236,
       "n01": 49,
       "n10": 19,
       "n11": 2,
       "phi": "0.058625415496114830265173575175477322645709247939009",
       "signe": "+"
      },
      "gemini×chainlink": {
       "n00": 12173,
       "n01": 112,
       "n10": 20,
       "n11": 1,
       "phi": "0.016660525631010934881347605557526001308690437473896",
       "signe": "+"
      },
      "gemini×coingecko": {
       "n00": 12161,
       "n01": 124,
       "n10": 18,
       "n11": 3,
       "phi": "0.054221103531579527424631461869774415696969999495551",
       "signe": "+"
      },
      "gemini×defillama": {
       "n00": 12039,
       "n01": 246,
       "n10": 20,
       "n11": 1,
       "phi": "0.0081211520353186839364957074897760079393469766742539",
       "signe": "+"
      },
      "kraken×bitfinex": {
       "n00": 12246,
       "n01": 14,
       "n10": 9,
       "n11": 37,
       "phi": "0.76297322168322937773890062306825837241143246635867",
       "signe": "+"
      },
      "kraken×bitstamp": {
       "n00": 12224,
       "n01": 36,
       "n10": 43,
       "n11": 3,
       "phi": "0.067620492790080888780211134425526190753731088279610",
       "signe": "+"
      },
      "kraken×chainlink": {
       "n00": 12185,
       "n01": 75,
       "n10": 8,
       "n11": 38,
       "phi": "0.52459885876117144678682628883490807193380146935545",
       "signe": "+"
      },
      "kraken×coingecko": {
       "n00": 12176,
       "n01": 84,
       "n10": 3,
       "n11": 43,
       "phi": "0.56031491943961069065664064361237404216779630993033",
       "signe": "+"
      },
      "kraken×defillama": {
       "n00": 12054,
       "n01": 206,
       "n10": 5,
       "n11": 41,
       "phi": "0.38052281731742760801494265907097930977736159787521",
       "signe": "+"
      },
      "kraken×gemini": {
       "n00": 12241,
       "n01": 19,
       "n10": 44,
       "n11": 2,
       "phi": "0.061992094018040276104188672551160928435234504189383",
       "signe": "+"
      },
      "kraken×okx_index": {
       "n00": 12255,
       "n01": 5,
       "n10": 44,
       "n11": 2,
       "phi": "0.11023498392673507618810828050044035651564874147389",
       "signe": "+"
      },
      "kraken×okx_ticker": {
       "n00": 12255,
       "n01": 5,
       "n10": 45,
       "n11": 1,
       "phi": "0.058967578721136552863792316911985101094448663023079",
       "signe": "+"
      },
      "okx_index×bitfinex": {
       "n00": 12250,
       "n01": 49,
       "n10": 5,
       "n11": 2,
       "phi": "0.10456241670787532348270640526358488947734997780328",
       "signe": "+"
      },
      "okx_index×bitstamp": {
       "n00": 12262,
       "n01": 37,
       "n10": 5,
       "n11": 2,
       "phi": "0.11992709773770691278091329379107645969854984150381",
       "signe": "+"
      },
      "okx_index×chainlink": {
       "n00": 12187,
       "n01": 112,
       "n10": 6,
       "n11": 1,
       "phi": "0.033433782501548330570760739936337539273038313308810",
       "signe": "+"
      },
      "okx_index×coingecko": {
       "n00": 12174,
       "n01": 125,
       "n10": 5,
       "n11": 2,
       "phi": "0.065009677616626162900771430474415034363344474013083",
       "signe": "+"
      },
      "okx_index×defillama": {
       "n00": 12053,
       "n01": 246,
       "n10": 6,
       "n11": 1,
       "phi": "0.020886922695734453117046968013070359219433297533111",
       "signe": "+"
      },
      "okx_index×gemini": {
       "n00": 12279,
       "n01": 20,
       "n10": 6,
       "n11": 1,
       "phi": "0.081586200797043447075938372015516962438257694621583",
       "signe": "+"
      },
      "okx_ticker×bitfinex": {
       "n00": 12250,
       "n01": 50,
       "n10": 5,
       "n11": 1,
       "phi": "0.055874200165212587175454757729762617645605721898268",
       "signe": "+"
      },
      "okx_ticker×bitstamp": {
       "n00": 12262,
       "n01": 38,
       "n10": 5,
       "n11": 1,
       "phi": "0.064246512783190567188519702385733084931015892628547",
       "signe": "+"
      },
      "okx_ticker×chainlink": {
       "n00": 12187,
       "n01": 113,
       "n10": 6,
       "n11": 0,
       "phi": "-0.0021262141512254440858873137951043091427342640727694",
       "signe": "−"
      },
      "okx_ticker×coingecko": {
       "n00": 12174,
       "n01": 126,
       "n10": 5,
       "n11": 1,
       "phi": "0.034168071046605780770709615472669712179376274766563",
       "signe": "+"
      },
      "okx_ticker×defillama": {
       "n00": 12053,
       "n01": 247,
       "n10": 6,
       "n11": 0,
       "phi": "-0.0031609374252883176998173994464600046257664525621754",
       "signe": "−"
      },
      "okx_ticker×gemini": {
       "n00": 12280,
       "n01": 20,
       "n10": 5,
       "n11": 1,
       "phi": "0.088271779062726773715602561941716673339536619399996",
       "signe": "+"
      },
      "okx_ticker×okx_index": {
       "n00": 12295,
       "n01": 5,
       "n10": 4,
       "n11": 2,
       "phi": "0.30824288074322331656162056666052713897703362184239",
       "signe": "+"
      }
     },
     "renvoi_m1c_clusters": "corrélations entre CLUSTERS R2 (≥2 membres, analogue L&M éq. 35, séries (Θ̂_A,j, Θ̂_B,j)) — RÉALISÉ M1c (r2.cluster_lm_correlations, bloc 5) ; requièrent la partition R2 (10 §5.5 pt 4). Ici (bloc 4) : φ par paire de FLUX, base commune.",
     "renvoi_m1c_flux_source": "agrégation d'indicatrices flux→source (ex. okx_ticker+okx_index) — RÉALISÉ M1c : les deux flux okx partagent l'hôte www.okx.com → un seul nœud de partition (r2.build_flux_hosts, bloc 5). Ici (bloc 4) : φ par paire de FLUX (10 §5.5).",
     "sum_m": 715
    }
   }
  },
  "plages": [],
  "r1": {
   "A_window_stationarity": "A(window-stationarity) engagée par le test agrégé (10 §5.3 ; ancre Eckhardt & Lee TM-86369 p. fichier 2, hyp. (ii) « stationary input series ») — écrite dans chaque sortie R1 ; décharge = stratification ex ante (08)",
   "pool": [
    "binance",
    "coinbase",
    "kraken",
    "okx_ticker",
    "okx_index",
    "bitstamp",
    "gemini",
    "bitfinex",
    "coingecko",
    "defillama",
    "chainlink"
   ],
   "poolee": {
    "etiquette": "exploratoire, hors famille, hors décision",
    "motif": null,
    "numerateur": "420.64312810587752103487234992332580122941639418342",
    "strates": {
     "calme": {
      "K": 408,
      "N": 11,
      "P_more": "0.0039561837661865178605964292161309130218132671860844",
      "n": 26294,
      "pool": [
       "binance",
       "coinbase",
       "kraken",
       "okx_ticker",
       "okx_index",
       "bitstamp",
       "gemini",
       "bitfinex",
       "coingecko",
       "defillama",
       "chainlink"
      ]
     },
     "stress": {
      "K": 133,
      "N": 11,
      "P_more": "0.0013272367906723694408097789913642102856351014485357",
      "n": 12306,
      "pool": [
       "binance",
       "coinbase",
       "kraken",
       "okx_ticker",
       "okx_index",
       "bitstamp",
       "gemini",
       "bitfinex",
       "coingecko",
       "defillama",
       "chainlink"
      ]
     }
    },
    "variance": "119.92365651910038054799980842877859406298418156611",
    "z_pool": "38.411508882391663982077457856636033702662653099324"
   },
   "strates": {
    "calme": {
     "A_window_stationarity": "A(window-stationarity) engagée par le test agrégé (10 §5.3 ; ancre Eckhardt & Lee TM-86369 p. fichier 2, hyp. (ii) « stationary input series ») — écrite dans chaque sortie R1 ; décharge = stratification ex ante (08)",
     "K": 408,
     "P0": "0.90169876587581624910238875024038057068811130026938",
     "P1": "0.094345050357997233037014820543488516290075432544536",
     "P_more": "0.0039561837661865178605964292161309130218132671860844",
     "bloc": {
      "FIV": "141.72686134467370544091792593603514936474262500106",
      "FIV_motif": null,
      "FIV_serie": "36.559081558590488817026382813703950485745372246074",
      "FIV_serie_motif": null,
      "R_centrage": "3.8766526756843913105075189602603906406158664208809",
      "cv_theorique": "0.11031807115613447416708966525486479082809908721264",
      "ell": 240,
      "gamma0": "401.66912603635810451053472275043736213584848254355",
      "runs": {
       "longueur_moyenne": "1.2439024390243902439024390243902439024390243902439",
       "nombre": 328,
       "run_max": 7
      },
      "sigma2_bloc": "14684.654338330978343164156757067791458423743821117",
      "z_bloc": "2.5084623121105959997807452114411311466491022293836",
      "z_bloc_motif": null
     },
     "decomposition_K": {
      "c": 11,
      "pt_0": 0,
      "pt_1": 1,
      "pt_2_plus": 407,
      "tous_hors_enveloppe": 0
     },
     "flag_historique_insuffisant": false,
     "gate_value": "103.61235829966291907465086710460618863999475116324",
     "n": 26294,
     "n_min_hors_enveloppe": 4,
     "per_source": {
      "binance": {
       "axes_evaluables": [
        "panne",
        "hors_enveloppe"
       ],
       "ecart": 963,
       "hors_enveloppe": 0,
       "non_eval_hors_env": 0,
       "ok_windows": 25331,
       "panne": 963,
       "pas_ecart": 25331,
       "phat": "0.036624324941051190385639309348140260135392104662661",
       "staleness": 0,
       "staleness_evaluable_windows": 0,
       "staleness_fail_open": true
      },
      "bitfinex": {
       "axes_evaluables": [
        "panne",
        "hors_enveloppe"
       ],
       "ecart": 38,
       "hors_enveloppe": 2,
       "non_eval_hors_env": 0,
       "ok_windows": 26258,
       "panne": 36,
       "pas_ecart": 26256,
       "phat": "0.0014451966228036814482391420095839354985928348672701",
       "staleness": 0,
       "staleness_evaluable_windows": 0,
       "staleness_fail_open": true
      },
      "bitstamp": {
       "axes_evaluables": [
        "panne",
        "staleness",
        "hors_enveloppe"
       ],
       "ecart": 668,
       "hors_enveloppe": 0,
       "non_eval_hors_env": 0,
       "ok_windows": 25626,
       "panne": 668,
       "pas_ecart": 25626,
       "phat": "0.025405035369285768616414391115843918764737202403590",
       "staleness": 0,
       "staleness_evaluable_windows": 25626,
       "staleness_fail_open": false
      },
      "chainlink": {
       "axes_evaluables": [
        "panne",
        "staleness",
        "hors_enveloppe"
       ],
       "ecart": 170,
       "hors_enveloppe": 2,
       "non_eval_hors_env": 0,
       "ok_windows": 26126,
       "panne": 168,
       "pas_ecart": 26124,
       "phat": "0.0064653533125427854263330037270860272305468928272610",
       "staleness": 0,
       "staleness_evaluable_windows": 26126,
       "staleness_fail_open": false
      },
      "coinbase": {
       "axes_evaluables": [
        "panne",
        "staleness",
        "hors_enveloppe"
       ],
       "ecart": 97,
       "hors_enveloppe": 0,
       "non_eval_hors_env": 0,
       "ok_windows": 26197,
       "panne": 97,
       "pas_ecart": 26197,
       "phat": "0.0036890545371567658020841256560432037727238153190842",
       "staleness": 0,
       "staleness_evaluable_windows": 26197,
       "staleness_fail_open": false
      },
      "coingecko": {
       "axes_evaluables": [
        "panne",
        "staleness",
        "hors_enveloppe"
       ],
       "ecart": 132,
       "hors_enveloppe": 0,
       "non_eval_hors_env": 0,
       "ok_windows": 26162,
       "panne": 132,
       "pas_ecart": 26162,
       "phat": "0.0050201566897391039780938617175020917319540579599909",
       "staleness": 0,
       "staleness_evaluable_windows": 26162,
       "staleness_fail_open": false
      },
      "defillama": {
       "axes_evaluables": [
        "panne",
        "staleness",
        "hors_enveloppe"
       ],
       "ecart": 251,
       "hors_enveloppe": 0,
       "non_eval_hors_env": 0,
       "ok_windows": 26044,
       "panne": 250,
       "pas_ecart": 26043,
       "phat": "0.0095459040085190537765269643264623107933368829390736",
       "staleness": 1,
       "staleness_evaluable_windows": 26044,
       "staleness_fail_open": false
      },
      "gemini": {
       "axes_evaluables": [
        "panne",
        "staleness",
        "hors_enveloppe"
       ],
       "ecart": 141,
       "hors_enveloppe": 0,
       "non_eval_hors_env": 0,
       "ok_windows": 26156,
       "panne": 138,
       "pas_ecart": 26153,
       "phat": "0.0053624401004031337947820795618772343500418346390812",
       "staleness": 3,
       "staleness_evaluable_windows": 26156,
       "staleness_fail_open": false
      },
      "kraken": {
       "axes_evaluables": [
        "panne",
        "hors_enveloppe"
       ],
       "ecart": 40,
       "hors_enveloppe": 0,
       "non_eval_hors_env": 0,
       "ok_windows": 26254,
       "panne": 40,
       "pas_ecart": 26254,
       "phat": "0.0015212596029512436297254126416673005248345630181791",
       "staleness": 0,
       "staleness_evaluable_windows": 0,
       "staleness_fail_open": true
      },
      "okx_index": {
       "axes_evaluables": [
        "panne",
        "staleness",
        "hors_enveloppe"
       ],
       "ecart": 88,
       "hors_enveloppe": 0,
       "non_eval_hors_env": 0,
       "ok_windows": 26206,
       "panne": 88,
       "pas_ecart": 26206,
       "phat": "0.0033467711264927359853959078116680611546360386399939",
       "staleness": 0,
       "staleness_evaluable_windows": 26206,
       "staleness_fail_open": false
      },
      "okx_ticker": {
       "axes_evaluables": [
        "panne",
        "staleness",
        "hors_enveloppe"
       ],
       "ecart": 103,
       "hors_enveloppe": 0,
       "non_eval_hors_env": 0,
       "ok_windows": 26191,
       "panne": 103,
       "pas_ecart": 26191,
       "phat": "0.0039172434775994523465429375522932988514489997718111",
       "staleness": 0,
       "staleness_evaluable_windows": 26191,
       "staleness_fail_open": false
      }
     },
     "queue_binomiale_P_K_ge_Kobs": null,
     "queue_exacte_applicable": false,
     "queue_note": null,
     "residu_staleness_fail_open": [
      "binance",
      "kraken",
      "bitfinex"
     ],
     "seuil_historique": "10",
     "seuil_z": "2.33",
     "z": "29.863015876556250088619968054838673686543339634366"
    },
    "stress": {
     "A_window_stationarity": "A(window-stationarity) engagée par le test agrégé (10 §5.3 ; ancre Eckhardt & Lee TM-86369 p. fichier 2, hyp. (ii) « stationary input series ») — écrite dans chaque sortie R1 ; décharge = stratification ex ante (08)",
     "K": 133,
     "P0": "0.94324233364655928625652756260099287143433990009527",
     "P1": "0.055430429562768344302662658407642918280024998456191",
     "P_more": "0.0013272367906723694408097789913642102856351014485357",
     "bloc": {
      "FIV": "273.13449436627006348511200986081082436307203312734",
      "FIV_motif": null,
      "FIV_serie": "33.863568903025675266348840488240982796666174015219",
      "FIV_serie_motif": null,
      "R_centrage": "8.0657326801093837339136307985675726619015071613941",
      "cv_theorique": "0.16125624171370886547346473611626846103440956121570",
      "ell": 240,
      "gamma0": "131.56257110352673492605233219567690557451649601820",
      "runs": {
       "longueur_moyenne": "1.0230769230769230769230769230769230769230769230769",
       "nombre": 130,
       "run_max": 2
      },
      "sigma2_bloc": "4455.1781916234922385256110750874813356612795161876",
      "z_bloc": "1.7478959678777101321272619734145717678436022586316",
      "z_bloc_motif": null
     },
     "decomposition_K": {
      "c": 0,
      "pt_0": 0,
      "pt_1": 0,
      "pt_2_plus": 133,
      "tous_hors_enveloppe": 0
     },
     "flag_historique_insuffisant": false,
     "gate_value": "16.311298219437461473348941324172405422989430402870",
     "n": 12306,
     "n_min_hors_enveloppe": 4,
     "per_source": {
      "binance": {
       "axes_evaluables": [
        "panne",
        "hors_enveloppe"
       ],
       "ecart": 47,
       "hors_enveloppe": 0,
       "non_eval_hors_env": 0,
       "ok_windows": 12259,
       "panne": 47,
       "pas_ecart": 12259,
       "phat": "0.0038192751503331708109865106452137168860718348772956",
       "staleness": 0,
       "staleness_evaluable_windows": 0,
       "staleness_fail_open": true
      },
      "bitfinex": {
       "axes_evaluables": [
        "panne",
        "hors_enveloppe"
       ],
       "ecart": 51,
       "hors_enveloppe": 0,
       "non_eval_hors_env": 0,
       "ok_windows": 12255,
       "panne": 51,
       "pas_ecart": 12255,
       "phat": "0.0041443198439785470502194051682106289614822038030229",
       "staleness": 0,
       "staleness_evaluable_windows": 0,
       "staleness_fail_open": true
      },
      "bitstamp": {
       "axes_evaluables": [
        "panne",
        "staleness",
        "hors_enveloppe"
       ],
       "ecart": 39,
       "hors_enveloppe": 0,
       "non_eval_hors_env": 0,
       "ok_windows": 12267,
       "panne": 39,
       "pas_ecart": 12267,
       "phat": "0.0031691857630424183325207215992198927352510970258411",
       "staleness": 0,
       "staleness_evaluable_windows": 12267,
       "staleness_fail_open": false
      },
      "chainlink": {
       "axes_evaluables": [
        "panne",
        "staleness",
        "hors_enveloppe"
       ],
       "ecart": 113,
       "hors_enveloppe": 0,
       "non_eval_hors_env": 0,
       "ok_windows": 12193,
       "panne": 113,
       "pas_ecart": 12193,
       "phat": "0.0091825125954818787583292702746627661303429221517959",
       "staleness": 0,
       "staleness_evaluable_windows": 12193,
       "staleness_fail_open": false
      },
      "coinbase": {
       "axes_evaluables": [
        "panne",
        "staleness",
        "hors_enveloppe"
       ],
       "ecart": 11,
       "hors_enveloppe": 0,
       "non_eval_hors_env": 0,
       "ok_windows": 12295,
       "panne": 11,
       "pas_ecart": 12295,
       "phat": "0.00089387290752478465789045993824150820737851454575004",
       "staleness": 0,
       "staleness_evaluable_windows": 12295,
       "staleness_fail_open": false
      },
      "coingecko": {
       "axes_evaluables": [
        "panne",
        "staleness",
        "hors_enveloppe"
       ],
       "ecart": 127,
       "hors_enveloppe": 0,
       "non_eval_hors_env": 1,
       "ok_windows": 12179,
       "panne": 127,
       "pas_ecart": 12178,
       "phat": "0.010320169023240695595644401105151958394279213391841",
       "staleness": 0,
       "staleness_evaluable_windows": 12179,
       "staleness_fail_open": false
      },
      "defillama": {
       "axes_evaluables": [
        "panne",
        "staleness",
        "hors_enveloppe"
       ],
       "ecart": 247,
       "hors_enveloppe": 0,
       "non_eval_hors_env": 0,
       "ok_windows": 12059,
       "panne": 247,
       "pas_ecart": 12059,
       "phat": "0.020071509832601982772631236795059320656590281163660",
       "staleness": 0,
       "staleness_evaluable_windows": 12059,
       "staleness_fail_open": false
      },
      "gemini": {
       "axes_evaluables": [
        "panne",
        "staleness",
        "hors_enveloppe"
       ],
       "ecart": 21,
       "hors_enveloppe": 0,
       "non_eval_hors_env": 0,
       "ok_windows": 12287,
       "panne": 19,
       "pas_ecart": 12285,
       "phat": "0.0017064846416382252559726962457337883959044368600683",
       "staleness": 2,
       "staleness_evaluable_windows": 12287,
       "staleness_fail_open": false
      },
      "kraken": {
       "axes_evaluables": [
        "panne",
        "hors_enveloppe"
       ],
       "ecart": 46,
       "hors_enveloppe": 0,
       "non_eval_hors_env": 0,
       "ok_windows": 12260,
       "panne": 46,
       "pas_ecart": 12260,
       "phat": "0.0037380139769218267511782870144644888672192426458638",
       "staleness": 0,
       "staleness_evaluable_windows": 0,
       "staleness_fail_open": true
      },
      "okx_index": {
       "axes_evaluables": [
        "panne",
        "staleness",
        "hors_enveloppe"
       ],
       "ecart": 7,
       "hors_enveloppe": 0,
       "non_eval_hors_env": 1,
       "ok_windows": 12299,
       "panne": 7,
       "pas_ecart": 12298,
       "phat": "0.00056882821387940841865756541524459613196814562002275",
       "staleness": 0,
       "staleness_evaluable_windows": 12299,
       "staleness_fail_open": false
      },
      "okx_ticker": {
       "axes_evaluables": [
        "panne",
        "staleness",
        "hors_enveloppe"
       ],
       "ecart": 6,
       "hors_enveloppe": 0,
       "non_eval_hors_env": 1,
       "ok_windows": 12300,
       "panne": 6,
       "pas_ecart": 12299,
       "phat": "0.00048756704046806435884934178449536811311555338859093",
       "staleness": 0,
       "staleness_evaluable_windows": 12300,
       "staleness_fail_open": false
      }
     },
     "queue_binomiale_P_K_ge_Kobs": null,
     "queue_exacte_applicable": false,
     "queue_note": null,
     "residu_staleness_fail_open": [
      "binance",
      "kraken",
      "bitfinex"
     ],
     "seuil_historique": "10",
     "seuil_z": "2.33",
     "z": "28.887094091051972755366700337792595909958417732478"
    }
   },
   "tau_observe": {
    "agregateur": {
     "N": 76442,
     "P99": "0.0029439339684464953797744352449515374816057805923900",
     "max": "0.017649908208186827670019929236496737002324764533848",
     "tau_classe": "0.026"
    },
    "oracle_chainlink": {
     "N": 38319,
     "P99": "0.0045104381827734478436659993587361435815917172037040",
     "max": "0.017842859661860400175061719273882056236385914669308",
     "tau_classe": "0.0165"
    },
    "oracle_pyth": {
     "N": 0,
     "P99": null,
     "max": null,
     "tau_classe": "0.0015"
    },
    "place_horodatee": {
     "N": 191817,
     "P99": "0.00084251398847953698361676602837074278597397364396458",
     "max": "0.0031005971796576586758169290273558058198265570013814",
     "tau_classe": "0.0045"
    },
    "sans_horodatage": {
     "N": 114617,
     "P99": "0.0016544476480922650572336483290718772700653778828830",
     "max": "0.0084293722922191923975621436933888192128120065521140",
     "tau_classe": "0.0045"
    }
   }
  },
  "r2": {
   "cluster_correlations": {
    "cluster_pairs": {},
    "convention": "corrélations Θ̂ entre clusters à ≥ 2 flux (analogue L&M éq. 35) ; singletons → φ par paire de flux (M1b, bloc 4). Signées (Cov<0 possible).",
    "n_multi_clusters": 1
   },
   "content": {
    "coab_staleness_note": "co-aberrance = |e_s(j)| > κ·MAD_j(pool) (§4.2 (2c)) ; le « ou staleness » du design est déjà porté par l'écart (ii) de R1 (§5.2) — non re-plombé ici, résidu nommé",
    "exact_copy_pairs": [],
    "grid_note": "grille §4.2 (w=1s places / 10s agrégats) REMPLACÉE par la décision budget §9 (w=60s, décision mainteneur 5 du 2026-08-05) — contenu calculé sur la grille du journal (w de run_params), sur toutes les fenêtres (hors stratification R1 §5.3)",
    "merge_criterion": "identité exacte T==1 sur ≥ N_min fenêtres communes, série non constante — SEUL critère de fusion contenu v0 (aucun seuil de corrélation sourcé : 04 §3 n'en fixe pas, le « 0,999 » de 04 §1 est un exemple ; ADR-0008 : basis:doc déclenche (b), ne fusionne pas). ρ_resid haut = corroboration publiée, désigne où mesurer.",
    "n_min": 300,
    "n_windows": 38600,
    "pairs": {
     "binance×bitfinex": {
      "basis_doc_triggered": false,
      "coaberrance": {
       "K": 853,
       "gate": "500.35049310628192038278521299435719613870813423050",
       "n": 37523,
       "note": "z co-aberrance (seuil 2.33, unilatéral)",
       "p_co": "0.013517216462929022965995029022979560605701407755077",
       "queue": null,
       "z": "15.458937545193382303861206500441783038348955023165"
      },
      "delta": {
       "best_corr": "0.59255530802298815282485043487760491627646639174637",
       "best_lag": 0,
       "n_jumps_a": 235,
       "n_jumps_b": 226,
       "note": "lag=0 (>0 : binance précède bitfinex)"
      },
      "is_peg_usdt_usd": true,
      "rho_raw": {
       "n": 36530,
       "note": "ok",
       "rho": "0.86093960612462535670726956232907455508735174186408",
       "sufficient": true
      },
      "rho_resid": {
       "n": 37522,
       "note": "ok",
       "rho": "0.27675519269655797687479602627197069267060584987527",
       "sufficient": true
      },
      "tick": {
       "T": "0.0010127122031820483436825413746235642139487780827759",
       "T_delta": "0.0010491767997417410954481868072742924782094049284408",
       "exact_copy_merge": false,
       "n_common": 37523,
       "n_shift": 37172,
       "non_constant": true,
       "sufficient": true
      }
     },
     "binance×bitstamp": {
      "basis_doc_triggered": false,
      "coaberrance": {
       "K": 0,
       "gate": "0.51595629035941049839321581572992896211401705527698",
       "n": 37022,
       "note": "garde §5.4 (n·p·(1−p) < 10) : queue exacte P(K≥K_obs|Bin(n,p_co))",
       "p_co": "0.000013936672280626556714693228278188912933754556351391",
       "queue": "1",
       "z": null
      },
      "delta": {
       "best_corr": "0.87206715126912521970116425088310417567368606590504",
       "best_lag": 0,
       "n_jumps_a": 235,
       "n_jumps_b": 244,
       "note": "lag=0 (>0 : binance précède bitstamp)"
      },
      "is_peg_usdt_usd": true,
      "rho_raw": {
       "n": 35697,
       "note": "ok",
       "rho": "0.97051565697732429089765311469785097732627332907835",
       "sufficient": true
      },
      "rho_resid": {
       "n": 37019,
       "note": "ok",
       "rho": "0.11985614796413223742968497559654005840000643216000",
       "sufficient": true
      },
      "tick": {
       "T": "0.00024309869807141699530009183728593809086489114580520",
       "T_delta": "0.00027285129604365620736698499317871759890859481582538",
       "exact_copy_merge": false,
       "n_common": 37022,
       "n_shift": 36650,
       "non_constant": true,
       "sufficient": true
      }
     },
     "binance×chainlink": {
      "basis_doc_triggered": false,
      "coaberrance": {
       "K": 244,
       "gate": "417.19466674034448829707068921527211815948691028553",
       "n": 37379,
       "note": "z co-aberrance (seuil 2.33, unilatéral)",
       "p_co": "0.011288637946607850637506981058414532004106091135841",
       "queue": null,
       "z": "-8.7126072444595126496463342015974570996363822787016"
      },
      "delta": {
       "best_corr": "0.12518808215803913043179953276840463748966913712161",
       "best_lag": 1,
       "n_jumps_a": 235,
       "n_jumps_b": 391,
       "note": "lag=1 (>0 : binance précède chainlink)"
      },
      "is_peg_usdt_usd": true,
      "rho_raw": {
       "n": 36410,
       "note": "ok",
       "rho": "0.078753916010123347381621389812957400920225114892991",
       "sufficient": true
      },
      "rho_resid": {
       "n": 37377,
       "note": "ok",
       "rho": "-0.11521682505920547934060668024522413857416465421233",
       "sufficient": true
      },
      "tick": {
       "T": "0",
       "T_delta": "0",
       "exact_copy_merge": false,
       "n_common": 37379,
       "n_shift": 37085,
       "non_constant": true,
       "sufficient": true
      }
     },
     "binance×coinbase": {
      "basis_doc_triggered": false,
      "coaberrance": {
       "K": 1,
       "gate": "0.020786131057595656024825085314494270558523905103541",
       "n": 37525,
       "note": "garde §5.4 (n·p·(1−p) < 10) : queue exacte P(K≥K_obs|Bin(n,p_co))",
       "p_co": "5.5392785000983133163278666986832229546280716253564E-7",
       "queue": "0.020571605425652512693174196833959260310817249832852",
       "z": null
      },
      "delta": {
       "best_corr": "0.90380139508875743767852349938117659204253629378231",
       "best_lag": 0,
       "n_jumps_a": 235,
       "n_jumps_b": 215,
       "note": "lag=0 (>0 : binance précède coinbase)"
      },
      "is_peg_usdt_usd": true,
      "rho_raw": {
       "n": 36479,
       "note": "ok",
       "rho": "0.97942137058553309258949901629208519410656140949105",
       "sufficient": true
      },
      "rho_resid": {
       "n": 37522,
       "note": "ok",
       "rho": "0.17261000109514355886225638282854687897405955651155",
       "sufficient": true
      },
      "tick": {
       "T": "0.00034643570952698201199200532978014656895403064623584",
       "T_delta": "0.00029620853080568720379146919431279620853080568720379",
       "exact_copy_merge": false,
       "n_common": 37525,
       "n_shift": 37136,
       "non_constant": true,
       "sufficient": true
      }
     },
     "binance×coingecko": {
      "basis_doc_triggered": true,
      "coaberrance": {
       "K": 53,
       "gate": "100.57179791334657621998214286208584175416627850334",
       "n": 37383,
       "note": "z co-aberrance (seuil 2.33, unilatéral)",
       "p_co": "0.0026975853398123639482279917043392971604938692995748",
       "queue": null,
       "z": "-4.7707631558701732745109632535496051280297528974286"
      },
      "delta": {
       "best_corr": "0.47719574879595564061235284379606863900628880060745",
       "best_lag": 2,
       "n_jumps_a": 235,
       "n_jumps_b": 261,
       "note": "lag=2 (>0 : binance précède coingecko)"
      },
      "is_peg_usdt_usd": true,
      "rho_raw": {
       "n": 36429,
       "note": "ok",
       "rho": "-0.0051661120507304000185855320813167854752910947036712",
       "sufficient": true
      },
      "rho_resid": {
       "n": 37383,
       "note": "ok",
       "rho": "-0.050877956571530270232706287885312193352246620729139",
       "sufficient": true
      },
      "tick": {
       "T": "0.0021400101650482839793489019072840595992830965947088",
       "T_delta": "0.0015362225097024579560155239327296248382923673997413",
       "exact_copy_merge": false,
       "n_common": 37383,
       "n_shift": 37104,
       "non_constant": true,
       "sufficient": true
      }
     },
     "binance×defillama": {
      "basis_doc_triggered": false,
      "coaberrance": {
       "K": 90,
       "gate": "174.31966609371302593328353185627563291129663030004",
       "n": 37158,
       "note": "z co-aberrance (seuil 2.33, unilatéral)",
       "p_co": "0.0047135265008593028339152063898303780093195117721461",
       "queue": null,
       "z": "-6.4489211608534744513170172393068851979699855814611"
      },
      "delta": {
       "best_corr": "0.10286100785550348829823279070272258404541148801187",
       "best_lag": 3,
       "n_jumps_a": 235,
       "n_jumps_b": 457,
       "note": "lag=3 (>0 : binance précède defillama)"
      },
      "is_peg_usdt_usd": true,
      "rho_raw": {
       "n": 35986,
       "note": "ok",
       "rho": "-0.018340003033828077115225325774834605364160914327317",
       "sufficient": true
      },
      "rho_resid": {
       "n": 37157,
       "note": "ok",
       "rho": "-0.075892635600351138855583359569645878358800701696563",
       "sufficient": true
      },
      "tick": {
       "T": "0",
       "T_delta": "0",
       "exact_copy_merge": false,
       "n_common": 37158,
       "n_shift": 36874,
       "non_constant": true,
       "sufficient": true
      }
     },
     "binance×gemini": {
      "basis_doc_triggered": false,
      "coaberrance": {
       "K": 42,
       "gate": "7.8757159598805708280815264239685504458535993644021",
       "n": 37463,
       "note": "garde §5.4 (n·p·(1−p) < 10) : queue exacte P(K≥K_obs|Bin(n,p_co))",
       "p_co": "0.00021027072953873154952992300791635202801195151437566",
       "queue": "1.4455692900872323920680894686326705290311658555231E-17",
       "z": null
      },
      "delta": {
       "best_corr": "0.70598241312545254117665163600103478601959311379805",
       "best_lag": 0,
       "n_jumps_a": 235,
       "n_jumps_b": 270,
       "note": "lag=0 (>0 : binance précède gemini)"
      },
      "is_peg_usdt_usd": true,
      "rho_raw": {
       "n": 36375,
       "note": "ok",
       "rho": "0.89651195060629545509601049637055899550277882640114",
       "sufficient": true
      },
      "rho_resid": {
       "n": 37459,
       "note": "ok",
       "rho": "0.16124389741215761996894033831355190723602405214969",
       "sufficient": true
      },
      "tick": {
       "T": "0.00032031604516456236820329391666444224968635720577637",
       "T_delta": "0.00032368570118415019016534944568823672214279934183907",
       "exact_copy_merge": false,
       "n_common": 37463,
       "n_shift": 37073,
       "non_constant": true,
       "sufficient": true
      }
     },
     "binance×kraken": {
      "basis_doc_triggered": false,
      "coaberrance": {
       "K": 0,
       "gate": "2.0067949137448578765861231306205721921378456199484",
       "n": 37524,
       "note": "garde §5.4 (n·p·(1−p) < 10) : queue exacte P(K≥K_obs|Bin(n,p_co))",
       "p_co": "0.000053483164087708167664568321585630316165575007015940",
       "queue": "1",
       "z": null
      },
      "delta": {
       "best_corr": "0.85011991328504242448874288961297139000262297124180",
       "best_lag": 0,
       "n_jumps_a": 235,
       "n_jumps_b": 234,
       "note": "lag=0 (>0 : binance précède kraken)"
      },
      "is_peg_usdt_usd": true,
      "rho_raw": {
       "n": 36523,
       "note": "ok",
       "rho": "0.95763226856999787374927544350782112958008758626019",
       "sufficient": true
      },
      "rho_resid": {
       "n": 37524,
       "note": "ok",
       "rho": "0.10706665188442794391311241939507695214097907076737",
       "sufficient": true
      },
      "tick": {
       "T": "0.00039974416373520946594179724976015350175887432043492",
       "T_delta": "0.00034977264777894368660370759006645680307799930045470",
       "exact_copy_merge": false,
       "n_common": 37524,
       "n_shift": 37167,
       "non_constant": true,
       "sufficient": true
      }
     },
     "binance×okx_index": {
      "basis_doc_triggered": false,
      "coaberrance": {
       "K": 0,
       "gate": "0.043194365120510735874890386656114718562164372834316",
       "n": 37528,
       "note": "garde §5.4 (n·p·(1−p) < 10) : queue exacte P(K≥K_obs|Bin(n,p_co))",
       "p_co": "0.0000011509916552153529386610544891066003056238579833815",
       "queue": "1",
       "z": null
      },
      "delta": {
       "best_corr": "0.92093529273482034482692309034058468862614984365859",
       "best_lag": 0,
       "n_jumps_a": 235,
       "n_jumps_b": 243,
       "note": "lag=0 (>0 : binance précède okx_index)"
      },
      "is_peg_usdt_usd": true,
      "rho_raw": {
       "n": 36471,
       "note": "ok",
       "rho": "0.98118798776487480281107198893817434607411688552274",
       "sufficient": true
      },
      "rho_resid": {
       "n": 37526,
       "note": "ok",
       "rho": "0.21012537182570299896240947496620260509092246368720",
       "sufficient": true
      },
      "tick": {
       "T": "0.00021317416329140908121935621402685994457471754423364",
       "T_delta": "0.00040386634716351202175493390054118090519910610915161",
       "exact_copy_merge": false,
       "n_common": 37528,
       "n_shift": 37141,
       "non_constant": true,
       "sufficient": true
      }
     },
     "binance×okx_ticker": {
      "basis_doc_triggered": false,
      "coaberrance": {
       "K": 1389,
       "gate": "74.496471183785247268737238413550853119413399972874",
       "n": 37513,
       "note": "z co-aberrance (seuil 2.33, unilatéral)",
       "p_co": "0.0019898436026338582350924395667911764019905758237614",
       "queue": null,
       "z": "152.28068790138430850334510471621259168715063367112"
      },
      "delta": {
       "best_corr": "0.91476087614885174598346834076412140052902673100530",
       "best_lag": 0,
       "n_jumps_a": 235,
       "n_jumps_b": 230,
       "note": "lag=0 (>0 : binance précède okx_ticker)"
      },
      "is_peg_usdt_usd": false,
      "rho_raw": {
       "n": 36463,
       "note": "ok",
       "rho": "0.97711143979363322919979582131014132241981854489487",
       "sufficient": true
      },
      "rho_resid": {
       "n": 37510,
       "note": "ok",
       "rho": "0.94572545723229292933780835704736343134176929217529",
       "sufficient": true
      },
      "tick": {
       "T": "0.0028523445205662037160451043638205422120331618372298",
       "T_delta": "0.00053851746142868682517030614717682220846010931904467",
       "exact_copy_merge": false,
       "n_common": 37513,
       "n_shift": 37139,
       "non_constant": true,
       "sufficient": true
      }
     },
     "bitfinex×chainlink": {
      "basis_doc_triggered": false,
      "coaberrance": {
       "K": 3558,
       "gate": "3544.5766515828629937672939973410611979776545994357",
       "n": 38287,
       "note": "z co-aberrance (seuil 2.33, unilatéral)",
       "p_co": "0.10323699387919539787794900793428179135054716892770",
       "queue": null,
       "z": "-6.6284681955113206380714326174404660024925308425970"
      },
      "delta": {
       "best_corr": "0.10839278763867196267373868765247776173710792943941",
       "best_lag": 1,
       "n_jumps_a": 226,
       "n_jumps_b": 391,
       "note": "lag=1 (>0 : bitfinex précède chainlink)"
      },
      "is_peg_usdt_usd": false,
      "rho_raw": {
       "n": 37805,
       "note": "ok",
       "rho": "0.11051138128686280997282971264633489501109293016129",
       "sufficient": true
      },
      "rho_resid": {
       "n": 38285,
       "note": "ok",
       "rho": "-0.022782606097787497577245915579299832023076760779073",
       "sufficient": true
      },
      "tick": {
       "T": "0.000052237051740799749262151644161203541672108026223000",
       "T_delta": "0.000052693979712817810565142932419971018311157950204189",
       "exact_copy_merge": false,
       "n_common": 38287,
       "n_shift": 37955,
       "non_constant": true,
       "sufficient": true
      }
     },
     "bitfinex×coingecko": {
      "basis_doc_triggered": false,
      "coaberrance": {
       "K": 712,
       "gate": "979.02556443676701444250904569738172163397690732503",
       "n": 38317,
       "note": "z co-aberrance (seuil 2.33, unilatéral)",
       "p_co": "0.026239178642195056209690226796957820426501310074472",
       "queue": null,
       "z": "-9.3771934287502111220758871884461563633436968243403"
      },
      "delta": {
       "best_corr": "0.43425332251857005363666448053603108563548746298483",
       "best_lag": 2,
       "n_jumps_a": 226,
       "n_jumps_b": 261,
       "note": "lag=2 (>0 : bitfinex précède coingecko)"
      },
      "is_peg_usdt_usd": false,
      "rho_raw": {
       "n": 37868,
       "note": "ok",
       "rho": "0.0012883711238123987909583235823650607771275593942899",
       "sufficient": true
      },
      "rho_resid": {
       "n": 38315,
       "note": "ok",
       "rho": "0.044476037181891608250729414689807626928979869562303",
       "sufficient": true
      },
      "tick": {
       "T": "0.0048542422423467390453323590051413210846360623222069",
       "T_delta": "0.0064495748545555058309421644246715981783241635296286",
       "exact_copy_merge": false,
       "n_common": 38317,
       "n_shift": 37987,
       "non_constant": true,
       "sufficient": true
      }
     },
     "bitfinex×defillama": {
      "basis_doc_triggered": false,
      "coaberrance": {
       "K": 1259,
       "gate": "1608.0465295750039882779592995950215380104889831388",
       "n": 38076,
       "note": "z co-aberrance (seuil 2.33, unilatéral)",
       "p_co": "0.044184849789420997660547224315502776743415210373012",
       "queue": null,
       "z": "-10.558043182578452764335334714075725048442891984967"
      },
      "delta": {
       "best_corr": "0.11179508451025922757997581559724997592736611577337",
       "best_lag": 2,
       "n_jumps_a": 226,
       "n_jumps_b": 457,
       "note": "lag=2 (>0 : bitfinex précède defillama)"
      },
      "is_peg_usdt_usd": false,
      "rho_raw": {
       "n": 37380,
       "note": "ok",
       "rho": "-0.024945975252128143048896670900454907166383289350002",
       "sufficient": true
      },
      "rho_resid": {
       "n": 38075,
       "note": "ok",
       "rho": "0.027047834491080119349260630031572357851513146309635",
       "sufficient": true
      },
      "tick": {
       "T": "0",
       "T_delta": "0",
       "exact_copy_merge": false,
       "n_common": 38076,
       "n_shift": 37744,
       "non_constant": true,
       "sufficient": true
      }
     },
     "bitstamp×bitfinex": {
      "basis_doc_triggered": false,
      "coaberrance": {
       "K": 8,
       "gate": "6.0571688905983338364217420929839512531443471898453",
       "n": 37823,
       "note": "garde §5.4 (n·p·(1−p) < 10) : queue exacte P(K≥K_obs|Bin(n,p_co))",
       "p_co": "0.00016017077512239099325053927156247900741196855361524",
       "queue": "0.26405221620274709849016898159459886769839860380059",
       "z": null
      },
      "delta": {
       "best_corr": "0.59628235716433314606071209776155671023255696608188",
       "best_lag": 0,
       "n_jumps_a": 244,
       "n_jumps_b": 226,
       "note": "lag=0 (>0 : bitstamp précède bitfinex)"
      },
      "is_peg_usdt_usd": false,
      "rho_raw": {
       "n": 36886,
       "note": "ok",
       "rho": "0.86496300448839598947027411148775365337824737018287",
       "sufficient": true
      },
      "rho_resid": {
       "n": 37822,
       "note": "ok",
       "rho": "-0.051398943069642104302758342796596437392828933779737",
       "sufficient": true
      },
      "tick": {
       "T": "0.00029082833196732147106258096925151362927319355947439",
       "T_delta": "0.00026690154002188592628179464595510716096831878719940",
       "exact_copy_merge": false,
       "n_common": 37823,
       "n_shift": 37467,
       "non_constant": true,
       "sufficient": true
      }
     },
     "bitstamp×chainlink": {
      "basis_doc_triggered": false,
      "coaberrance": {
       "K": 12,
       "gate": "13.397507939796485006356419795893796528900153156255",
       "n": 37648,
       "note": "z co-aberrance (seuil 2.33, unilatéral)",
       "p_co": "0.00035598913635584524751522095925502414925814699936369",
       "queue": null,
       "z": "-0.38310905810300081272104157272802937189492216296967"
      },
      "delta": {
       "best_corr": "0.12854289053611393862568744045427212033093811929820",
       "best_lag": 1,
       "n_jumps_a": 244,
       "n_jumps_b": 391,
       "note": "lag=1 (>0 : bitstamp précède chainlink)"
      },
      "is_peg_usdt_usd": false,
      "rho_raw": {
       "n": 36701,
       "note": "ok",
       "rho": "0.083281407322551118418467110040729184541249059687603",
       "sufficient": true
      },
      "rho_resid": {
       "n": 37647,
       "note": "ok",
       "rho": "-0.031320939301026322367438644848645864707824213013212",
       "sufficient": true
      },
      "tick": {
       "T": "0",
       "T_delta": "0.000026772328121653458984793317626900835296637395587920",
       "exact_copy_merge": false,
       "n_common": 37648,
       "n_shift": 37352,
       "non_constant": true,
       "sufficient": true
      }
     },
     "bitstamp×coingecko": {
      "basis_doc_triggered": false,
      "coaberrance": {
       "K": 5,
       "gate": "3.9814454995231747266088955924419652531110358866914",
       "n": 37665,
       "note": "garde §5.4 (n·p·(1−p) < 10) : queue exacte P(K≥K_obs|Bin(n,p_co))",
       "p_co": "0.00010571794648262015026269035034291085681693411505417",
       "queue": "0.36762023294450183664072944990119148228970065619841",
       "z": null
      },
      "delta": {
       "best_corr": "0.46415806263451151548757809663245822557496851775368",
       "best_lag": 2,
       "n_jumps_a": 244,
       "n_jumps_b": 261,
       "note": "lag=2 (>0 : bitstamp précède coingecko)"
      },
      "is_peg_usdt_usd": false,
      "rho_raw": {
       "n": 36737,
       "note": "ok",
       "rho": "0.0031086265231449252265451708707152512636597742985156",
       "sufficient": true
      },
      "rho_resid": {
       "n": 37665,
       "note": "ok",
       "rho": "-0.090339624074720165169977032020211182030739557629100",
       "sufficient": true
      },
      "tick": {
       "T": "0.00037169786273728926058675162617814947564051506703836",
       "T_delta": "0.00058861301369863013698630136986301369863013698630137",
       "exact_copy_merge": false,
       "n_common": 37665,
       "n_shift": 37376,
       "non_constant": true,
       "sufficient": true
      }
     },
     "bitstamp×defillama": {
      "basis_doc_triggered": false,
      "coaberrance": {
       "K": 4,
       "gate": "6.0215802960059017373694236059658904562637595579847",
       "n": 37429,
       "note": "garde §5.4 (n·p·(1−p) < 10) : queue exacte P(K≥K_obs|Bin(n,p_co))",
       "p_co": "0.00016090596489678673397796028845383293483104057442367",
       "queue": "0.85081845304376605112520611124399435461824083596710",
       "z": null
      },
      "delta": {
       "best_corr": "0.10110036525983102960868443596980832327990423654399",
       "best_lag": 3,
       "n_jumps_a": 244,
       "n_jumps_b": 457,
       "note": "lag=3 (>0 : bitstamp précède defillama)"
      },
      "is_peg_usdt_usd": false,
      "rho_raw": {
       "n": 36260,
       "note": "ok",
       "rho": "-0.011678719858308698892133836900905202275266682446584",
       "sufficient": true
      },
      "rho_resid": {
       "n": 37429,
       "note": "ok",
       "rho": "-0.12936731556242980515672972954946587132331398392296",
       "sufficient": true
      },
      "tick": {
       "T": "0",
       "T_delta": "0",
       "exact_copy_merge": false,
       "n_common": 37429,
       "n_shift": 37132,
       "non_constant": true,
       "sufficient": true
      }
     },
     "bitstamp×gemini": {
      "basis_doc_triggered": false,
      "coaberrance": {
       "K": 3,
       "gate": "0.13914949390376427077039542638036135145609998429953",
       "n": 37765,
       "note": "garde §5.4 (n·p·(1−p) < 10) : queue exacte P(K≥K_obs|Bin(n,p_co))",
       "p_co": "0.0000036846287996792304503754035496788316620538397890092",
       "queue": "0.00040467118667818045784423243151988110598051750719566",
       "z": null
      },
      "delta": {
       "best_corr": "0.69132213133187875211914680822021388897713321315792",
       "best_lag": 0,
       "n_jumps_a": 244,
       "n_jumps_b": 270,
       "note": "lag=0 (>0 : bitstamp précède gemini)"
      },
      "is_peg_usdt_usd": false,
      "rho_raw": {
       "n": 36733,
       "note": "ok",
       "rho": "0.90289814657796310979975574211887957319255828448957",
       "sufficient": true
      },
      "rho_resid": {
       "n": 37762,
       "note": "ok",
       "rho": "0.62146947925893791412524798462412848184945903501320",
       "sufficient": true
      },
      "tick": {
       "T": "0.00066198861379584271150536210777174632596319343307295",
       "T_delta": "0.00029437739181630850750662349131586694141889902855461",
       "exact_copy_merge": false,
       "n_common": 37765,
       "n_shift": 37367,
       "non_constant": true,
       "sufficient": true
      }
     },
     "coinbase×bitfinex": {
      "basis_doc_triggered": false,
      "coaberrance": {
       "K": 4,
       "gate": "2.1741611787636744060488624816535864724296905939083",
       "n": 38420,
       "note": "garde §5.4 (n·p·(1−p) < 10) : queue exacte P(K≥K_obs|Bin(n,p_co))",
       "p_co": "0.000056592509811689805625161066716238858112518938464994",
       "queue": "0.17561022656613622793548432134981205250441289894035",
       "z": null
      },
      "delta": {
       "best_corr": "0.58675466123997109242941362570341052792189883834331",
       "best_lag": 0,
       "n_jumps_a": 215,
       "n_jumps_b": 226,
       "note": "lag=0 (>0 : coinbase précède bitfinex)"
      },
      "is_peg_usdt_usd": false,
      "rho_raw": {
       "n": 37935,
       "note": "ok",
       "rho": "0.84947190535063785027845696859294792895758149138079",
       "sufficient": true
      },
      "rho_resid": {
       "n": 38419,
       "note": "ok",
       "rho": "-0.041795414431087673064235814395475533937562709196962",
       "sufficient": true
      },
      "tick": {
       "T": "0.00033836543466944299843831337844872462259239979177512",
       "T_delta": "0.000078887165058245023534670909043098687843487864524442",
       "exact_copy_merge": false,
       "n_common": 38420,
       "n_shift": 38029,
       "non_constant": true,
       "sufficient": true
      }
     },
     "coinbase×bitstamp": {
      "basis_doc_triggered": false,
      "coaberrance": {
       "K": 2,
       "gate": "0.018511163753443898253238684122686978328306160618767",
       "n": 37815,
       "note": "garde §5.4 (n·p·(1−p) < 10) : queue exacte P(K≥K_obs|Bin(n,p_co))",
       "p_co": "4.8951931283936254165700084559216443219457329729142E-7",
       "queue": "0.00016922763137358511071812141569782531584088035156240",
       "z": null
      },
      "delta": {
       "best_corr": "0.83855151096635804280456348894189771093412801471258",
       "best_lag": 0,
       "n_jumps_a": 215,
       "n_jumps_b": 244,
       "note": "lag=0 (>0 : coinbase précède bitstamp)"
      },
      "is_peg_usdt_usd": false,
      "rho_raw": {
       "n": 36806,
       "note": "ok",
       "rho": "0.96306841804669802509151068751168745812090487584471",
       "sufficient": true
      },
      "rho_resid": {
       "n": 37814,
       "note": "ok",
       "rho": "0.80836102105077337537458086853184600175589173594738",
       "sufficient": true
      },
      "tick": {
       "T": "0.00076689144519370620124289303186566177442813698267883",
       "T_delta": "0.00021388086835632552668163832745160945353438134958828",
       "exact_copy_merge": false,
       "n_common": 37815,
       "n_shift": 37404,
       "non_constant": true,
       "sufficient": true
      }
     },
     "coinbase×chainlink": {
      "basis_doc_triggered": false,
      "coaberrance": {
       "K": 3,
       "gate": "6.4703267334867998076768833191592396908561210616457",
       "n": 38229,
       "note": "garde §5.4 (n·p·(1−p) < 10) : queue exacte P(K≥K_obs|Bin(n,p_co))",
       "p_co": "0.00016928044727129845397834884905748620940252847399097",
       "queue": "0.95605964600461270129348628776753164269305847596434",
       "z": null
      },
      "delta": {
       "best_corr": "0.13992837724547060065540153448958473785298163717309",
       "best_lag": 1,
       "n_jumps_a": 215,
       "n_jumps_b": 391,
       "note": "lag=1 (>0 : coinbase précède chainlink)"
      },
      "is_peg_usdt_usd": false,
      "rho_raw": {
       "n": 37706,
       "note": "ok",
       "rho": "0.082864901978289168054343661423286802107393074029237",
       "sufficient": true
      },
      "rho_resid": {
       "n": 38228,
       "note": "ok",
       "rho": "-0.13814209027105138477120229163232728585376986976130",
       "sufficient": true
      },
      "tick": {
       "T": "0.000026158152188129430537026864422297208925161526589762",
       "T_delta": "0.000079155672823218997361477572559366754617414248021108",
       "exact_copy_merge": false,
       "n_common": 38229,
       "n_shift": 37900,
       "non_constant": true,
       "sufficient": true
      }
     },
     "coinbase×coingecko": {
      "basis_doc_triggered": false,
      "coaberrance": {
       "K": 0,
       "gate": "1.9291631494030650003011336825075351673054216806818",
       "n": 38253,
       "note": "garde §5.4 (n·p·(1−p) < 10) : queue exacte P(K≥K_obs|Bin(n,p_co))",
       "p_co": "0.000050434226077974843912374566927604946689762179928640",
       "queue": "1",
       "z": null
      },
      "delta": {
       "best_corr": "0.46700247015462967903051820363561419147073773975211",
       "best_lag": 2,
       "n_jumps_a": 215,
       "n_jumps_b": 261,
       "note": "lag=2 (>0 : coinbase précède coingecko)"
      },
      "is_peg_usdt_usd": false,
      "rho_raw": {
       "n": 37760,
       "note": "ok",
       "rho": "-0.0053903528434265659019855410551293745166594729361101",
       "sufficient": true
      },
      "rho_resid": {
       "n": 38252,
       "note": "ok",
       "rho": "-0.21463665818779787682305189590272718020146557145133",
       "sufficient": true
      },
      "tick": {
       "T": "0.00039212610775625441141871225786212846051290094894518",
       "T_delta": "0.00055369525667730113112031006934373928863342737363883",
       "exact_copy_merge": false,
       "n_common": 38253,
       "n_shift": 37927,
       "non_constant": true,
       "sufficient": true
      }
     },
     "coinbase×defillama": {
      "basis_doc_triggered": false,
      "coaberrance": {
       "K": 1,
       "gate": "3.1109091082781987496319743631525875968053070162832",
       "n": 38016,
       "note": "garde §5.4 (n·p·(1−p) < 10) : queue exacte P(K≥K_obs|Bin(n,p_co))",
       "p_co": "0.000081838271268379643800519221394642270063145484020904",
       "queue": "0.95545658883860722791957093967185014669573637704559",
       "z": null
      },
      "delta": {
       "best_corr": "0.10300235171275624371598965089701291403177440154799",
       "best_lag": 3,
       "n_jumps_a": 215,
       "n_jumps_b": 457,
       "note": "lag=3 (>0 : coinbase précède defillama)"
      },
      "is_peg_usdt_usd": false,
      "rho_raw": {
       "n": 37283,
       "note": "ok",
       "rho": "-0.017310868681627008671618362437444090555313819176857",
       "sufficient": true
      },
      "rho_resid": {
       "n": 38015,
       "note": "ok",
       "rho": "-0.26095872085861396244405605438554677047241373527013",
       "sufficient": true
      },
      "tick": {
       "T": "0",
       "T_delta": "0",
       "exact_copy_merge": false,
       "n_common": 38016,
       "n_shift": 37692,
       "non_constant": true,
       "sufficient": true
      }
     },
     "coinbase×gemini": {
      "basis_doc_triggered": false,
      "coaberrance": {
       "K": 1,
       "gate": "0.061227052888889519054722174706605637990922146445708",
       "n": 38349,
       "note": "garde §5.4 (n·p·(1−p) < 10) : queue exacte P(K≥K_obs|Bin(n,p_co))",
       "p_co": "0.0000015965775024845700423007565504210758631200824405713",
       "queue": "0.059390490531632746675242934901904282265239801006619",
       "z": null
      },
      "delta": {
       "best_corr": "0.69353642787765199124139211569978593869312247351559",
       "best_lag": 0,
       "n_jumps_a": 215,
       "n_jumps_b": 270,
       "note": "lag=0 (>0 : coinbase précède gemini)"
      },
      "is_peg_usdt_usd": false,
      "rho_raw": {
       "n": 37751,
       "note": "ok",
       "rho": "0.88913021658935979275098293373202686502716878987863",
       "sufficient": true
      },
      "rho_resid": {
       "n": 38347,
       "note": "ok",
       "rho": "0.61466037995342925344885050197573206821381962366310",
       "sufficient": true
      },
      "tick": {
       "T": "0.00036506818952254296070301702782341130146809564786565",
       "T_delta": "0.00023734177215189873417721518987341772151898734177215",
       "exact_copy_merge": false,
       "n_common": 38349,
       "n_shift": 37920,
       "non_constant": true,
       "sufficient": true
      }
     },
     "coinbase×kraken": {
      "basis_doc_triggered": false,
      "coaberrance": {
       "K": 0,
       "gate": "0.012804159689092658271136287202244270334114477924849",
       "n": 38425,
       "note": "garde §5.4 (n·p·(1−p) < 10) : queue exacte P(K≥K_obs|Bin(n,p_co))",
       "p_co": "3.3322482643482030114685724372441392517426363112621E-7",
       "queue": "1",
       "z": null
      },
      "delta": {
       "best_corr": "0.83901814273224163463213757235908239651375587886592",
       "best_lag": 0,
       "n_jumps_a": 215,
       "n_jumps_b": 234,
       "note": "lag=0 (>0 : coinbase précède kraken)"
      },
      "is_peg_usdt_usd": false,
      "rho_raw": {
       "n": 37933,
       "note": "ok",
       "rho": "0.95418639131322298749215243865830475269556706636148",
       "sufficient": true
      },
      "rho_resid": {
       "n": 38425,
       "note": "ok",
       "rho": "0.80075963538274939034038506334640551740391698370480",
       "sufficient": true
      },
      "tick": {
       "T": "0.00072869225764476252439817826935588809368900455432661",
       "T_delta": "0.00031557355493609635512544048808709830116236259401462",
       "exact_copy_merge": false,
       "n_common": 38425,
       "n_shift": 38026,
       "non_constant": true,
       "sufficient": true
      }
     },
     "coinbase×okx_index": {
      "basis_doc_triggered": false,
      "coaberrance": {
       "K": 0,
       "gate": "0.000052060285740420299379967440631902578191734046237815",
       "n": 38417,
       "note": "garde §5.4 (n·p·(1−p) < 10) : queue exacte P(K≥K_obs|Bin(n,p_co))",
       "p_co": "1.3551366793598954166220993268040765728409622454524E-9",
       "queue": "1",
       "z": null
      },
      "delta": {
       "best_corr": "0.86928710665557262655822806785262868240166153344240",
       "best_lag": 0,
       "n_jumps_a": 215,
       "n_jumps_b": 243,
       "note": "lag=0 (>0 : coinbase précède okx_index)"
      },
      "is_peg_usdt_usd": false,
      "rho_raw": {
       "n": 37861,
       "note": "ok",
       "rho": "0.98052096040395331151371942026379810037784946241012",
       "sufficient": true
      },
      "rho_resid": {
       "n": 38415,
       "note": "ok",
       "rho": "0.91959876332067348409008986547404838174314719946406",
       "sufficient": true
      },
      "tick": {
       "T": "0.00083296457297550563552593903740531535518129994533670",
       "T_delta": "0.00031588922817731915341686848478466884279246077708750",
       "exact_copy_merge": false,
       "n_common": 38417,
       "n_shift": 37988,
       "non_constant": true,
       "sufficient": true
      }
     },
     "coinbase×okx_ticker": {
      "basis_doc_triggered": false,
      "coaberrance": {
       "K": 1,
       "gate": "0.10647576134284769003075056423114936594483883754419",
       "n": 38403,
       "note": "garde §5.4 (n·p·(1−p) < 10) : queue exacte P(K≥K_obs|Bin(n,p_co))",
       "p_co": "0.0000027725973636976642421329985744435364035514283033284",
       "queue": "0.10100355972320578502640283447487215218931279398013",
       "z": null
      },
      "delta": {
       "best_corr": "0.88912721210142293374266143983072819938116705790440",
       "best_lag": 0,
       "n_jumps_a": 215,
       "n_jumps_b": 230,
       "note": "lag=0 (>0 : coinbase précède okx_ticker)"
      },
      "is_peg_usdt_usd": true,
      "rho_raw": {
       "n": 37838,
       "note": "ok",
       "rho": "0.97751206081498762670567180389228980092880535925415",
       "sufficient": true
      },
      "rho_resid": {
       "n": 38400,
       "note": "ok",
       "rho": "0.20902572329290024476476541746615450041524005379262",
       "sufficient": true
      },
      "tick": {
       "T": "0.00028643595552430799677108559227143712730776241439471",
       "T_delta": "0.00023694187026116259477674810446503791069924178601516",
       "exact_copy_merge": false,
       "n_common": 38403,
       "n_shift": 37984,
       "non_constant": true,
       "sufficient": true
      }
     },
     "coingecko×chainlink": {
      "basis_doc_triggered": false,
      "coaberrance": {
       "K": 3086,
       "gate": "1657.0810636104984865830015298065240464326629306815",
       "n": 38190,
       "note": "z co-aberrance (seuil 2.33, unilatéral)",
       "p_co": "0.045456761341512555467998412863947513435427567170967",
       "queue": null,
       "z": "33.163771407409626092805816596358657615443565527010"
      },
      "delta": {
       "best_corr": "0.11907234627392927166600209332667985768891409937495",
       "best_lag": -1,
       "n_jumps_a": 261,
       "n_jumps_b": 391,
       "note": "lag=-1 (>0 : coingecko précède chainlink)"
      },
      "is_peg_usdt_usd": false,
      "rho_raw": {
       "n": 37654,
       "note": "ok",
       "rho": "0.098743029134289384533034170524641689613303811278116",
       "sufficient": true
      },
      "rho_resid": {
       "n": 38189,
       "note": "ok",
       "rho": "0.37418148753663044270315220367249301402465058337012",
       "sufficient": true
      },
      "tick": {
       "T": "0.000052369730295888976171772715370515841843414506415292",
       "T_delta": "0.000052799704321655798727527125848095250666596267060904",
       "exact_copy_merge": false,
       "n_common": 38190,
       "n_shift": 37879,
       "non_constant": true,
       "sufficient": true
      }
     },
     "coingecko×defillama": {
      "basis_doc_triggered": true,
      "coaberrance": {
       "K": 4438,
       "gate": "758.27573917656049792424619918359585803079382040828",
       "n": 37985,
       "note": "z co-aberrance (seuil 2.33, unilatéral)",
       "p_co": "0.020377757658403813855219413231797972669182144791607",
       "queue": null,
       "z": "133.05648969191047616847653035335537130492151411189"
      },
      "delta": {
       "best_corr": "0.12411095222415151750489340701382478971558784488963",
       "best_lag": 1,
       "n_jumps_a": 261,
       "n_jumps_b": 457,
       "note": "lag=1 (>0 : coingecko précède defillama)"
      },
      "is_peg_usdt_usd": false,
      "rho_raw": {
       "n": 37226,
       "note": "ok",
       "rho": "0.19040219697047628093205602092773825228318935148224",
       "sufficient": true
      },
      "rho_resid": {
       "n": 37984,
       "note": "ok",
       "rho": "0.78012156669322912135603423220034590726479503351901",
       "sufficient": true
      },
      "tick": {
       "T": "0",
       "T_delta": "0",
       "exact_copy_merge": false,
       "n_common": 37985,
       "n_shift": 37658,
       "non_constant": true,
       "sufficient": true
      }
     },
     "defillama×chainlink": {
      "basis_doc_triggered": false,
      "coaberrance": {
       "K": 5172,
       "gate": "2539.2652714554940606273147577681724861522007376995",
       "n": 37954,
       "note": "z co-aberrance (seuil 2.33, unilatéral)",
       "p_co": "0.072102534551127167862715273608737666754897693193830",
       "queue": null,
       "z": "48.330345930211780396899997182182216068740640229625"
      },
      "delta": {
       "best_corr": "0.091938769177257350915985564801005510795543323075726",
       "best_lag": -3,
       "n_jumps_a": 457,
       "n_jumps_b": 391,
       "note": "lag=-3 (>0 : defillama précède chainlink)"
      },
      "is_peg_usdt_usd": false,
      "rho_raw": {
       "n": 37178,
       "note": "ok",
       "rho": "0.054227286673089680715542192176570010447484872896736",
       "sufficient": true
      },
      "rho_resid": {
       "n": 37952,
       "note": "ok",
       "rho": "0.43823601879116652391189640517130250203552940656790",
       "sufficient": true
      },
      "tick": {
       "T": "0",
       "T_delta": "0",
       "exact_copy_merge": false,
       "n_common": 37954,
       "n_shift": 37633,
       "non_constant": true,
       "sufficient": true
      }
     },
     "gemini×bitfinex": {
      "basis_doc_triggered": false,
      "coaberrance": {
       "K": 96,
       "gate": "64.482045046383271051816810697928253827543203450647",
       "n": 38372,
       "note": "z co-aberrance (seuil 2.33, unilatéral)",
       "p_co": "0.0016832786748398807814982103522030037517040493786684",
       "queue": null,
       "z": "3.9114510350589899794043777199133179137587697273949"
      },
      "delta": {
       "best_corr": "0.58021993641095392762857339111761619733568688551886",
       "best_lag": 0,
       "n_jumps_a": 270,
       "n_jumps_b": 226,
       "note": "lag=0 (>0 : gemini précède bitfinex)"
      },
      "is_peg_usdt_usd": false,
      "rho_raw": {
       "n": 37865,
       "note": "ok",
       "rho": "0.83265579932575407028723967715595341274744323805874",
       "sufficient": true
      },
      "rho_resid": {
       "n": 38370,
       "note": "ok",
       "rho": "0.10305931332295576887467601054972115345317931329804",
       "sufficient": true
      },
      "tick": {
       "T": "0.00046909204628374856666319191076826852913582820806838",
       "T_delta": "0.00026333807341865486912097751092853004687417706852057",
       "exact_copy_merge": false,
       "n_common": 38372,
       "n_shift": 37974,
       "non_constant": true,
       "sufficient": true
      }
     },
     "gemini×chainlink": {
      "basis_doc_triggered": false,
      "coaberrance": {
       "K": 79,
       "gate": "75.871164379949757417040867399401719637313762517033",
       "n": 38176,
       "note": "z co-aberrance (seuil 2.33, unilatéral)",
       "p_co": "0.0019913703226297717405738560153564133893647562724443",
       "queue": null,
       "z": "0.34182640008307775293068092960957577390287297116531"
      },
      "delta": {
       "best_corr": "0.12716735242863496353650388370902376667380467562099",
       "best_lag": 1,
       "n_jumps_a": 270,
       "n_jumps_b": 391,
       "note": "lag=1 (>0 : gemini précède chainlink)"
      },
      "is_peg_usdt_usd": false,
      "rho_raw": {
       "n": 37621,
       "note": "ok",
       "rho": "0.094612028487142502482174591180653992109409533502852",
       "sufficient": true
      },
      "rho_resid": {
       "n": 38174,
       "note": "ok",
       "rho": "-0.087468515143048348929703598307515990842478961451732",
       "sufficient": true
      },
      "tick": {
       "T": "0",
       "T_delta": "0",
       "exact_copy_merge": false,
       "n_common": 38176,
       "n_shift": 37842,
       "non_constant": true,
       "sufficient": true
      }
     },
     "gemini×coingecko": {
      "basis_doc_triggered": false,
      "coaberrance": {
       "K": 46,
       "gate": "20.638437622129643110361837471929653555615201496227",
       "n": 38202,
       "note": "z co-aberrance (seuil 2.33, unilatéral)",
       "p_co": "0.00054053713149595604008473650114010018100651125315538",
       "queue": null,
       "z": "5.5801569780145952526743982947457679461816332703257"
      },
      "delta": {
       "best_corr": "0.43535925735031633025744915869759603090655826535869",
       "best_lag": 2,
       "n_jumps_a": 270,
       "n_jumps_b": 261,
       "note": "lag=2 (>0 : gemini précède coingecko)"
      },
      "is_peg_usdt_usd": false,
      "rho_raw": {
       "n": 37681,
       "note": "ok",
       "rho": "-0.0047999463072367545247636361186972781543416946575196",
       "sufficient": true
      },
      "rho_resid": {
       "n": 38201,
       "note": "ok",
       "rho": "-0.057319069875582167086035811157649847843421818339595",
       "sufficient": true
      },
      "tick": {
       "T": "0.00057588607926286581854353175226427935710172242290980",
       "T_delta": "0.00081848184818481848184818481848184818481848184818482",
       "exact_copy_merge": false,
       "n_common": 38202,
       "n_shift": 37875,
       "non_constant": true,
       "sufficient": true
      }
     },
     "gemini×defillama": {
      "basis_doc_triggered": false,
      "coaberrance": {
       "K": 47,
       "gate": "33.254838363500171105564372723794432575239483186508",
       "n": 37962,
       "note": "z co-aberrance (seuil 2.33, unilatéral)",
       "p_co": "0.00087677205792551054710721302520858309333765399249167",
       "queue": null,
       "z": "2.3784794047472658187206733852208852428649419725021"
      },
      "delta": {
       "best_corr": "0.11145192443270662846118228451532626620295654502978",
       "best_lag": 2,
       "n_jumps_a": 270,
       "n_jumps_b": 457,
       "note": "lag=2 (>0 : gemini précède defillama)"
      },
      "is_peg_usdt_usd": false,
      "rho_raw": {
       "n": 37197,
       "note": "ok",
       "rho": "-0.010772115846972651077449518548580207177434829718435",
       "sufficient": true
      },
      "rho_resid": {
       "n": 37961,
       "note": "ok",
       "rho": "-0.12429050507524084359759007973640225189930091547158",
       "sufficient": true
      },
      "tick": {
       "T": "0",
       "T_delta": "0",
       "exact_copy_merge": false,
       "n_common": 37962,
       "n_shift": 37630,
       "non_constant": true,
       "sufficient": true
      }
     },
     "kraken×bitfinex": {
      "basis_doc_triggered": false,
      "coaberrance": {
       "K": 11,
       "gate": "15.848253054167751047824172544463939776464721873421",
       "n": 38481,
       "note": "z co-aberrance (seuil 2.33, unilatéral)",
       "p_co": "0.00041201594237540227087338031378564690491033979050824",
       "queue": null,
       "z": "-1.2194930952045848277692672546364364043397408349262"
      },
      "delta": {
       "best_corr": "0.60475439214605481308463298008105892944786826282938",
       "best_lag": 0,
       "n_jumps_a": 234,
       "n_jumps_b": 226,
       "note": "lag=0 (>0 : kraken précède bitfinex)"
      },
      "is_peg_usdt_usd": false,
      "rho_raw": {
       "n": 38051,
       "note": "ok",
       "rho": "0.87438758879048894428687540703503272957924801737180",
       "sufficient": true
      },
      "rho_resid": {
       "n": 38481,
       "note": "ok",
       "rho": "0.055910265133342136164972608360055227402286298919008",
       "sufficient": true
      },
      "tick": {
       "T": "0.0010134871754892024635534419583690652529819911124971",
       "T_delta": "0.00055136923359676530049623231023708877044660907921338",
       "exact_copy_merge": false,
       "n_common": 38481,
       "n_shift": 38087,
       "non_constant": true,
       "sufficient": true
      }
     },
     "kraken×bitstamp": {
      "basis_doc_triggered": false,
      "coaberrance": {
       "K": 0,
       "gate": "0.031353240198078079133234975643119785820037830705396",
       "n": 37827,
       "note": "garde §5.4 (n·p·(1−p) < 10) : queue exacte P(K≥K_obs|Bin(n,p_co))",
       "p_co": "8.2885944392970246254329486328986967030177652065377E-7",
       "queue": "1",
       "z": null
      },
      "delta": {
       "best_corr": "0.82444434744764608977051945152475769157192148104909",
       "best_lag": 0,
       "n_jumps_a": 234,
       "n_jumps_b": 244,
       "note": "lag=0 (>0 : kraken précède bitstamp)"
      },
      "is_peg_usdt_usd": false,
      "rho_raw": {
       "n": 36882,
       "note": "ok",
       "rho": "0.95337395171031514136326934849504672055433896275129",
       "sufficient": true
      },
      "rho_resid": {
       "n": 37827,
       "note": "ok",
       "rho": "0.75420400949693577967211603318182327506096104548604",
       "sufficient": true
      },
      "tick": {
       "T": "0.0013218071747693446480027493589235202368678457186666",
       "T_delta": "0.00034707390004271678769756514310123878684322938914994",
       "exact_copy_merge": false,
       "n_common": 37827,
       "n_shift": 37456,
       "non_constant": true,
       "sufficient": true
      }
     },
     "kraken×chainlink": {
      "basis_doc_triggered": false,
      "coaberrance": {
       "K": 19,
       "gate": "17.972121492940826394461809152996970843137767185154",
       "n": 38284,
       "note": "z co-aberrance (seuil 2.33, unilatéral)",
       "p_co": "0.00046966268660571426101169488800172036078626705998703",
       "queue": null,
       "z": "0.24046912098744438488787152968579444492994123383006"
      },
      "delta": {
       "best_corr": "0.12045693993697458474266034383343919474567799166311",
       "best_lag": 1,
       "n_jumps_a": 234,
       "n_jumps_b": 391,
       "note": "lag=1 (>0 : kraken précède chainlink)"
      },
      "is_peg_usdt_usd": false,
      "rho_raw": {
       "n": 37799,
       "note": "ok",
       "rho": "0.085330939527570033044834142920204711921095146307197",
       "sufficient": true
      },
      "rho_resid": {
       "n": 38284,
       "note": "ok",
       "rho": "-0.082994485005511227156126695329050586972452208256349",
       "sufficient": true
      },
      "tick": {
       "T": "0.00018284400794065405913697628252011284087347194650507",
       "T_delta": "0.00018443864780122783442679103101204120886359444576186",
       "exact_copy_merge": false,
       "n_common": 38284,
       "n_shift": 37953,
       "non_constant": true,
       "sufficient": true
      }
     },
     "kraken×coingecko": {
      "basis_doc_triggered": false,
      "coaberrance": {
       "K": 10,
       "gate": "4.7270690148298519577489077334129464728412031632917",
       "n": 38315,
       "note": "garde §5.4 (n·p·(1−p) < 10) : queue exacte P(K≥K_obs|Bin(n,p_co))",
       "p_co": "0.00012338907361279805040631662958460799983052223962204",
       "queue": "0.022983786336544537678490688644017574229460423182000",
       "z": null
      },
      "delta": {
       "best_corr": "0.45110139282927240045170686834245723993151293044375",
       "best_lag": 2,
       "n_jumps_a": 234,
       "n_jumps_b": 261,
       "note": "lag=2 (>0 : kraken précède coingecko)"
      },
      "is_peg_usdt_usd": false,
      "rho_raw": {
       "n": 37861,
       "note": "ok",
       "rho": "0.00095759371560835152268397085824037539821405576490690",
       "sufficient": true
      },
      "rho_resid": {
       "n": 38315,
       "note": "ok",
       "rho": "-0.079873180747393055263328846137830882514511336028583",
       "sufficient": true
      },
      "tick": {
       "T": "0.0013832702596894166775414328591935273391622080125277",
       "T_delta": "0.0023958086512387120553932022220467051049153568701788",
       "exact_copy_merge": false,
       "n_common": 38315,
       "n_shift": 37983,
       "non_constant": true,
       "sufficient": true
      }
     },
     "kraken×defillama": {
      "basis_doc_triggered": false,
      "coaberrance": {
       "K": 14,
       "gate": "7.6561962302000463868221532204543025315579004095565",
       "n": 38073,
       "note": "garde §5.4 (n·p·(1−p) < 10) : queue exacte P(K≥K_obs|Bin(n,p_co))",
       "p_co": "0.00020113299329327399999369047014895993522981312817916",
       "queue": "0.025077098650326022474061563287304122539328826358317",
       "z": null
      },
      "delta": {
       "best_corr": "0.092143670610583839629862385613312368565873670034292",
       "best_lag": 3,
       "n_jumps_a": 234,
       "n_jumps_b": 457,
       "note": "lag=3 (>0 : kraken précède defillama)"
      },
      "is_peg_usdt_usd": false,
      "rho_raw": {
       "n": 37374,
       "note": "ok",
       "rho": "-0.016020348965261742563920915170594146608502615216168",
       "sufficient": true
      },
      "rho_resid": {
       "n": 38073,
       "note": "ok",
       "rho": "-0.14986513074250036905327157920006653584656673848862",
       "sufficient": true
      },
      "tick": {
       "T": "0",
       "T_delta": "0",
       "exact_copy_merge": false,
       "n_common": 38073,
       "n_shift": 37742,
       "non_constant": true,
       "sufficient": true
      }
     },
     "kraken×gemini": {
      "basis_doc_triggered": false,
      "coaberrance": {
       "K": 2,
       "gate": "0.27216151370875464776181489319535501136363656646625",
       "n": 38374,
       "note": "garde §5.4 (n·p·(1−p) < 10) : queue exacte P(K≥K_obs|Bin(n,p_co))",
       "p_co": "0.0000070923918277620440554661548685172282468784396555438",
       "queue": "0.030954721783165403944246625149048389098587617852581",
       "z": null
      },
      "delta": {
       "best_corr": "0.70084085161938100151406124540655070014983121249661",
       "best_lag": 0,
       "n_jumps_a": 234,
       "n_jumps_b": 270,
       "note": "lag=0 (>0 : kraken précède gemini)"
      },
      "is_peg_usdt_usd": false,
      "rho_raw": {
       "n": 37857,
       "note": "ok",
       "rho": "0.89014960543371651290630960605776935786790689601484",
       "sufficient": true
      },
      "rho_resid": {
       "n": 38374,
       "note": "ok",
       "rho": "0.60440095070106510190506274155772776518936522380562",
       "sufficient": true
      },
      "tick": {
       "T": "0.00044300828686089539792567884505133684265388023140668",
       "T_delta": "0.00026332420476090162207710132715399199494417526859069",
       "exact_copy_merge": false,
       "n_common": 38374,
       "n_shift": 37976,
       "non_constant": true,
       "sufficient": true
      }
     },
     "kraken×okx_index": {
      "basis_doc_triggered": false,
      "coaberrance": {
       "K": 0,
       "gate": "0.0011967323629697581102627582633779246467583779978383",
       "n": 38438,
       "note": "garde §5.4 (n·p·(1−p) < 10) : queue exacte P(K≥K_obs|Bin(n,p_co))",
       "p_co": "3.1134096472993915171136507226693510141719402027931E-8",
       "queue": "1",
       "z": null
      },
      "delta": {
       "best_corr": "0.84374588484829868745816907085439240319801042642088",
       "best_lag": 0,
       "n_jumps_a": 234,
       "n_jumps_b": 243,
       "note": "lag=0 (>0 : kraken précède okx_index)"
      },
      "is_peg_usdt_usd": false,
      "rho_raw": {
       "n": 37957,
       "note": "ok",
       "rho": "0.96554857942069136765829120172089098184402297644844",
       "sufficient": true
      },
      "rho_resid": {
       "n": 38438,
       "note": "ok",
       "rho": "0.85916689663082929623692441745379734820197839415140",
       "sufficient": true
      },
      "tick": {
       "T": "0.0066340600447473853998647172069306415526302096883293",
       "T_delta": "0.0019451673106747627684462318954866861183397734142944",
       "exact_copy_merge": false,
       "n_common": 38438,
       "n_shift": 38043,
       "non_constant": true,
       "sufficient": true
      }
     },
     "kraken×okx_ticker": {
      "basis_doc_triggered": false,
      "coaberrance": {
       "K": 2,
       "gate": "2.1292870135397729457599662441644371771019657166428",
       "n": 38422,
       "note": "garde §5.4 (n·p·(1−p) < 10) : queue exacte P(K≥K_obs|Bin(n,p_co))",
       "p_co": "0.000055421504043755231379888612422934161878767418921953",
       "queue": "0.62789656984303693676350696243087238105530678023847",
       "z": null
      },
      "delta": {
       "best_corr": "0.82221925359898894617633170153321168314872716861286",
       "best_lag": 0,
       "n_jumps_a": 234,
       "n_jumps_b": 230,
       "note": "lag=0 (>0 : kraken précède okx_ticker)"
      },
      "is_peg_usdt_usd": true,
      "rho_raw": {
       "n": 37929,
       "note": "ok",
       "rho": "0.94573913299217942636648686722039873829110174346494",
       "sufficient": true
      },
      "rho_resid": {
       "n": 38422,
       "note": "ok",
       "rho": "0.099328189358174306125011444258673370454273258275623",
       "sufficient": true
      },
      "tick": {
       "T": "0.0010670969756910103586486908541981156629014627036594",
       "T_delta": "0.0013146132407845611821002261134774149445233212388915",
       "exact_copy_merge": false,
       "n_common": 38422,
       "n_shift": 38034,
       "non_constant": true,
       "sufficient": true
      }
     },
     "okx_index×bitfinex": {
      "basis_doc_triggered": false,
      "coaberrance": {
       "K": 1,
       "gate": "0.31098023286575859464935235281844584239335131972289",
       "n": 38433,
       "note": "garde §5.4 (n·p·(1−p) < 10) : queue exacte P(K≥K_obs|Bin(n,p_co))",
       "p_co": "0.0000080915554133142437617992075527894324237557806257711",
       "queue": "0.26727440601781374720475322143848161198148265882597",
       "z": null
      },
      "delta": {
       "best_corr": "0.58166703756825608955419096213072148828299743670181",
       "best_lag": 0,
       "n_jumps_a": 243,
       "n_jumps_b": 226,
       "note": "lag=0 (>0 : okx_index précède bitfinex)"
      },
      "is_peg_usdt_usd": false,
      "rho_raw": {
       "n": 37957,
       "note": "ok",
       "rho": "0.86004165811591234125533381745899255869213565681893",
       "sufficient": true
      },
      "rho_resid": {
       "n": 38432,
       "note": "ok",
       "rho": "0.0040718692697873429269235916719721153556442658026481",
       "sufficient": true
      },
      "tick": {
       "T": "0.00075455988343350766268571279889678141180756121041813",
       "T_delta": "0.00092005993533293025945690176388633316684629741594595",
       "exact_copy_merge": false,
       "n_common": 38433,
       "n_shift": 38041,
       "non_constant": true,
       "sufficient": true
      }
     },
     "okx_index×bitstamp": {
      "basis_doc_triggered": false,
      "coaberrance": {
       "K": 0,
       "gate": "0.00029084370892916463539650420954092943152468699618929",
       "n": 37821,
       "note": "garde §5.4 (n·p·(1−p) < 10) : queue exacte P(K≥K_obs|Bin(n,p_co))",
       "p_co": "7.6900058476971649355411370882095284651931680078130E-9",
       "queue": "1",
       "z": null
      },
      "delta": {
       "best_corr": "0.90396703681884303884430140915944466239630511381953",
       "best_lag": 0,
       "n_jumps_a": 243,
       "n_jumps_b": 244,
       "note": "lag=0 (>0 : okx_index précède bitstamp)"
      },
      "is_peg_usdt_usd": false,
      "rho_raw": {
       "n": 36815,
       "note": "ok",
       "rho": "0.98214568243753396245672590364320066231134127144830",
       "sufficient": true
      },
      "rho_resid": {
       "n": 37820,
       "note": "ok",
       "rho": "0.89471457531012683972079729166513360070585511899943",
       "sufficient": true
      },
      "tick": {
       "T": "0.00068744877184632875915496681737658972528489463525555",
       "T_delta": "0.00018709573956273052867910407868712246752552520446892",
       "exact_copy_merge": false,
       "n_common": 37821,
       "n_shift": 37414,
       "non_constant": true,
       "sufficient": true
      }
     },
     "okx_index×chainlink": {
      "basis_doc_triggered": false,
      "coaberrance": {
       "K": 0,
       "gate": "0.25575142757145304993385911533755803854388529553977",
       "n": 38240,
       "note": "garde §5.4 (n·p·(1−p) < 10) : queue exacte P(K≥K_obs|Bin(n,p_co))",
       "p_co": "0.0000066881050751912606572013795276693335200714273209504",
       "queue": "1",
       "z": null
      },
      "delta": {
       "best_corr": "0.13163714280857969298597806441449798271256536095048",
       "best_lag": 1,
       "n_jumps_a": 243,
       "n_jumps_b": 391,
       "note": "lag=1 (>0 : okx_index précède chainlink)"
      },
      "is_peg_usdt_usd": false,
      "rho_raw": {
       "n": 37721,
       "note": "ok",
       "rho": "0.081430714487908081585066495160797286167659278513415",
       "sufficient": true
      },
      "rho_resid": {
       "n": 38240,
       "note": "ok",
       "rho": "-0.14021969037445130035179123503095160383728043851551",
       "sufficient": true
      },
      "tick": {
       "T": "0.000026150627615062761506276150627615062761506276150628",
       "T_delta": "0.000026376872757965815572905676303017514243511289301540",
       "exact_copy_merge": false,
       "n_common": 38240,
       "n_shift": 37912,
       "non_constant": true,
       "sufficient": true
      }
     },
     "okx_index×coingecko": {
      "basis_doc_triggered": false,
      "coaberrance": {
       "K": 0,
       "gate": "0.060835610291288919321543905219793397299257177690323",
       "n": 38267,
       "note": "garde §5.4 (n·p·(1−p) < 10) : queue exacte P(K≥K_obs|Bin(n,p_co))",
       "p_co": "0.0000015897694359640560478431933703030710161431805738200",
       "queue": "1",
       "z": null
      },
      "delta": {
       "best_corr": "0.46665341742394186838788579208355993808258943556744",
       "best_lag": 2,
       "n_jumps_a": 243,
       "n_jumps_b": 261,
       "note": "lag=2 (>0 : okx_index précède coingecko)"
      },
      "is_peg_usdt_usd": false,
      "rho_raw": {
       "n": 37783,
       "note": "ok",
       "rho": "-0.00056258401209305008598076082254687956646815883740936",
       "sufficient": true
      },
      "rho_resid": {
       "n": 38265,
       "note": "ok",
       "rho": "-0.20790327657826764974079549592058961560386477035016",
       "sufficient": true
      },
      "tick": {
       "T": "0.0013066088274492382470535970941019677528941385528001",
       "T_delta": "0.0021611364415043618058666947790106211949503202171679",
       "exact_copy_merge": false,
       "n_common": 38267,
       "n_shift": 37943,
       "non_constant": true,
       "sufficient": true
      }
     },
     "okx_index×defillama": {
      "basis_doc_triggered": false,
      "coaberrance": {
       "K": 0,
       "gate": "0.10662218272701045794048340664001436047627101105267",
       "n": 38022,
       "note": "garde §5.4 (n·p·(1−p) < 10) : queue exacte P(K≥K_obs|Bin(n,p_co))",
       "p_co": "0.0000028042312798145503058492188885017195914202652832673",
       "queue": "1",
       "z": null
      },
      "delta": {
       "best_corr": "0.10265394002725054573569759513683124234415943986592",
       "best_lag": 3,
       "n_jumps_a": 243,
       "n_jumps_b": 457,
       "note": "lag=3 (>0 : okx_index précède defillama)"
      },
      "is_peg_usdt_usd": false,
      "rho_raw": {
       "n": 37287,
       "note": "ok",
       "rho": "-0.017013124230382721921111955597824688539703691585837",
       "sufficient": true
      },
      "rho_resid": {
       "n": 38022,
       "note": "ok",
       "rho": "-0.26391428919824880986340111770616105704464626614980",
       "sufficient": true
      },
      "tick": {
       "T": "0",
       "T_delta": "0",
       "exact_copy_merge": false,
       "n_common": 38022,
       "n_shift": 37696,
       "non_constant": true,
       "sufficient": true
      }
     },
     "okx_index×gemini": {
      "basis_doc_triggered": false,
      "coaberrance": {
       "K": 0,
       "gate": "0.0047965375509820330186915255600504888395085796618028",
       "n": 38361,
       "note": "garde §5.4 (n·p·(1−p) < 10) : queue exacte P(K≥K_obs|Bin(n,p_co))",
       "p_co": "1.2503683821396725210864621303058484443257382757131E-7",
       "queue": "1",
       "z": null
      },
      "delta": {
       "best_corr": "0.72581836401033776224391026884001123496957540504833",
       "best_lag": 0,
       "n_jumps_a": 243,
       "n_jumps_b": 270,
       "note": "lag=0 (>0 : okx_index précède gemini)"
      },
      "is_peg_usdt_usd": false,
      "rho_raw": {
       "n": 37773,
       "note": "ok",
       "rho": "0.90504386034111350074906334903696243519670010344686",
       "sufficient": true
      },
      "rho_resid": {
       "n": 38359,
       "note": "ok",
       "rho": "0.67563853648999445422904369839805104694100286021568",
       "sufficient": true
      },
      "tick": {
       "T": "0.00046922655822319543286149996089778681473371392820834",
       "T_delta": "0.00021090372245070125487714858167246651903406095117579",
       "exact_copy_merge": false,
       "n_common": 38361,
       "n_shift": 37932,
       "non_constant": true,
       "sufficient": true
      }
     },
     "okx_ticker×bitfinex": {
      "basis_doc_triggered": false,
      "coaberrance": {
       "K": 831,
       "gate": "543.60398786904260235329400651532815804465525498364",
       "n": 38418,
       "note": "z co-aberrance (seuil 2.33, unilatéral)",
       "p_co": "0.014355810463008183778275124990554850284285150891804",
       "queue": null,
       "z": "11.986904510080371278135568614443231724248066954649"
      },
      "delta": {
       "best_corr": "0.58789411898556515278328693586317571586772659736915",
       "best_lag": 0,
       "n_jumps_a": 230,
       "n_jumps_b": 226,
       "note": "lag=0 (>0 : okx_ticker précède bitfinex)"
      },
      "is_peg_usdt_usd": true,
      "rho_raw": {
       "n": 37930,
       "note": "ok",
       "rho": "0.84434060567646991802413009488948742285487245017458",
       "sufficient": true
      },
      "rho_resid": {
       "n": 38417,
       "note": "ok",
       "rho": "0.25102893651559845371064810423459254929222586346705",
       "sufficient": true
      },
      "tick": {
       "T": "0.00065073663386954031964183455671820500806913425998230",
       "T_delta": "0.00065749677826578649764616153380848433842674170896563",
       "exact_copy_merge": false,
       "n_common": 38418,
       "n_shift": 38023,
       "non_constant": true,
       "sufficient": true
      }
     },
     "okx_ticker×bitstamp": {
      "basis_doc_triggered": false,
      "coaberrance": {
       "K": 1,
       "gate": "0.53778458636178155423455359765451588987646326431111",
       "n": 37812,
       "note": "garde §5.4 (n·p·(1−p) < 10) : queue exacte P(K≥K_obs|Bin(n,p_co))",
       "p_co": "0.000014222792639088826312238283129833882034475036590801",
       "queue": "0.41596598895516601944701152631887397775765199122660",
       "z": null
      },
      "delta": {
       "best_corr": "0.86359779160118950304060032143481472732327912268438",
       "best_lag": 0,
       "n_jumps_a": 230,
       "n_jumps_b": 244,
       "note": "lag=0 (>0 : okx_ticker précède bitstamp)"
      },
      "is_peg_usdt_usd": true,
      "rho_raw": {
       "n": 36806,
       "note": "ok",
       "rho": "0.96735882859593832674638200923850040215124948348748",
       "sufficient": true
      },
      "rho_resid": {
       "n": 37810,
       "note": "ok",
       "rho": "0.15867554007310168837850454046728856415161492651557",
       "sufficient": true
      },
      "tick": {
       "T": "0.00013223315349624457844070665397228393102718713635883",
       "T_delta": "0.00018714575981178483584643353652015827184258368088974",
       "exact_copy_merge": false,
       "n_common": 37812,
       "n_shift": 37404,
       "non_constant": true,
       "sufficient": true
      }
     },
     "okx_ticker×chainlink": {
      "basis_doc_triggered": false,
      "coaberrance": {
       "K": 305,
       "gate": "452.32304206255853675528442401814241752112720225168",
       "n": 38227,
       "note": "z co-aberrance (seuil 2.33, unilatéral)",
       "p_co": "0.011975978058422932885423833120709585311622141439446",
       "queue": null,
       "z": "-7.1848091482284859535125784913633777495701030635494"
      },
      "delta": {
       "best_corr": "0.12876781992106309818441695624700121439483094489560",
       "best_lag": 1,
       "n_jumps_a": 230,
       "n_jumps_b": 391,
       "note": "lag=1 (>0 : okx_ticker précède chainlink)"
      },
      "is_peg_usdt_usd": true,
      "rho_raw": {
       "n": 37700,
       "note": "ok",
       "rho": "0.081511155605261920729690545266744786939692597473988",
       "sufficient": true
      },
      "rho_resid": {
       "n": 38227,
       "note": "ok",
       "rho": "-0.10087142015078689280384283306997811751346761727645",
       "sufficient": true
      },
      "tick": {
       "T": "0",
       "T_delta": "0",
       "exact_copy_merge": false,
       "n_common": 38227,
       "n_shift": 37894,
       "non_constant": true,
       "sufficient": true
      }
     },
     "okx_ticker×coingecko": {
      "basis_doc_triggered": false,
      "coaberrance": {
       "K": 53,
       "gate": "109.31118868557975035592239252001148067315081366472",
       "n": 38251,
       "note": "z co-aberrance (seuil 2.33, unilatéral)",
       "p_co": "0.0028659477993096023007317812588333840743542588405106",
       "queue": null,
       "z": "-5.4160010354052262406352704059878759030494796738154"
      },
      "delta": {
       "best_corr": "0.46048971676862691734646355597987361321938886568339",
       "best_lag": 2,
       "n_jumps_a": 230,
       "n_jumps_b": 261,
       "note": "lag=2 (>0 : okx_ticker précède coingecko)"
      },
      "is_peg_usdt_usd": true,
      "rho_raw": {
       "n": 37754,
       "note": "ok",
       "rho": "-0.0021508393866961569993715284087684921469239631563870",
       "sufficient": true
      },
      "rho_resid": {
       "n": 38249,
       "note": "ok",
       "rho": "-0.067411205002331406101021592459344556188138922466329",
       "sufficient": true
      },
      "tick": {
       "T": "0.0010457242947896787012104258712190530966510679459361",
       "T_delta": "0.0013974950560316413974950560316413974950560316413975",
       "exact_copy_merge": false,
       "n_common": 38251,
       "n_shift": 37925,
       "non_constant": true,
       "sufficient": true
      }
     },
     "okx_ticker×defillama": {
      "basis_doc_triggered": false,
      "coaberrance": {
       "K": 97,
       "gate": "189.05259182027905695321662837824492500204835716161",
       "n": 38012,
       "note": "z co-aberrance (seuil 2.33, unilatéral)",
       "p_co": "0.0049984824544460330869777782143133541273634696505118",
       "queue": null,
       "z": "-6.7639819735092330860452135211800772589412400662895"
      },
      "delta": {
       "best_corr": "0.096031025182686864886204756683461465931809844040665",
       "best_lag": 3,
       "n_jumps_a": 230,
       "n_jumps_b": 457,
       "note": "lag=3 (>0 : okx_ticker précède defillama)"
      },
      "is_peg_usdt_usd": true,
      "rho_raw": {
       "n": 37274,
       "note": "ok",
       "rho": "-0.014976012235099792102818971452491678247432511637110",
       "sufficient": true
      },
      "rho_resid": {
       "n": 38012,
       "note": "ok",
       "rho": "-0.081665663078134874470006984401114382236837407144711",
       "sufficient": true
      },
      "tick": {
       "T": "0",
       "T_delta": "0",
       "exact_copy_merge": false,
       "n_common": 38012,
       "n_shift": 37682,
       "non_constant": true,
       "sufficient": true
      }
     },
     "okx_ticker×gemini": {
      "basis_doc_triggered": false,
      "coaberrance": {
       "K": 41,
       "gate": "8.5100278310714794958294092785210540551800182379803",
       "n": 38348,
       "note": "garde §5.4 (n·p·(1−p) < 10) : queue exacte P(K≥K_obs|Bin(n,p_co))",
       "p_co": "0.00022196508760597489065702552662904306467736044589171",
       "queue": "1.0043805587632511817957586954713110183846628854750E-15",
       "z": null
      },
      "delta": {
       "best_corr": "0.69076248951771792520526951428056624157174447707935",
       "best_lag": 0,
       "n_jumps_a": 230,
       "n_jumps_b": 270,
       "note": "lag=0 (>0 : okx_ticker précède gemini)"
      },
      "is_peg_usdt_usd": true,
      "rho_raw": {
       "n": 37751,
       "note": "ok",
       "rho": "0.89086762871536212874531280841219084510595020879003",
       "sufficient": true
      },
      "rho_resid": {
       "n": 38345,
       "note": "ok",
       "rho": "0.18062448902770238932671294409070359296882154004372",
       "sufficient": true
      },
      "tick": {
       "T": "0.00013038489621362261395639929070616459789298007718786",
       "T_delta": "0.00023737307134379533166293023869181062903863906105763",
       "exact_copy_merge": false,
       "n_common": 38348,
       "n_shift": 37915,
       "non_constant": true,
       "sufficient": true
      }
     },
     "okx_ticker×okx_index": {
      "basis_doc_triggered": false,
      "coaberrance": {
       "K": 0,
       "gate": "0.046054117009164607562083211420654338413653311446802",
       "n": 38433,
       "note": "garde §5.4 (n·p·(1−p) < 10) : queue exacte P(K≥K_obs|Bin(n,p_co))",
       "p_co": "0.0000011982976139195290711499830462213265888594153035153",
       "queue": "1",
       "z": null
      },
      "delta": {
       "best_corr": "0.91939690200539639751796495575453485934610986145217",
       "best_lag": 0,
       "n_jumps_a": 230,
       "n_jumps_b": 243,
       "note": "lag=0 (>0 : okx_ticker précède okx_index)"
      },
      "is_peg_usdt_usd": true,
      "rho_raw": {
       "n": 37884,
       "note": "ok",
       "rho": "0.98634821632693230566932772667147119263141371648867",
       "sufficient": true
      },
      "rho_resid": {
       "n": 38429,
       "note": "ok",
       "rho": "0.28470103268970441306912146735485827571923776372728",
       "sufficient": true
      },
      "tick": {
       "T": "0.0013790232352405484869773371841906694767517497983504",
       "T_delta": "0.0014213892764075702139980521702508488852622989655445",
       "exact_copy_merge": false,
       "n_common": 38433,
       "n_shift": 37991,
       "non_constant": true,
       "sufficient": true
      }
     }
    },
    "peg_pairs": [
     "binance×coinbase",
     "binance×kraken",
     "binance×okx_index",
     "binance×bitstamp",
     "binance×gemini",
     "binance×bitfinex",
     "binance×coingecko",
     "binance×defillama",
     "binance×chainlink",
     "coinbase×okx_ticker",
     "kraken×okx_ticker",
     "okx_ticker×okx_index",
     "okx_ticker×bitstamp",
     "okx_ticker×gemini",
     "okx_ticker×bitfinex",
     "okx_ticker×coingecko",
     "okx_ticker×defillama",
     "okx_ticker×chainlink"
    ]
   },
   "drapeau_2": {
    "etat": "eteint",
    "k_eff": 4,
    "k_nominal": 10,
    "k_nominal_strates": {
     "calme": 11,
     "stress": 11
    },
    "localisation_inter_clusters": {
     "note": "paires inter-clusters triées par co-écart n11 — l'excès de co-défaillance non expliqué par R2 s'y localise (§5.6)",
     "par_strate": {
      "calme": [
       {
        "n11": 135,
        "pair": "binance×bitstamp",
        "phi": "0.14222905622840045214297458669611141953106929745931",
        "signe": "+"
       },
       {
        "n11": 69,
        "pair": "binance×chainlink",
        "phi": "0.15858127919431183910131982087828834177035207724284",
        "signe": "+"
       },
       {
        "n11": 64,
        "pair": "binance×defillama",
        "phi": "0.11412304346825542179180213377652171747952729519648",
        "signe": "+"
       },
       {
        "n11": 51,
        "pair": "binance×coingecko",
        "phi": "0.13225536340137657826803044030076719483808134386036",
        "signe": "+"
       },
       {
        "n11": 40,
        "pair": "binance×coinbase",
        "phi": "0.12172302475581781199586701621681298766152205124989",
        "signe": "+"
       },
       {
        "n11": 34,
        "pair": "bitstamp×chainlink",
        "phi": "0.089508515409886384730205120769121453054210677852277",
        "signe": "+"
       },
       {
        "n11": 33,
        "pair": "binance×okx_index",
        "phi": "0.10438965217115807981470411650529178805730533548144",
        "signe": "+"
       },
       {
        "n11": 32,
        "pair": "binance×okx_ticker",
        "phi": "0.091495156424394339923594246540862121812013073271815",
        "signe": "+"
       },
       {
        "n11": 31,
        "pair": "bitstamp×defillama",
        "phi": "0.061205795055076792313089075333688255441828823807837",
        "signe": "+"
       },
       {
        "n11": 29,
        "pair": "coinbase×bitstamp",
        "phi": "0.10579060656635247578034384628408097109215014920923",
        "signe": "+"
       },
       {
        "n11": 28,
        "pair": "bitstamp×coingecko",
        "phi": "0.084287167111778878564874413076576164687287619740160",
        "signe": "+"
       },
       {
        "n11": 27,
        "pair": "binance×gemini",
        "phi": "0.060536809299878039103896593250704110144918749318718",
        "signe": "+"
       },
       {
        "n11": 27,
        "pair": "okx_ticker×bitstamp",
        "phi": "0.094346439206131117274069352407705187511232153039391",
        "signe": "+"
       },
       {
        "n11": 26,
        "pair": "bitstamp×gemini",
        "phi": "0.074191207125951593176801524495175325928701244886663",
        "signe": "+"
       },
       {
        "n11": 21,
        "pair": "okx_index×bitstamp",
        "phi": "0.078527179041939902480789233739910117096293887161817",
        "signe": "+"
       },
       {
        "n11": 19,
        "pair": "binance×bitfinex",
        "phi": "0.093848664268375613685685514797265113234062353026986",
        "signe": "+"
       },
       {
        "n11": 18,
        "pair": "binance×kraken",
        "phi": "0.085900268226439859811913941656342340325975276326084",
        "signe": "+"
       },
       {
        "n11": 17,
        "pair": "kraken×bitstamp",
        "phi": "0.099124333143217870047542860120009176732449192556484",
        "signe": "+"
       },
       {
        "n11": 15,
        "pair": "gemini×coingecko",
        "phi": "0.10530808491480412001125526682068225309470293887705",
        "signe": "+"
       },
       {
        "n11": 15,
        "pair": "gemini×defillama",
        "phi": "0.073124810472902443319504778538432339809983784906300",
        "signe": "+"
       },
       {
        "n11": 15,
        "pair": "kraken×gemini",
        "phi": "0.19755803382281130149168569871371276995689035158928",
        "signe": "+"
       },
       {
        "n11": 14,
        "pair": "bitstamp×bitfinex",
        "phi": "0.082931578738672126218799726838805650051988132809455",
        "signe": "+"
       },
       {
        "n11": 14,
        "pair": "gemini×bitfinex",
        "phi": "0.18912137007976138865483975061315565588569718610853",
        "signe": "+"
       },
       {
        "n11": 13,
        "pair": "coinbase×gemini",
        "phi": "0.10719729604647469436640538890288778049592664775938",
        "signe": "+"
       },
       {
        "n11": 13,
        "pair": "gemini×chainlink",
        "phi": "0.078543515717160589611659306497751993117401965060929",
        "signe": "+"
       },
       {
        "n11": 13,
        "pair": "okx_ticker×gemini",
        "phi": "0.10377188663554485869987177617778988286186052946485",
        "signe": "+"
       },
       {
        "n11": 12,
        "pair": "okx_index×gemini",
        "phi": "0.10394475372672508743356770767618672811057967981042",
        "signe": "+"
       }
      ],
      "stress": [
       {
        "n11": 4,
        "pair": "binance×bitstamp",
        "phi": "0.090264698366195653166681556900078707568800384152517",
        "signe": "+"
       },
       {
        "n11": 3,
        "pair": "binance×coinbase",
        "phi": "0.13039959845177015161736310271261596424984864615083",
        "signe": "+"
       },
       {
        "n11": 3,
        "pair": "binance×gemini",
        "phi": "0.093195646418801532498920838731541918710814955561395",
        "signe": "+"
       },
       {
        "n11": 3,
        "pair": "bitstamp×bitfinex",
        "phi": "0.063876765991798662749161383161273890654724242295079",
        "signe": "+"
       },
       {
        "n11": 3,
        "pair": "bitstamp×coingecko",
        "phi": "0.037159130814847978668353642173323192018993476344898",
        "signe": "+"
       },
       {
        "n11": 3,
        "pair": "bitstamp×gemini",
        "phi": "0.10275346065685492552753092646905277190358174780217",
        "signe": "+"
       },
       {
        "n11": 3,
        "pair": "gemini×coingecko",
        "phi": "0.054221103531579527424631461869774415696969999495551",
        "signe": "+"
       },
       {
        "n11": 3,
        "pair": "kraken×bitstamp",
        "phi": "0.067620492790080888780211134425526190753731088279610",
        "signe": "+"
       },
       {
        "n11": 2,
        "pair": "binance×kraken",
        "phi": "0.039383630020740795727288912722967404231433522925536",
        "signe": "+"
       },
       {
        "n11": 2,
        "pair": "bitstamp×chainlink",
        "phi": "0.024886444851771879363839093636747018319848306525000",
        "signe": "+"
       },
       {
        "n11": 2,
        "pair": "bitstamp×defillama",
        "phi": "0.012548078022143589756539444367579667133995963235321",
        "signe": "+"
       },
       {
        "n11": 2,
        "pair": "gemini×bitfinex",
        "phi": "0.058625415496114830265173575175477322645709247939009",
        "signe": "+"
       },
       {
        "n11": 2,
        "pair": "kraken×gemini",
        "phi": "0.061992094018040276104188672551160928435234504189383",
        "signe": "+"
       },
       {
        "n11": 2,
        "pair": "okx_index×bitstamp",
        "phi": "0.11992709773770691278091329379107645969854984150381",
        "signe": "+"
       },
       {
        "n11": 1,
        "pair": "binance×bitfinex",
        "phi": "0.016512454391659470534513833309104763310234233758868",
        "signe": "+"
       },
       {
        "n11": 1,
        "pair": "binance×chainlink",
        "phi": "0.0078508514277217875981854966883078328588374070965316",
        "signe": "+"
       },
       {
        "n11": 1,
        "pair": "binance×coingecko",
        "phi": "0.0067127361921624978510431838342672327127164181419101",
        "signe": "+"
       },
       {
        "n11": 1,
        "pair": "binance×defillama",
        "phi": "0.00053204969969443615775361265552541062627717804208603",
        "signe": "+"
       },
       {
        "n11": 1,
        "pair": "coinbase×bitstamp",
        "phi": "0.046692234845495373779891536445913025551146728947562",
        "signe": "+"
       },
       {
        "n11": 1,
        "pair": "coinbase×gemini",
        "phi": "0.064644160896067005491290811015695779391238690706510",
        "signe": "+"
       },
       {
        "n11": 1,
        "pair": "gemini×chainlink",
        "phi": "0.016660525631010934881347605557526001308690437473896",
        "signe": "+"
       },
       {
        "n11": 1,
        "pair": "gemini×defillama",
        "phi": "0.0081211520353186839364957074897760079393469766742539",
        "signe": "+"
       },
       {
        "n11": 1,
        "pair": "okx_index×gemini",
        "phi": "0.081586200797043447075938372015516962438257694621583",
        "signe": "+"
       },
       {
        "n11": 1,
        "pair": "okx_ticker×bitstamp",
        "phi": "0.064246512783190567188519702385733084931015892628547",
        "signe": "+"
       },
       {
        "n11": 1,
        "pair": "okx_ticker×gemini",
        "phi": "0.088271779062726773715602561941716673339536619399996",
        "signe": "+"
       },
       {
        "n11": 0,
        "pair": "binance×okx_index",
        "phi": "-0.0014771871656987719665380022756298115074194877283412",
        "signe": "−"
       },
       {
        "n11": 0,
        "pair": "binance×okx_ticker",
        "phi": "-0.0013675539741150426414077452152117447511936303130884",
        "signe": "−"
       }
      ]
     }
    },
    "r1_discrimine": "VRAI",
    "raison": "« R1 discrimine » VRAI (strate(s) : calme) mais k_eff = 4 < k nominal du segment = 10 : recouvrement R2 mesuré explique au moins en partie la co-défaillance",
    "rejette": [
     "calme"
    ]
   },
   "method_edges": [
    {
     "basis": "doc",
     "doc_fetched": "2026-08-05",
     "doc_url": "coingecko.com/en/methodology",
     "estimator": "filtre d'outliers par bornes MAD, puis VWAP des tickers restants",
     "kind": "estimator",
     "node": "coingecko",
     "panel_declared": "familles BTC/USD, USDT, USDC, EUR"
    },
    {
     "basis": "doc",
     "doc_fetched": "2026-08-05",
     "doc_url": "coingecko.com/en/exchanges/binance",
     "from": "binance",
     "kind": "upstream",
     "relation": "intégration (table des marchés spot, 1372 paires au 2026-08-05 — chiffre daté) ; granularité « intégration », pas « ticker-set » (§3.2)",
     "to": "coingecko"
    },
    {
     "basis": "doc",
     "doc_fetched": "2026-08-05",
     "doc_url": "docs.pyth.network/price-feeds/how-pyth-works/price-aggregation",
     "estimator": "médiane non pondérée des votes des publishers (p, p+c, p−c) ; « a hybrid between a mean and a median » (PAS « médiane pondérée par la confiance », formulation inexacte à ne pas réintroduire, §4.3)",
     "kind": "estimator",
     "node": "pyth",
     "panel_declared": "publishers déclarés"
    },
    {
     "basis": "doc",
     "doc_fetched": "2026-08-05",
     "doc_url": "pyth.network/publishers",
     "from": "coinbase",
     "kind": "upstream",
     "relation": "Coinbase nommé publisher au NIVEAU RÉSEAU ; l'attribution au feed BTC/USD précis N'EST PAS établie (dette 10 §10.3) ; granularité « réseau »",
     "to": "pyth"
    },
    {
     "basis": "doc",
     "doc_fetched": "2026-08-05",
     "doc_url": "docs.llama.fi/llms-full.txt",
     "from": "coingecko",
     "kind": "upstream",
     "relation": "« Almost all tokens are priced using CoinGecko's API » ; BTC majeur → coins.llama.fi n'est PAS un chemin d'amont distinct de coingecko",
     "to": "defillama"
    }
   ],
   "partition": {
    "asn_divergences": [],
    "asn_measured": true,
    "asn_states": {
     "api-pub.bitfinex.com": {
      "asn": 13335,
      "attributed": true,
      "holder": "CLOUDFLARENET - Cloudflare, Inc.",
      "kind": "concordant",
      "reason": "AS13335 cross-confirmé (RIPEstat=Cymru)"
     },
     "api.binance.com": {
      "asn": 16509,
      "attributed": true,
      "holder": "AMAZON-02 - Amazon.com, Inc.",
      "kind": "concordant",
      "reason": "AS16509 cross-confirmé (RIPEstat=Cymru)"
     },
     "api.coingecko.com": {
      "asn": 13335,
      "attributed": true,
      "holder": "CLOUDFLARENET - Cloudflare, Inc.",
      "kind": "concordant",
      "reason": "AS13335 cross-confirmé (RIPEstat=Cymru)"
     },
     "api.exchange.coinbase.com": {
      "asn": 13335,
      "attributed": true,
      "holder": "CLOUDFLARENET - Cloudflare, Inc.",
      "kind": "concordant",
      "reason": "AS13335 cross-confirmé (RIPEstat=Cymru)"
     },
     "api.gemini.com": {
      "asn": 14618,
      "attributed": true,
      "holder": "AMAZON-AES - Amazon.com, Inc.",
      "kind": "concordant",
      "reason": "AS14618 cross-confirmé (RIPEstat=Cymru)"
     },
     "api.kraken.com": {
      "asn": 13335,
      "attributed": true,
      "holder": "CLOUDFLARENET - Cloudflare, Inc.",
      "kind": "concordant",
      "reason": "AS13335 cross-confirmé (RIPEstat=Cymru)"
     },
     "coins.llama.fi": {
      "asn": 13335,
      "attributed": true,
      "holder": "CLOUDFLARENET - Cloudflare, Inc.",
      "kind": "concordant",
      "reason": "AS13335 cross-confirmé (RIPEstat=Cymru)"
     },
     "ethereum-rpc.publicnode.com": {
      "asn": 13335,
      "attributed": true,
      "holder": "CLOUDFLARENET - Cloudflare, Inc.",
      "kind": "concordant",
      "reason": "AS13335 cross-confirmé (RIPEstat=Cymru)"
     },
     "www.bitstamp.net": {
      "asn": 19551,
      "attributed": true,
      "holder": "INCAPSULA - Incapsula Inc",
      "kind": "concordant",
      "reason": "AS19551 cross-confirmé (RIPEstat=Cymru)"
     },
     "www.okx.com": {
      "asn": 13335,
      "attributed": true,
      "holder": "CLOUDFLARENET - Cloudflare, Inc.",
      "kind": "concordant",
      "reason": "AS13335 cross-confirmé (RIPEstat=Cymru)"
     }
    },
    "attribution_by_host": {
     "api-pub.bitfinex.com": {
      "asn_cymru": 13335,
      "asn_ripestat": 13335,
      "cname_chain": [],
      "flux": [
       "bitfinex"
      ],
      "holder": "CLOUDFLARENET - Cloudflare, Inc.",
      "host": "api-pub.bitfinex.com",
      "ip": "104.16.168.90",
      "ip_secondary": [
       "104.16.164.90",
       "104.16.167.90",
       "104.16.165.90",
       "104.16.166.90"
      ],
      "prefix": "104.16.160.0/20",
      "record": "asn_attribution",
      "resolver": "cloudflare-dns.com",
      "resolvers": [
       "cloudflare-dns.com"
      ],
      "status": "ok",
      "ts": 1790558275.4337332
     },
     "api.binance.com": {
      "asn_cymru": 16509,
      "asn_ripestat": 16509,
      "cname_chain": [
       "d3h36i1mno13q3.cloudfront.net."
      ],
      "flux": [
       "binance"
      ],
      "holder": "AMAZON-02 - Amazon.com, Inc.",
      "host": "api.binance.com",
      "ip": "108.157.106.107",
      "ip_secondary": [],
      "prefix": "108.157.104.0/21",
      "record": "asn_attribution",
      "resolver": "cloudflare-dns.com",
      "resolvers": [
       "cloudflare-dns.com"
      ],
      "status": "ok",
      "ts": 1790558276.0822508
     },
     "api.coingecko.com": {
      "asn_cymru": 13335,
      "asn_ripestat": 13335,
      "cname_chain": [],
      "flux": [
       "coingecko"
      ],
      "holder": "CLOUDFLARENET - Cloudflare, Inc.",
      "host": "api.coingecko.com",
      "ip": "104.20.41.132",
      "ip_secondary": [
       "172.66.172.219"
      ],
      "prefix": "104.20.32.0/20",
      "record": "asn_attribution",
      "resolver": "cloudflare-dns.com",
      "resolvers": [
       "cloudflare-dns.com"
      ],
      "status": "ok",
      "ts": 1790558277.4478488
     },
     "api.exchange.coinbase.com": {
      "asn_cymru": 13335,
      "asn_ripestat": 13335,
      "cname_chain": [],
      "flux": [
       "coinbase"
      ],
      "holder": "CLOUDFLARENET - Cloudflare, Inc.",
      "host": "api.exchange.coinbase.com",
      "ip": "104.18.36.178",
      "ip_secondary": [
       "172.64.151.78"
      ],
      "prefix": "104.18.36.0/24",
      "record": "asn_attribution",
      "resolver": "cloudflare-dns.com",
      "resolvers": [
       "cloudflare-dns.com"
      ],
      "status": "ok",
      "ts": 1790558278.0284057
     },
     "api.gemini.com": {
      "asn_cymru": 14618,
      "asn_ripestat": 14618,
      "cname_chain": [
       "prod-dc-alb-backup-2004476785.us-east-1.elb.amazonaws.com."
      ],
      "flux": [
       "gemini"
      ],
      "holder": "AMAZON-AES - Amazon.com, Inc.",
      "host": "api.gemini.com",
      "ip": "98.89.170.249",
      "ip_secondary": [
       "52.21.199.80",
       "184.194.52.144",
       "52.45.219.153",
       "44.194.176.85",
       "32.193.184.248"
      ],
      "prefix": "98.88.0.0/13",
      "record": "asn_attribution",
      "resolver": "cloudflare-dns.com",
      "resolvers": [
       "cloudflare-dns.com"
      ],
      "status": "ok",
      "ts": 1790558278.612014
     },
     "api.kraken.com": {
      "asn_cymru": 13335,
      "asn_ripestat": 13335,
      "cname_chain": [],
      "flux": [
       "kraken"
      ],
      "holder": "CLOUDFLARENET - Cloudflare, Inc.",
      "host": "api.kraken.com",
      "ip": "104.17.189.205",
      "ip_secondary": [
       "104.17.185.205",
       "104.17.188.205",
       "104.17.186.205",
       "104.17.187.205"
      ],
      "prefix": "104.17.176.0/20",
      "record": "asn_attribution",
      "resolver": "cloudflare-dns.com",
      "resolvers": [
       "cloudflare-dns.com"
      ],
      "status": "ok",
      "ts": 1790558279.2894733
     },
     "coins.llama.fi": {
      "asn_cymru": 13335,
      "asn_ripestat": 13335,
      "cname_chain": [],
      "flux": [
       "defillama"
      ],
      "holder": "CLOUDFLARENET - Cloudflare, Inc.",
      "host": "coins.llama.fi",
      "ip": "104.20.34.56",
      "ip_secondary": [
       "172.66.169.196"
      ],
      "prefix": "104.20.32.0/20",
      "record": "asn_attribution",
      "resolver": "cloudflare-dns.com",
      "resolvers": [
       "cloudflare-dns.com"
      ],
      "status": "ok",
      "ts": 1790558279.9134562
     },
     "ethereum-rpc.publicnode.com": {
      "asn_cymru": 13335,
      "asn_ripestat": 13335,
      "cname_chain": [],
      "flux": [
       "chainlink"
      ],
      "holder": "CLOUDFLARENET - Cloudflare, Inc.",
      "host": "ethereum-rpc.publicnode.com",
      "ip": "104.20.24.117",
      "ip_secondary": [
       "172.66.150.162"
      ],
      "prefix": "104.20.16.0/20",
      "record": "asn_attribution",
      "resolver": "cloudflare-dns.com",
      "resolvers": [
       "cloudflare-dns.com"
      ],
      "status": "ok",
      "ts": 1790558280.4801862
     },
     "hermes.pyth.network": {
      "asn_cymru": 13335,
      "asn_ripestat": 13335,
      "cname_chain": [],
      "flux": [
       "pyth"
      ],
      "holder": "CLOUDFLARENET - Cloudflare, Inc.",
      "host": "hermes.pyth.network",
      "ip": "104.20.36.70",
      "ip_secondary": [
       "172.66.151.6"
      ],
      "prefix": "104.20.32.0/20",
      "record": "asn_attribution",
      "resolver": "cloudflare-dns.com",
      "resolvers": [
       "cloudflare-dns.com"
      ],
      "status": "ok",
      "ts": 1790558281.1084282
     },
     "www.bitstamp.net": {
      "asn_cymru": 19551,
      "asn_ripestat": 19551,
      "cname_chain": [
       "qgjb4.x.incapdns.net."
      ],
      "flux": [
       "bitstamp"
      ],
      "holder": "INCAPSULA - Incapsula Inc",
      "host": "www.bitstamp.net",
      "ip": "107.154.132.13",
      "ip_secondary": [],
      "prefix": "107.154.132.0/24",
      "record": "asn_attribution",
      "resolver": "cloudflare-dns.com",
      "resolvers": [
       "cloudflare-dns.com"
      ],
      "status": "ok",
      "ts": 1790558281.706709
     },
     "www.okx.com": {
      "asn_cymru": 13335,
      "asn_ripestat": 13335,
      "cname_chain": [
       "www.okx.com.cdn.cloudflare.net."
      ],
      "flux": [
       "okx_index",
       "okx_ticker"
      ],
      "holder": "CLOUDFLARENET - Cloudflare, Inc.",
      "host": "www.okx.com",
      "ip": "104.18.43.174",
      "ip_secondary": [
       "172.64.144.82"
      ],
      "prefix": "104.18.43.0/24",
      "record": "asn_attribution",
      "resolver": "cloudflare-dns.com",
      "resolvers": [
       "cloudflare-dns.com"
      ],
      "status": "ok",
      "ts": 1790558282.5194278
     }
    },
    "clusters": [
     {
      "asns": [
       13335
      ],
      "caveats": [
       "chemin de LECTURE ≠ amont (§3.2) : l'ASN mesuré est celui du fournisseur RPC (ethereum-rpc.publicnode.com), une infrastructure de lecture, pas l'amont du feed"
      ],
      "declared_upstreams": [
       {
        "basis": "doc",
        "doc_fetched": "2026-08-05",
        "doc_url": "coingecko.com/en/exchanges/binance",
        "from": "binance",
        "kind": "upstream",
        "relation": "intégration (table des marchés spot, 1372 paires au 2026-08-05 — chiffre daté) ; granularité « intégration », pas « ticker-set » (§3.2)",
        "to": "coingecko"
       },
       {
        "basis": "doc",
        "doc_fetched": "2026-08-05",
        "doc_url": "pyth.network/publishers",
        "from": "coinbase",
        "kind": "upstream",
        "relation": "Coinbase nommé publisher au NIVEAU RÉSEAU ; l'attribution au feed BTC/USD précis N'EST PAS établie (dette 10 §10.3) ; granularité « réseau »",
        "to": "pyth"
       },
       {
        "basis": "doc",
        "doc_fetched": "2026-08-05",
        "doc_url": "docs.llama.fi/llms-full.txt",
        "from": "coingecko",
        "kind": "upstream",
        "relation": "« Almost all tokens are priced using CoinGecko's API » ; BTC majeur → coins.llama.fi n'est PAS un chemin d'amont distinct de coingecko",
        "to": "defillama"
       }
      ],
      "flux": [
       "bitfinex",
       "chainlink",
       "coinbase",
       "coingecko",
       "defillama",
       "kraken",
       "okx_index",
       "okx_ticker"
      ],
      "holders": [
       "CLOUDFLARENET - Cloudflare, Inc."
      ],
      "hosts": [
       "api-pub.bitfinex.com",
       "api.coingecko.com",
       "api.exchange.coinbase.com",
       "api.kraken.com",
       "coins.llama.fi",
       "ethereum-rpc.publicnode.com",
       "www.okx.com"
      ],
      "merge_axes": [
       "asn_measured"
      ],
      "n_members_flux": 8,
      "name": "{api-pub.bitfinex.com, api.coingecko.com, api.exchange.coinbase.com, api.kraken.com, coins.llama.fi, ethereum-rpc.publicnode.com, www.okx.com} via AS13335 CLOUDFLARENET - Cloudflare, Inc. [fusion ASN partagé AS13335 CLOUDFLARENET - Cloudflare, Inc. — côté livraison (§4.1, résidu 1)]"
     },
     {
      "asns": [
       16509
      ],
      "caveats": [],
      "declared_upstreams": [
       {
        "basis": "doc",
        "doc_fetched": "2026-08-05",
        "doc_url": "coingecko.com/en/exchanges/binance",
        "from": "binance",
        "kind": "upstream",
        "relation": "intégration (table des marchés spot, 1372 paires au 2026-08-05 — chiffre daté) ; granularité « intégration », pas « ticker-set » (§3.2)",
        "to": "coingecko"
       }
      ],
      "flux": [
       "binance"
      ],
      "holders": [
       "AMAZON-02 - Amazon.com, Inc."
      ],
      "hosts": [
       "api.binance.com"
      ],
      "merge_axes": [],
      "n_members_flux": 1,
      "name": "{api.binance.com} via AS16509 AMAZON-02 - Amazon.com, Inc."
     },
     {
      "asns": [
       14618
      ],
      "caveats": [],
      "declared_upstreams": [],
      "flux": [
       "gemini"
      ],
      "holders": [
       "AMAZON-AES - Amazon.com, Inc."
      ],
      "hosts": [
       "api.gemini.com"
      ],
      "merge_axes": [],
      "n_members_flux": 1,
      "name": "{api.gemini.com} via AS14618 AMAZON-AES - Amazon.com, Inc."
     },
     {
      "asns": [
       19551
      ],
      "caveats": [],
      "declared_upstreams": [],
      "flux": [
       "bitstamp"
      ],
      "holders": [
       "INCAPSULA - Incapsula Inc"
      ],
      "hosts": [
       "www.bitstamp.net"
      ],
      "merge_axes": [],
      "n_members_flux": 1,
      "name": "{www.bitstamp.net} via AS19551 INCAPSULA - Incapsula Inc"
     }
    ],
    "flux_by_host": {
     "api-pub.bitfinex.com": [
      "bitfinex"
     ],
     "api.binance.com": [
      "binance"
     ],
     "api.coingecko.com": [
      "coingecko"
     ],
     "api.exchange.coinbase.com": [
      "coinbase"
     ],
     "api.gemini.com": [
      "gemini"
     ],
     "api.kraken.com": [
      "kraken"
     ],
     "coins.llama.fi": [
      "defillama"
     ],
     "ethereum-rpc.publicnode.com": [
      "chainlink"
     ],
     "www.bitstamp.net": [
      "bitstamp"
     ],
     "www.okx.com": [
      "okx_index",
      "okx_ticker"
     ]
    },
    "hosts": [
     "api-pub.bitfinex.com",
     "api.binance.com",
     "api.coingecko.com",
     "api.exchange.coinbase.com",
     "api.gemini.com",
     "api.kraken.com",
     "coins.llama.fi",
     "ethereum-rpc.publicnode.com",
     "www.bitstamp.net",
     "www.okx.com"
    ],
    "k_eff": 4,
    "k_eff_is_upper_bound": false,
    "k_eff_note": "k_eff = nombre de classes de la partition R2 measured (§5.6)",
    "k_nominal": 10,
    "merge_reasons": [
     {
      "asn": 13335,
      "axis": "asn_measured",
      "holder": "CLOUDFLARENET - Cloudflare, Inc.",
      "hosts": [
       "api-pub.bitfinex.com",
       "api.coingecko.com",
       "api.exchange.coinbase.com",
       "api.kraken.com",
       "coins.llama.fi",
       "ethereum-rpc.publicnode.com",
       "www.okx.com"
      ]
     }
    ],
    "n_unattributed": 0,
    "unattributed": []
   },
   "pool": [
    "binance",
    "coinbase",
    "kraken",
    "okx_ticker",
    "okx_index",
    "bitstamp",
    "gemini",
    "bitfinex",
    "coingecko",
    "defillama",
    "chainlink"
   ],
   "residus_asn": [
    "1. Fronting CDN/anycast : l'IP observée est la couche de LIVRAISON, pas l'origine. Côté origine, le regroupement peut être un faux positif ; côté livraison, le mode commun est réel (une panne du CDN partagé co-interrompt les chemins). Le certificat dit laquelle il compte — k_eff ici est « côté livraison ».",
    "2. Même ASN ≠ même opérateur ; ASN distincts ≠ opérateurs distincts.",
    "3. Mono-vantage : re-mesure depuis un seul point d'observation. v0 : UN résolveur par relevé (Cloudflare DoH-JSON, `cloudflare-dns.com` = le résolveur 1.1.1.1 de §4.1) — le résolveur EXACT est journalisé par enregistrement (champ `resolver`, auditable). La sonde MULTI-résolveurs de familles distinctes et multi-vantage prescrite par 10 §4.1 reste DUE au lancement de campagne (endpoints par famille à établir sur pièce — Google = dns.google/resolve, Quad9 dédié — plan §2 [C3]) ; écart au design nommé, jamais prétendu comblé.",
    "4. Instantanéité : TTL court ; l'attribution est un instantané daté, re-mesuré à chaque quorum (une divergence d'ASN entre deux relevés du même hôte est publiée, jamais écrasée en silence).",
    "5. Le chemin de mesure appartient à la classe mesurée : la résolution passe par un résolveur (Cloudflare `cloudflare-dns.com`) pour mesurer une dépendance à Cloudflare. Atténuation v0 : attribution croisée sur 2 bases BGP — la jambe RIPEstat va en HTTPS DIRECT vers stat.ripe.net (hors-résolveur). Les résolveurs de familles distinctes sont DUS à la campagne (résidu 3, plan §2 [C3]). En v0 les DEUX étapes DNS (A et Cymru TXT) transitent par le résolveur Cloudflare — le résidu est à son MAXIMUM, publié.",
    "6. RIPEstat et Team Cymru sont eux-mêmes des témoins (vues BGP, registres) ; leur concordance est une observation, pas une décharge — portée par A(asn-attribution) au registre (08 §8).",
    "7. La chaîne CNAME est un fait daté : un CNAME déterministe aujourd'hui peut changer demain."
   ]
  },
  "segment": {
   "n_fixe": 38600,
   "t0": 1787770800
  }
 }
}
